:0200000460009A
:100000004643464200000156000000000101020084
:1000100000000000000000000000000000000000E0
:1000200000000000000000000000000000000000D0
:1000300000000000000000000000000000000000C0
:1000400000000000010406010000000000000000A4
:100050000000200000000000000000000000000080
:100060000000000000000000000000000000000090
:100070000000000000000000000000000000000080
:10008000EB04180AFF1E04320126000000000000E5
:100090000000000000000000000000000000000060
:1000A0000000000000000000000000000000000050
:1000B0000000000000000000000000000000000040
:1000C0000000000000000000000000000000000030
:1000D0000000000000000000000000000000000020
:1000E0000000000000000000000000000000000010
:1000F0000000000000000000000000000000000000
:1001000000000000000000000000000000000000EF
:1001100000000000000000000000000000000000DF
:1001200000000000000000000000000000000000CF
:1001300000000000000000000000000000000000BF
:1001400000000000000000000000000000000000AF
:10015000000000000000000000000000000000009F
:10016000000000000000000000000000000000008F
:10017000000000000000000000000000000000007F
:10018000000000000000000000000000000000006F
:10019000000000000000000000000000000000005F
:1001A000000000000000000000000000000000004F
:1001B000000000000000000000000000000000003F
:1001C000000100000010000001000000000000001D
:1001D000000001000000000000000000000000001E
:1001E000000000000000000000000000000000000F
:1001F00000000000000000000000000000000000FF
:10020000FFFFFFFFFFFFFFFFFFFFFFFFFFFFFFFFFE
:10021000FFFFFFFFFFFFFFFFFFFFFFFFFFFFFFFFEE
:10022000FFFFFFFFFFFFFFFFFFFFFFFFFFFFFFFFDE
:10023000FFFFFFFFFFFFFFFFFFFFFFFFFFFFFFFFCE
:10024000FFFFFFFFFFFFFFFFFFFFFFFFFFFFFFFFBE
:10025000FFFFFFFFFFFFFFFFFFFFFFFFFFFFFFFFAE
:10026000FFFFFFFFFFFFFFFFFFFFFFFFFFFFFFFF9E
:10027000FFFFFFFFFFFFFFFFFFFFFFFFFFFFFFFF8E
:10028000FFFFFFFFFFFFFFFFFFFFFFFFFFFFFFFF7E
:10029000FFFFFFFFFFFFFFFFFFFFFFFFFFFFFFFF6E
:1002A000FFFFFFFFFFFFFFFFFFFFFFFFFFFFFFFF5E
:1002B000FFFFFFFFFFFFFFFFFFFFFFFFFFFFFFFF4E
:1002C000FFFFFFFFFFFFFFFFFFFFFFFFFFFFFFFF3E
:1002D000FFFFFFFFFFFFFFFFFFFFFFFFFFFFFFFF2E
:1002E000FFFFFFFFFFFFFFFFFFFFFFFFFFFFFFFF1E
:1002F000FFFFFFFFFFFFFFFFFFFFFFFFFFFFFFFF0E
:10030000FFFFFFFFFFFFFFFFFFFFFFFFFFFFFFFFFD
:10031000FFFFFFFFFFFFFFFFFFFFFFFFFFFFFFFFED
:10032000FFFFFFFFFFFFFFFFFFFFFFFFFFFFFFFFDD
:10033000FFFFFFFFFFFFFFFFFFFFFFFFFFFFFFFFCD
:10034000FFFFFFFFFFFFFFFFFFFFFFFFFFFFFFFFBD
:10035000FFFFFFFFFFFFFFFFFFFFFFFFFFFFFFFFAD
:10036000FFFFFFFFFFFFFFFFFFFFFFFFFFFFFFFF9D
:10037000FFFFFFFFFFFFFFFFFFFFFFFFFFFFFFFF8D
:10038000FFFFFFFFFFFFFFFFFFFFFFFFFFFFFFFF7D
:10039000FFFFFFFFFFFFFFFFFFFFFFFFFFFFFFFF6D
:1003A000FFFFFFFFFFFFFFFFFFFFFFFFFFFFFFFF5D
:1003B000FFFFFFFFFFFFFFFFFFFFFFFFFFFFFFFF4D
:1003C000FFFFFFFFFFFFFFFFFFFFFFFFFFFFFFFF3D
:1003D000FFFFFFFFFFFFFFFFFFFFFFFFFFFFFFFF2D
:1003E000FFFFFFFFFFFFFFFFFFFFFFFFFFFFFFFF1D
:1003F000FFFFFFFFFFFFFFFFFFFFFFFFFFFFFFFF0D
:10040000FFFFFFFFFFFFFFFFFFFFFFFFFFFFFFFFFC
:10041000FFFFFFFFFFFFFFFFFFFFFFFFFFFFFFFFEC
:10042000FFFFFFFFFFFFFFFFFFFFFFFFFFFFFFFFDC
:10043000FFFFFFFFFFFFFFFFFFFFFFFFFFFFFFFFCC
:10044000FFFFFFFFFFFFFFFFFFFFFFFFFFFFFFFFBC
:10045000FFFFFFFFFFFFFFFFFFFFFFFFFFFFFFFFAC
:10046000FFFFFFFFFFFFFFFFFFFFFFFFFFFFFFFF9C
:10047000FFFFFFFFFFFFFFFFFFFFFFFFFFFFFFFF8C
:10048000FFFFFFFFFFFFFFFFFFFFFFFFFFFFFFFF7C
:10049000FFFFFFFFFFFFFFFFFFFFFFFFFFFFFFFF6C
:1004A000FFFFFFFFFFFFFFFFFFFFFFFFFFFFFFFF5C
:1004B000FFFFFFFFFFFFFFFFFFFFFFFFFFFFFFFF4C
:1004C000FFFFFFFFFFFFFFFFFFFFFFFFFFFFFFFF3C
:1004D000FFFFFFFFFFFFFFFFFFFFFFFFFFFFFFFF2C
:1004E000FFFFFFFFFFFFFFFFFFFFFFFFFFFFFFFF1C
:1004F000FFFFFFFFFFFFFFFFFFFFFFFFFFFFFFFF0C
:10050000FFFFFFFFFFFFFFFFFFFFFFFFFFFFFFFFFB
:10051000FFFFFFFFFFFFFFFFFFFFFFFFFFFFFFFFEB
:10052000FFFFFFFFFFFFFFFFFFFFFFFFFFFFFFFFDB
:10053000FFFFFFFFFFFFFFFFFFFFFFFFFFFFFFFFCB
:10054000FFFFFFFFFFFFFFFFFFFFFFFFFFFFFFFFBB
:10055000FFFFFFFFFFFFFFFFFFFFFFFFFFFFFFFFAB
:10056000FFFFFFFFFFFFFFFFFFFFFFFFFFFFFFFF9B
:10057000FFFFFFFFFFFFFFFFFFFFFFFFFFFFFFFF8B
:10058000FFFFFFFFFFFFFFFFFFFFFFFFFFFFFFFF7B
:10059000FFFFFFFFFFFFFFFFFFFFFFFFFFFFFFFF6B
:1005A000FFFFFFFFFFFFFFFFFFFFFFFFFFFFFFFF5B
:1005B000FFFFFFFFFFFFFFFFFFFFFFFFFFFFFFFF4B
:1005C000FFFFFFFFFFFFFFFFFFFFFFFFFFFFFFFF3B
:1005D000FFFFFFFFFFFFFFFFFFFFFFFFFFFFFFFF2B
:1005E000FFFFFFFFFFFFFFFFFFFFFFFFFFFFFFFF1B
:1005F000FFFFFFFFFFFFFFFFFFFFFFFFFFFFFFFF0B
:10060000FFFFFFFFFFFFFFFFFFFFFFFFFFFFFFFFFA
:10061000FFFFFFFFFFFFFFFFFFFFFFFFFFFFFFFFEA
:10062000FFFFFFFFFFFFFFFFFFFFFFFFFFFFFFFFDA
:10063000FFFFFFFFFFFFFFFFFFFFFFFFFFFFFFFFCA
:10064000FFFFFFFFFFFFFFFFFFFFFFFFFFFFFFFFBA
:10065000FFFFFFFFFFFFFFFFFFFFFFFFFFFFFFFFAA
:10066000FFFFFFFFFFFFFFFFFFFFFFFFFFFFFFFF9A
:10067000FFFFFFFFFFFFFFFFFFFFFFFFFFFFFFFF8A
:10068000FFFFFFFFFFFFFFFFFFFFFFFFFFFFFFFF7A
:10069000FFFFFFFFFFFFFFFFFFFFFFFFFFFFFFFF6A
:1006A000FFFFFFFFFFFFFFFFFFFFFFFFFFFFFFFF5A
:1006B000FFFFFFFFFFFFFFFFFFFFFFFFFFFFFFFF4A
:1006C000FFFFFFFFFFFFFFFFFFFFFFFFFFFFFFFF3A
:1006D000FFFFFFFFFFFFFFFFFFFFFFFFFFFFFFFF2A
:1006E000FFFFFFFFFFFFFFFFFFFFFFFFFFFFFFFF1A
:1006F000FFFFFFFFFFFFFFFFFFFFFFFFFFFFFFFF0A
:10070000FFFFFFFFFFFFFFFFFFFFFFFFFFFFFFFFF9
:10071000FFFFFFFFFFFFFFFFFFFFFFFFFFFFFFFFE9
:10072000FFFFFFFFFFFFFFFFFFFFFFFFFFFFFFFFD9
:10073000FFFFFFFFFFFFFFFFFFFFFFFFFFFFFFFFC9
:10074000FFFFFFFFFFFFFFFFFFFFFFFFFFFFFFFFB9
:10075000FFFFFFFFFFFFFFFFFFFFFFFFFFFFFFFFA9
:10076000FFFFFFFFFFFFFFFFFFFFFFFFFFFFFFFF99
:10077000FFFFFFFFFFFFFFFFFFFFFFFFFFFFFFFF89
:10078000FFFFFFFFFFFFFFFFFFFFFFFFFFFFFFFF79
:10079000FFFFFFFFFFFFFFFFFFFFFFFFFFFFFFFF69
:1007A000FFFFFFFFFFFFFFFFFFFFFFFFFFFFFFFF59
:1007B000FFFFFFFFFFFFFFFFFFFFFFFFFFFFFFFF49
:1007C000FFFFFFFFFFFFFFFFFFFFFFFFFFFFFFFF39
:1007D000FFFFFFFFFFFFFFFFFFFFFFFFFFFFFFFF29
:1007E000FFFFFFFFFFFFFFFFFFFFFFFFFFFFFFFF19
:1007F000FFFFFFFFFFFFFFFFFFFFFFFFFFFFFFFF09
:10080000FFFFFFFFFFFFFFFFFFFFFFFFFFFFFFFFF8
:10081000FFFFFFFFFFFFFFFFFFFFFFFFFFFFFFFFE8
:10082000FFFFFFFFFFFFFFFFFFFFFFFFFFFFFFFFD8
:10083000FFFFFFFFFFFFFFFFFFFFFFFFFFFFFFFFC8
:10084000FFFFFFFFFFFFFFFFFFFFFFFFFFFFFFFFB8
:10085000FFFFFFFFFFFFFFFFFFFFFFFFFFFFFFFFA8
:10086000FFFFFFFFFFFFFFFFFFFFFFFFFFFFFFFF98
:10087000FFFFFFFFFFFFFFFFFFFFFFFFFFFFFFFF88
:10088000FFFFFFFFFFFFFFFFFFFFFFFFFFFFFFFF78
:10089000FFFFFFFFFFFFFFFFFFFFFFFFFFFFFFFF68
:1008A000FFFFFFFFFFFFFFFFFFFFFFFFFFFFFFFF58
:1008B000FFFFFFFFFFFFFFFFFFFFFFFFFFFFFFFF48
:1008C000FFFFFFFFFFFFFFFFFFFFFFFFFFFFFFFF38
:1008D000FFFFFFFFFFFFFFFFFFFFFFFFFFFFFFFF28
:1008E000FFFFFFFFFFFFFFFFFFFFFFFFFFFFFFFF18
:1008F000FFFFFFFFFFFFFFFFFFFFFFFFFFFFFFFF08
:10090000FFFFFFFFFFFFFFFFFFFFFFFFFFFFFFFFF7
:10091000FFFFFFFFFFFFFFFFFFFFFFFFFFFFFFFFE7
:10092000FFFFFFFFFFFFFFFFFFFFFFFFFFFFFFFFD7
:10093000FFFFFFFFFFFFFFFFFFFFFFFFFFFFFFFFC7
:10094000FFFFFFFFFFFFFFFFFFFFFFFFFFFFFFFFB7
:10095000FFFFFFFFFFFFFFFFFFFFFFFFFFFFFFFFA7
:10096000FFFFFFFFFFFFFFFFFFFFFFFFFFFFFFFF97
:10097000FFFFFFFFFFFFFFFFFFFFFFFFFFFFFFFF87
:10098000FFFFFFFFFFFFFFFFFFFFFFFFFFFFFFFF77
:10099000FFFFFFFFFFFFFFFFFFFFFFFFFFFFFFFF67
:1009A000FFFFFFFFFFFFFFFFFFFFFFFFFFFFFFFF57
:1009B000FFFFFFFFFFFFFFFFFFFFFFFFFFFFFFFF47
:1009C000FFFFFFFFFFFFFFFFFFFFFFFFFFFFFFFF37
:1009D000FFFFFFFFFFFFFFFFFFFFFFFFFFFFFFFF27
:1009E000FFFFFFFFFFFFFFFFFFFFFFFFFFFFFFFF17
:1009F000FFFFFFFFFFFFFFFFFFFFFFFFFFFFFFFF07
:100A0000FFFFFFFFFFFFFFFFFFFFFFFFFFFFFFFFF6
:100A1000FFFFFFFFFFFFFFFFFFFFFFFFFFFFFFFFE6
:100A2000FFFFFFFFFFFFFFFFFFFFFFFFFFFFFFFFD6
:100A3000FFFFFFFFFFFFFFFFFFFFFFFFFFFFFFFFC6
:100A4000FFFFFFFFFFFFFFFFFFFFFFFFFFFFFFFFB6
:100A5000FFFFFFFFFFFFFFFFFFFFFFFFFFFFFFFFA6
:100A6000FFFFFFFFFFFFFFFFFFFFFFFFFFFFFFFF96
:100A7000FFFFFFFFFFFFFFFFFFFFFFFFFFFFFFFF86
:100A8000FFFFFFFFFFFFFFFFFFFFFFFFFFFFFFFF76
:100A9000FFFFFFFFFFFFFFFFFFFFFFFFFFFFFFFF66
:100AA000FFFFFFFFFFFFFFFFFFFFFFFFFFFFFFFF56
:100AB000FFFFFFFFFFFFFFFFFFFFFFFFFFFFFFFF46
:100AC000FFFFFFFFFFFFFFFFFFFFFFFFFFFFFFFF36
:100AD000FFFFFFFFFFFFFFFFFFFFFFFFFFFFFFFF26
:100AE000FFFFFFFFFFFFFFFFFFFFFFFFFFFFFFFF16
:100AF000FFFFFFFFFFFFFFFFFFFFFFFFFFFFFFFF06
:100B0000FFFFFFFFFFFFFFFFFFFFFFFFFFFFFFFFF5
:100B1000FFFFFFFFFFFFFFFFFFFFFFFFFFFFFFFFE5
:100B2000FFFFFFFFFFFFFFFFFFFFFFFFFFFFFFFFD5
:100B3000FFFFFFFFFFFFFFFFFFFFFFFFFFFFFFFFC5
:100B4000FFFFFFFFFFFFFFFFFFFFFFFFFFFFFFFFB5
:100B5000FFFFFFFFFFFFFFFFFFFFFFFFFFFFFFFFA5
:100B6000FFFFFFFFFFFFFFFFFFFFFFFFFFFFFFFF95
:100B7000FFFFFFFFFFFFFFFFFFFFFFFFFFFFFFFF85
:100B8000FFFFFFFFFFFFFFFFFFFFFFFFFFFFFFFF75
:100B9000FFFFFFFFFFFFFFFFFFFFFFFFFFFFFFFF65
:100BA000FFFFFFFFFFFFFFFFFFFFFFFFFFFFFFFF55
:100BB000FFFFFFFFFFFFFFFFFFFFFFFFFFFFFFFF45
:100BC000FFFFFFFFFFFFFFFFFFFFFFFFFFFFFFFF35
:100BD000FFFFFFFFFFFFFFFFFFFFFFFFFFFFFFFF25
:100BE000FFFFFFFFFFFFFFFFFFFFFFFFFFFFFFFF15
:100BF000FFFFFFFFFFFFFFFFFFFFFFFFFFFFFFFF05
:100C0000FFFFFFFFFFFFFFFFFFFFFFFFFFFFFFFFF4
:100C1000FFFFFFFFFFFFFFFFFFFFFFFFFFFFFFFFE4
:100C2000FFFFFFFFFFFFFFFFFFFFFFFFFFFFFFFFD4
:100C3000FFFFFFFFFFFFFFFFFFFFFFFFFFFFFFFFC4
:100C4000FFFFFFFFFFFFFFFFFFFFFFFFFFFFFFFFB4
:100C5000FFFFFFFFFFFFFFFFFFFFFFFFFFFFFFFFA4
:100C6000FFFFFFFFFFFFFFFFFFFFFFFFFFFFFFFF94
:100C7000FFFFFFFFFFFFFFFFFFFFFFFFFFFFFFFF84
:100C8000FFFFFFFFFFFFFFFFFFFFFFFFFFFFFFFF74
:100C9000FFFFFFFFFFFFFFFFFFFFFFFFFFFFFFFF64
:100CA000FFFFFFFFFFFFFFFFFFFFFFFFFFFFFFFF54
:100CB000FFFFFFFFFFFFFFFFFFFFFFFFFFFFFFFF44
:100CC000FFFFFFFFFFFFFFFFFFFFFFFFFFFFFFFF34
:100CD000FFFFFFFFFFFFFFFFFFFFFFFFFFFFFFFF24
:100CE000FFFFFFFFFFFFFFFFFFFFFFFFFFFFFFFF14
:100CF000FFFFFFFFFFFFFFFFFFFFFFFFFFFFFFFF04
:100D0000FFFFFFFFFFFFFFFFFFFFFFFFFFFFFFFFF3
:100D1000FFFFFFFFFFFFFFFFFFFFFFFFFFFFFFFFE3
:100D2000FFFFFFFFFFFFFFFFFFFFFFFFFFFFFFFFD3
:100D3000FFFFFFFFFFFFFFFFFFFFFFFFFFFFFFFFC3
:100D4000FFFFFFFFFFFFFFFFFFFFFFFFFFFFFFFFB3
:100D5000FFFFFFFFFFFFFFFFFFFFFFFFFFFFFFFFA3
:100D6000FFFFFFFFFFFFFFFFFFFFFFFFFFFFFFFF93
:100D7000FFFFFFFFFFFFFFFFFFFFFFFFFFFFFFFF83
:100D8000FFFFFFFFFFFFFFFFFFFFFFFFFFFFFFFF73
:100D9000FFFFFFFFFFFFFFFFFFFFFFFFFFFFFFFF63
:100DA000FFFFFFFFFFFFFFFFFFFFFFFFFFFFFFFF53
:100DB000FFFFFFFFFFFFFFFFFFFFFFFFFFFFFFFF43
:100DC000FFFFFFFFFFFFFFFFFFFFFFFFFFFFFFFF33
:100DD000FFFFFFFFFFFFFFFFFFFFFFFFFFFFFFFF23
:100DE000FFFFFFFFFFFFFFFFFFFFFFFFFFFFFFFF13
:100DF000FFFFFFFFFFFFFFFFFFFFFFFFFFFFFFFF03
:100E0000FFFFFFFFFFFFFFFFFFFFFFFFFFFFFFFFF2
:100E1000FFFFFFFFFFFFFFFFFFFFFFFFFFFFFFFFE2
:100E2000FFFFFFFFFFFFFFFFFFFFFFFFFFFFFFFFD2
:100E3000FFFFFFFFFFFFFFFFFFFFFFFFFFFFFFFFC2
:100E4000FFFFFFFFFFFFFFFFFFFFFFFFFFFFFFFFB2
:100E5000FFFFFFFFFFFFFFFFFFFFFFFFFFFFFFFFA2
:100E6000FFFFFFFFFFFFFFFFFFFFFFFFFFFFFFFF92
:100E7000FFFFFFFFFFFFFFFFFFFFFFFFFFFFFFFF82
:100E8000FFFFFFFFFFFFFFFFFFFFFFFFFFFFFFFF72
:100E9000FFFFFFFFFFFFFFFFFFFFFFFFFFFFFFFF62
:100EA000FFFFFFFFFFFFFFFFFFFFFFFFFFFFFFFF52
:100EB000FFFFFFFFFFFFFFFFFFFFFFFFFFFFFFFF42
:100EC000FFFFFFFFFFFFFFFFFFFFFFFFFFFFFFFF32
:100ED000FFFFFFFFFFFFFFFFFFFFFFFFFFFFFFFF22
:100EE000FFFFFFFFFFFFFFFFFFFFFFFFFFFFFFFF12
:100EF000FFFFFFFFFFFFFFFFFFFFFFFFFFFFFFFF02
:100F0000FFFFFFFFFFFFFFFFFFFFFFFFFFFFFFFFF1
:100F1000FFFFFFFFFFFFFFFFFFFFFFFFFFFFFFFFE1
:100F2000FFFFFFFFFFFFFFFFFFFFFFFFFFFFFFFFD1
:100F3000FFFFFFFFFFFFFFFFFFFFFFFFFFFFFFFFC1
:100F4000FFFFFFFFFFFFFFFFFFFFFFFFFFFFFFFFB1
:100F5000FFFFFFFFFFFFFFFFFFFFFFFFFFFFFFFFA1
:100F6000FFFFFFFFFFFFFFFFFFFFFFFFFFFFFFFF91
:100F7000FFFFFFFFFFFFFFFFFFFFFFFFFFFFFFFF81
:100F8000FFFFFFFFFFFFFFFFFFFFFFFFFFFFFFFF71
:100F9000FFFFFFFFFFFFFFFFFFFFFFFFFFFFFFFF61
:100FA000FFFFFFFFFFFFFFFFFFFFFFFFFFFFFFFF51
:100FB000FFFFFFFFFFFFFFFFFFFFFFFFFFFFFFFF41
:100FC000FFFFFFFFFFFFFFFFFFFFFFFFFFFFFFFF31
:100FD000FFFFFFFFFFFFFFFFFFFFFFFFFFFFFFFF21
:100FE000FFFFFFFFFFFFFFFFFFFFFFFFFFFFFFFF11
:100FF000FFFFFFFFFFFFFFFFFFFFFFFFFFFFFFFF01
:10100000D1002043ED15006000000000000000004A
:10101000201000600010006000400260000000002E
:1010200000000060004C020000000000FFFFFFFF16
:10103000FFFFFFFFFFFFFFFFFFFFFFFFFFFFFFFFC0
:10104000FFFFFFFFFFFFFFFFFFFFFFFFFFFFFFFFB0
:10105000FFFFFFFFFFFFFFFFFFFFFFFFFFFFFFFFA0
:10106000FFFFFFFFFFFFFFFFFFFFFFFFFFFFFFFF90
:10107000FFFFFFFFFFFFFFFFFFFFFFFFFFFFFFFF80
:10108000FFFFFFFFFFFFFFFFFFFFFFFFFFFFFFFF70
:10109000FFFFFFFFFFFFFFFFFFFFFFFFFFFFFFFF60
:1010A000FFFFFFFFFFFFFFFFFFFFFFFFFFFFFFFF50
:1010B000FFFFFFFFFFFFFFFFFFFFFFFFFFFFFFFF40
:1010C000FFFFFFFFFFFFFFFFFFFFFFFFFFFFFFFF30
:1010D000FFFFFFFFFFFFFFFFFFFFFFFFFFFFFFFF20
:1010E000FFFFFFFFFFFFFFFFFFFFFFFFFFFFFFFF10
:1010F000FFFFFFFFFFFFFFFFFFFFFFFFFFFFFFFF00
:10110000FFFFFFFFFFFFFFFFFFFFFFFFFFFFFFFFEF
:10111000FFFFFFFFFFFFFFFFFFFFFFFFFFFFFFFFDF
:10112000FFFFFFFFFFFFFFFFFFFFFFFFFFFFFFFFCF
:10113000FFFFFFFFFFFFFFFFFFFFFFFFFFFFFFFFBF
:10114000FFFFFFFFFFFFFFFFFFFFFFFFFFFFFFFFAF
:10115000FFFFFFFFFFFFFFFFFFFFFFFFFFFFFFFF9F
:10116000FFFFFFFFFFFFFFFFFFFFFFFFFFFFFFFF8F
:10117000FFFFFFFFFFFFFFFFFFFFFFFFFFFFFFFF7F
:10118000FFFFFFFFFFFFFFFFFFFFFFFFFFFFFFFF6F
:10119000FFFFFFFFFFFFFFFFFFFFFFFFFFFFFFFF5F
:1011A000FFFFFFFFFFFFFFFFFFFFFFFFFFFFFFFF4F
:1011B000FFFFFFFFFFFFFFFFFFFFFFFFFFFFFFFF3F
:1011C000FFFFFFFFFFFFFFFFFFFFFFFFFFFFFFFF2F
:1011D000FFFFFFFFFFFFFFFFFFFFFFFFFFFFFFFF1F
:1011E000FFFFFFFFFFFFFFFFFFFFFFFFFFFFFFFF0F
:1011F000FFFFFFFFFFFFFFFFFFFFFFFFFFFFFFFFFF
:10120000FFFFFFFFFFFFFFFFFFFFFFFFFFFFFFFFEE
:10121000FFFFFFFFFFFFFFFFFFFFFFFFFFFFFFFFDE
:10122000FFFFFFFFFFFFFFFFFFFFFFFFFFFFFFFFCE
:10123000FFFFFFFFFFFFFFFFFFFFFFFFFFFFFFFFBE
:10124000FFFFFFFFFFFFFFFFFFFFFFFFFFFFFFFFAE
:10125000FFFFFFFFFFFFFFFFFFFFFFFFFFFFFFFF9E
:10126000FFFFFFFFFFFFFFFFFFFFFFFFFFFFFFFF8E
:10127000FFFFFFFFFFFFFFFFFFFFFFFFFFFFFFFF7E
:10128000FFFFFFFFFFFFFFFFFFFFFFFFFFFFFFFF6E
:10129000FFFFFFFFFFFFFFFFFFFFFFFFFFFFFFFF5E
:1012A000FFFFFFFFFFFFFFFFFFFFFFFFFFFFFFFF4E
:1012B000FFFFFFFFFFFFFFFFFFFFFFFFFFFFFFFF3E
:1012C000FFFFFFFFFFFFFFFFFFFFFFFFFFFFFFFF2E
:1012D000FFFFFFFFFFFFFFFFFFFFFFFFFFFFFFFF1E
:1012E000FFFFFFFFFFFFFFFFFFFFFFFFFFFFFFFF0E
:1012F000FFFFFFFFFFFFFFFFFFFFFFFFFFFFFFFFFE
:10130000FFFFFFFFFFFFFFFFFFFFFFFFFFFFFFFFED
:10131000FFFFFFFFFFFFFFFFFFFFFFFFFFFFFFFFDD
:10132000FFFFFFFFFFFFFFFFFFFFFFFFFFFFFFFFCD
:10133000FFFFFFFFFFFFFFFFFFFFFFFFFFFFFFFFBD
:10134000FFFFFFFFFFFFFFFFFFFFFFFFFFFFFFFFAD
:10135000FFFFFFFFFFFFFFFFFFFFFFFFFFFFFFFF9D
:10136000FFFFFFFFFFFFFFFFFFFFFFFFFFFFFFFF8D
:10137000FFFFFFFFFFFFFFFFFFFFFFFFFFFFFFFF7D
:10138000FFFFFFFFFFFFFFFFFFFFFFFFFFFFFFFF6D
:10139000FFFFFFFFFFFFFFFFFFFFFFFFFFFFFFFF5D
:1013A000FFFFFFFFFFFFFFFFFFFFFFFFFFFFFFFF4D
:1013B000FFFFFFFFFFFFFFFFFFFFFFFFFFFFFFFF3D
:1013C000FFFFFFFFFFFFFFFFFFFFFFFFFFFFFFFF2D
:1013D000FFFFFFFFFFFFFFFFFFFFFFFFFFFFFFFF1D
:1013E000FFFFFFFFFFFFFFFFFFFFFFFFFFFFFFFF0D
:1013F000FFFFFFFFFFFFFFFFFFFFFFFFFFFFFFFFFD
:10140000824205D051F8043B40F8043B8242F9D8AF
:10141000704700BF044A05494FF0000342F8043BFF
:101420009142FBD8704700BFC0060120A0A4032052
:1014300080B5BFF34F8F00F093F9534C534B082006
:101440005349C3F85401534AC3F800115248C3F832
:10145000F0405249FFF7D4FF514A52495248FFF732
:10146000CFFF524CFFF7D6FF4FF470004FF0E02152
:1014700000234F4AC1F8880D44F823200133B02BD4
:10148000FAD14C4B80214C4A03F8011B9342FBD10B
:101490004FF0E025494F4A4A4FF0FF31C5F8084D5B
:1014A0000026D5F8243D43F4E023C5F8243DFB692C
:1014B00023F07F0343F04003FB617B6A23F07F034B
:1014C00043F040037B629166D1661167516700F07B
:1014D0004FF93C4B63223C49A3633C4BE36303233A
:1014E0006A613B4AAE612B61C5F8202DD5F8FC2D11
:1014F000384B42F08072C5F8FC2D1A6842F00102A8
:101500001A605B680B6000F0BDF9334800F05CFBCB
:10151000F96E324B324A41F44051F9661E60C3F80D
:101520000861C3F81861C3F82861C3F83861936B88
:10153000DB0708D442F615632A4951651365936B9E
:1015400043F001039363264A274C936843F0011349
:10155000936000F0FBFA00F033FB00F0C1F900F0FB
:1015600001F92368132BFCD900F052FA2368B3F574
:10157000967FFBD300F0FAF800F0F6F800F02CFBB1
:1015800000F01AFB30BFFDE70C0D111300800D4079
:101590001B101820281A010000000000901D006098
:1015A000C0060120BC3701600000002000040120BB
:1015B00095D7000000E400E0A0E400E000C00F4088
:1015C00000C00A40EDCC000008A40320F1CC0000CC
:1015D00000002020001000E00046C3230040084027
:1015E00000400D400000C0560CA40320054B4FF4F2
:1015F0002A01054A05485A641864054A99639546C4
:10160000FFF716FF00C00A40BFAAAAAA07002000E1
:10161000008006201BB9124B1B6F9B041ED400F0E8
:101620003F000F4B22F0604221F0604140F48910EE
:101630001867C3F88010C3F890201A6F22F4805204
:101640001A671A6F002AFCDAD3F87011054A0A40AB
:10165000C3F870211A6F22F480321A67704700BFF6
:1016600000800D40FF7F7FFFB1F5607FF0B50E4633
:101670008DB028BF4FF460760F46054672B62E4BEC
:1016800000247022186021462C4B2D481C8000F04D
:10169000AFFACFB121462A484FF0010C4A0901F0B8
:1016A0001F03013150F822400CFA03F38E4243EA43
:1016B000040340F82230F1D8284600234380013348
:1016C00000F582709E42F9D81E4C257815B162B69D
:1016D0000DB0F0BD082000F07BFA1B4B80220646BF
:1016E000009302A90693194B0271056008A80293A2
:1016F00000F07AFA06A9164A304600F059FA069B1D
:1017000008A8DB689847009B02A8DB689847237805
:10171000002BDCD10F4B104AC3F858210F49D020C1
:101720004FF0E023402281F84600C3F8082101234E
:10173000237062B60DB0F0BDD85C022032A4032045
:10174000E05C02204EA40320747F00205DCA0000EC
:101750001B1001000004012069CA000000E400E041
:10176000704700BF704700BF704700BF00BF7047A1
:1017700010B44FF0E023002110243248C3F8941D28
:10178000C3F89C4D1124C3F8A00D2F48C3F89C4DFD
:101790001224C3F8A00D2D48C3F89C4D2C4AC3F861
:1017A000A00D2C4C42F015022B48C3F89C4DC3F8F9
:1017B000A00D2A4C2A48C3F89C4DC3F8A00D294C13
:1017C000C3F89C2D2848294AC3F8A04DC3F89C0DA6
:1017D000C3F8A02D02F5A022254C0C322548C3F8F1
:1017E0009C4DC3F8A02D244AC3F89C0DC3F8A02D2E
:1017F00002F14062214C02322148C3F89C4DC3F8EB
:10180000A02D0A32C3F89C0DC3F8A02D00BF00BF65
:1018100000BF00BF00BF0122C3F8942DBFF34F8F5C
:10182000BFF36F8FC3F8501FBFF34F8FBFF36F8F9E
:10183000D3F8142D5DF8044B42F44032C3F8142D54
:10184000704700BF3F000010250008070900100086
:10185000A0A4032013002000210002071400002090
:1018600025000813090000101600202027000B1384
:1018700017000040180000602F000B0719000070CF
:101880001A000080F0B4154A40274FF480314FF41D
:1018900080564FF400554FF4404443F24200136920
:1018A00013F0020F0ED113F4005F0FD013F4805F1A
:1018B0000ED0002BF3DA13F4803F0BD15B060BD56F
:1018C000F0BC7047946151619061E8E75561E6E7CB
:1018D0005661E4E79161E2E75761E0E700800D407F
:1018E0003F4A03203F49F3EE095AD2F880304FF0C7
:1018F000000C9FED3D6A23F001039FED3C5A30B48C
:10190000C2F88030C2F89000D1F8E010384DCBB268
:10191000384C39482B6007EE903A0B0DC1F30B2180
:10192000F8EEE77A06EE903A07EE101A334BB8EE6F
:10193000C77A2160F8EEE66A314937EEC66A37EEBB
:10194000C55A76EEC76A77EEE57A26EE266AC3EDCB
:10195000006A25EE265AD2F8803067EEA64AC0ED1E
:10196000007AC6EE275A274885EE276AC4EEA76A92
:1019700075EE875AFCEEE55A36EE076A15EE904A88
:10198000BCEEC66A43EA045376EE877AC2F880302A
:1019900016EE103AD2F89041FCEEE77A01EA0341E4
:1019A000214317EE903AC2F89011C3F30B03D2F81B
:1019B00090110B431449C2F89031D2F8803043F0B3
:1019C0000203C2F88030114B80F840C0C1F84031AA
:1019D0004FF0E023012230BCC3F80821704700BF5C
:1019E00000810D4000441F400000AA420000B442A4
:1019F000F8A30320F4A30320FCA3032000A40320E6
:101A00000000FF0F00E400E00004012059D90000AD
:101A1000314B40F6617210B5C3F8202140F2044406
:101A200000F0DEF82D4A2E49D2F880302D4843F0E0
:101A30000303C2F880302C4BC1F8604102681A429F
:101A400003D1D1F8A8319A071BD0254A4FF00041A5
:101A5000244B5963D2F8403143F00203C2F84031BD
:101A6000D2F840319B07FBD44FF400304FF0E02117
:101A70001C4B4FF00042C1F88C0219209A6300F011
:101A8000BBF8184A4FF08040154C002190630A20A3
:101A9000164B11604FF42072C4F8A801184600F0EC
:101AA000A7F84FF4800203464FF4810040F243113F
:101AB0001860C4F858311A640D4B0E4AC4F8481126
:101AC000C3F804224FF0E0224FF400310123C2F8A2
:101AD0000C11C4F8403110BD00800D4000C00F4013
:101AE00000002E4000900D40001C1E000000002051
:101AF0000004012041DB000008B50E4B1B6E9B0764
:101B000000D4FBBE72B60C4B00200C4AC3F8400157
:101B100003F160430A49A3F55F2311649D46BFF3B7
:101B20004F8F4FF400130748074ADB6902609B6838
:101B3000984700BF00441F4000002E4000C00A40EC
:101B40000300200000802020000012EB104BA0209A
:101B5000104AD96E41F4403110B4D96640F237646E
:101B6000D96E41F44071D96654649064936C1B063D
:101B7000FCD4094A40F23761A02351649364936C0A
:101B800013F08003FBD1054A13705DF8044B7047D6
:101B900000C00F4000400C4000800C4056A40320C1
:101BA000F8B500BFF8BC08BC9E46704700000000B6
:101BB0005FF800F0C5CD00005FF800F04DD40000E4
:101BC0005FF800F07DD600005FF800F04DCF000018
:101BD0005FF800F091D500005FF800F03D150100BE
:101BE0005FF800F0B1E200005FF800F0D1CA000039
:101BF0005FF800F08D1401005FF800F069D200007A
:101C0000450000008D140000C1220000E9230000FF
:101C100001240000192400003124000049240000A0
:101C2000612400007924000091240000A924000010
:101C3000C1240000D9240000F1240000092500007F
:101C400021250000392500005125000069250000EC
:101C50008125000099250000CD250000E125000028
:101C6000F925000011260000292600004126000069
:101C70005539000081BA000071BB00005DBE000054
:081C800001C90000C9CE0000FB
:101C880016035500530042002000530065007200FF
:101C9800690061006C0000001803540065006500CD
:101CA8006E00730079006400750069006E006F00B3
:101CB8000403090409026200030100C032080B0092
:101CC80002020201000904000001020201000524C9
:101CD8000010010524010101042402060524060060
:101CE800010705820310001009040100020A000020
:101CF80000070503024000000705840240000009B0
:101D080004020002FF6AFF00070581024000010784
:101D1800050102400001000009026200030100C041
:101D280032080B000202020100090400000102024D
:101D38000100052400100105240101010424020604
:101D480005240600010705820310000509040100A7
:101D5800020A0000000705030200020007058402CA
:101D68000002000904020002FF6AC7000705810299
:101D78000002010705010200020100000A06000234
:081D8800EF0201400100000020
:101D90000000000000000000000000000000000043
:101DA0000000000000000000000000000000000033
:101DB0000548064B1B1AD90F01EBA301491002D0AD
:101DC000034B03B118477047C0060120C00601202D
:101DD0000000000008B5054B1BB105490548AFF3ED
:101DE0000080BDE80840FFF7E3BF00BF000000002F
:101DF00074A30320004C02609FED357B70B5002377
:101E0000002504469022436029468360F03040F864
:101E1000C43C682640F8C03C40F89C3C40F8983CE4
:101E200040F8F05C40F8745C00ED387B00ED367BE8
:101E300000ED2E7B00ED2C7B00ED247B00ED227B62
:101E400011F0ECF92946902204F5F87011F0E6F94A
:101E50002946902204F53C7011F0E0F929469022C1
:101E600004F57C7011F0DAF92946902204F59E60A1
:101E700011F0D4F92946902204F5BE6011F0CEF994
:101E80003246294604F51960C4F8805911F0C6F9A4
:101E90003246294604F5226011F0C0F9324629463F
:101EA00004F52B6011F0BAF93246294604F5346086
:101EB00011F0B4F93246294604F53D6011F0AEF94F
:101EC0003246294604F54660BDE8704011F0A6B9D7
:101ED00000000000000000004B4B1A68C36F013384
:101EE000C367002A00F0848007EE902AB7EE005BFB
:101EF000464AB8EE676B07EE903A454BB8EE677B03
:101F00002DE9F0412DED0A8B85EE068B414D00F158
:101F1000F004414F414E05F1480885EE07BB92EDB4
:101F2000006B93ED00AB9FED34CB9FED359B28EE1E
:101F3000068BB5EC010AB7EEC00A20EE080BB5EE31
:101F4000C00BF1EE10FA01D8B0EE4C0B94ED007B13
:101F500030EE070BA4EC020B20EE0B0B0FF0C8FDCC
:101F6000B6EC017AB7EEC77AB0EE4A6B27EE087B83
:101F7000A0EE096BB5EEC07BF1EE10FA84EDBE6BFE
:101F800001D8B0EE4C7B94ED3E6B37EE067B27EE2E
:101F90000B0B84ED3E7B0FF0ABFDB7EC017AB0EE9E
:101FA0004A6BB7EEC77AA0EE096B27EE087BB5EE59
:101FB000C07B84EDFE6BF1EE10FA01D8B0EE4C7BE5
:101FC00094ED7E6B37EE067B27EE0B0B84ED7E7B6C
:101FD0000FF08EFDB0EE4A7B04F59F634545A0EE01
:101FE000097B83ED007BA4D1BDEC0A8BBDE8F081B9
:101FF000704700BFAFF3008048AFBC9AF2D77A3E7B
:10200000294F38ED2C5F11408C480120E808012051
:1020100058F40020AC6A01202C6A0120AC69012030
:102020004B4B1A68D0F880390133C0F88039002A48
:1020300000F0828007EE902AB7EE005B454AB8EECA
:10204000676B07EE903A444BB8EE677B2DE9F041A1
:102050002DED0A8B85EE068B404D00F51964404F3F
:10206000404E05F1340885EE07BB92ED006B93ED11
:1020700000AB9FED33CB9FED349B28EE068BB5EC88
:10208000010AB7EEC00A20EE080BB5EEC00BF1EE68
:1020900010FA01D8B0EE4C0B94ED007B30EE070B3C
:1020A000A4EC020B20EE0B0B0FF022FDB6EC017A34
:1020B000B7EEC77AB0EE4A6B27EE087BA0EE096B4D
:1020C000B5EEC07BF1EE10FA84ED6A6B01D8B0EE8C
:1020D0004C7B94ED226B37EE067B27EE0B0B84EDE9
:1020E000227B0FF005FDB7EC017AB0EE4A6BB7EE3C
:1020F000C77AA0EE096B27EE087BB5EEC07B84EDB6
:102100008E6BF1EE10FA01D8B0EE4C7B94ED466B7D
:1021100037EE067B27EE0B0B84ED467B0FF0E8FCD9
:10212000B0EE4A7B4545A0EE097B84EDB27BA6D19B
:10213000BDEC0A8BBDE8F081704700BFAFF30080B3
:1021400048AFBC9AF2D77A3E294F38ED2C5F114048
:10215000F4AA0120E008012058F4002094B30120E3
:102160004CB3012004B3012090ED017AF7EEC07B5F
:10217000B5EE407A10B5F1EE10FA04462DED0A8B5B
:10218000B0EE419BB0EE428B00F0A280F4EEC77A35
:10219000F1EE10FA00F19C8094ED027AB5EE407AEF
:1021A000F1EE10FA00F09180F4EEC77AF1EE10FA39
:1021B00000F38B8094ED0B7AF7EEC97BB5EE407A95
:1021C000F1EE10FA7ED0F4EEC77AF1EE10FA79D47F
:1021D00094ED0C7AB5EE407AF1EE10FA6FD0F4EE91
:1021E000C77AF1EE10FA6ADC94ED157AF7EEC87B47
:1021F000B5EE407AF1EE10FA5ED0F4EEC77AF1EE69
:1022000010FA59D494ED167AB5EE407AF1EE10FA40
:1022100004D0F4EEC77AF1EE10FA01DDC4ED167ABF
:102220009FED2DCB9FED2EBB20EE0C0B0FF010FB86
:10223000B0EE40AB29EE0C0B94ED067B3AEE07AB0B
:1022400084ED06AB0FF004FBB0EE409B28EE0C0BC8
:1022500094ED107B39EE079B84ED109B0FF0F8FA9C
:102260002368B7EE005B013307EE903A2360B8EEC7
:10227000677B94ED1A8B85EE07CB30EE088B84EDEF
:102280001A8B2AEE0C0B0FF033FC20EE0B7B29EEA1
:102290000C0B84ED047B0FF02BFC20EE0B7B28EE67
:1022A0000C0B84ED0E7B0FF023FC20EE0B0BBDEC32
:1022B0000A8B84ED180B10BDC4ED157AA2E7C4EDAE
:1022C0000C7A91E7C4ED0B7A82E7C4ED027A71E7EC
:1022D000C4ED017A60E700BF2288885F1C79CD3F9A
:1022E000294F38ED2C5F11400B78002B56D0036836
:1022F00070B50446002B50D08368154642680E46E0
:10230000836200F59E61036B4262C26A0365C26428
:10231000836D426D83674267902290ED045B90ED80
:102320000E6B90ED187BB7EEC55BB7EEC66BB7EEE4
:10233000C77B80ED085A80ED126A80ED1C7A00F5AB
:10234000FE600CF053FF902204F57C7104F5DE6012
:102350000CF04CFF902204F5BE6104F50F600CF008
:1023600045FF682204F53D6104F5F1600CF03EFF85
:10237000682204F5346104F5D1600CF037FF68225F
:1023800004F5466104F688000CF030FF0023204677
:102390003370FFF731FD01232B8070BD704700BF04
:1023A000124B1B78E3B1124B124A1968124813689A
:1023B0000068CB1A834213D310B4104C11602378F9
:1023C0000133DBB2012B0CD90D4B00220D20197803
:1023D000227081F001015DF8044B19700CF08ABE87
:1023E000704723705DF8044B704700BF48A403207A
:1023F0000CA4032088480120DCF5002041A4032020
:102400004BA4032038B56FF060430B4400EBC30CC2
:10241000DCED007AF4EEC07A2DED048BF1EE10FACB
:1024200039D9013937D000231A4601E08B4232D224
:102430000132013300EBC204DBB294ED008AD50017
:102440001A46B4EEC80AF1EE10FAEFD8083DB7EE1E
:10245000C00A054495ED009AB7EEC99A80EE090BC3
:102460000FF046FBB7EEC87AB0EE408B87EE090B53
:102470000FF03EFB94ED017A88EE006B95ED010ABA
:10248000B7EEC77AB7EEC00ABDEC048B37EE407BDF
:10249000A6EE070B38BD9CED010ABDEC048BB7EE30
:1024A000C00A38BD000000002DE9F0471E46002498
:1024B0005D4B40225D4FF7EE007A80460D46B946EF
:1024C0002DED088B1C804FF0E023B2EE048B9FEDC6
:1024D00058BAB0EE409BC3F888219FED51AB1DE088
:1024E00098ED007AF4EEC77AF1EE10FA1FD9FFF7F3
:1024F00089FF80EE081B0134A4B2B2EE040B0FF08A
:10250000F3FBB7EEC00BB4F5006FA9EC010A15D0D0
:1025100007EE904AF8EE677A67EE8B7AB0EE670ABC
:1025200029464046002DDBD1B0EE4A1BE3E798ED8B
:10253000017AB7EEC77A87EE081BDCE7DFF8249153
:10254000F7EE00AA9FED3BAA0124CA469FED348B0B
:1025500024E0D5B307EE902AB8EE670AD8ED007AEA
:1025600020EE0A0AF4EEC07AF1EE10FA24DA2946D7
:102570004046FFF747FFB2EE047B80EE071BB2EE4A
:10258000040B0FF0B1FBB7EEC00BB4F5007F8AED82
:10259000000A20D001340AF1040AA4B2621E92B2E9
:1025A000002AD6D1A5B1B7EE000AD8ED007AF4EE34
:1025B000C07AF1EE10FADADB98ED017AB2EE046B34
:1025C000B7EEC77A87EE061BD9E7B0EE481BD6E711
:1025D000CAED00AADEE7184B0024184A1F60184B0A
:1025E0001848C3F80090184B18491660184A047030
:1025F00018480C70148083ED009B174B1C80FFF76C
:10260000FBFB1648FFF7F8FB4FF0E0224021144B8C
:10261000BDEC088BC2F808111C70BDE8F08700BF44
:1026200000000000000000002CA403209C480120B2
:1026300000442C410044AC3FE0F50020DCF50020D4
:10264000D8F5002040A4032058F4002045A403201E
:1026500028A40320F00801202AA4032088170120C1
:10266000F3020120F8AA012010EE10CA424A082104
:10267000CCF3074330B50488CCF3076515550488BF
:1026800014446370B0F800E012F80E3002EB0E054F
:102690000EF1020EDB43DBB204E00139E3B211F0CC
:1026A000FF010CD013F0800F4FEA4304F5D05B001C
:1026B000013983F0310311F0FF01DBB2F2D1697807
:1026C0004B40082104E00139E3B211F0FF010CD0C6
:1026D00013F0800F4FEA4304F5D05B00013983F01B
:1026E000310311F0FF01DBB2F2D102F80E30CCF36E
:1026F0000721038803339BB20380D1540821038848
:10270000134483F801C00388D41803F1020CD35C8E
:10271000DB43DBB205E001395FFA8EF311F0FF0114
:102720000CD013F0800F4FEA430EF4D05B00013958
:1027300083F0310311F0FF01DBB2F2D161784B403D
:10274000082105E001395FFA8EF311F0FF010CD08A
:1027500013F0800F4FEA430EF4D05B00013983F091
:10276000310311F0FF01DBB2F2D102F80C30038823
:102770000333038030BD00BF885B022000000000EF
:102780002DE9F043824F40F2EE28824C824EDFF872
:1027900068923D682DED048B83B00DF0CFFE237859
:1027A000002B00F0D1803378DB0740F1CD803B680F
:1027B000D9F800209B1A0E2B40F2C68001210D2073
:1027C0000CF0D4FC0121754CF6EE008A0846DFF8C7
:1027D0002C920CF0CBFC01210320714E0CF0C6FCB6
:1027E000012105209FED6F9A0CF0C0FC012107200C
:1027F00000250CF0BBFC002101200CF07BFC00212B
:1028000003200CF077FC002105200CF073FC002164
:1028100007200CF06FFC01210D200CF06BFC624BCB
:10282000624A204655211A60614B624A1A60624B27
:10283000624A1A60624B634A1A600BF0C9F9624A35
:102840000A21624B6248C4E9072310F0A1FF40202F
:102850000AF0C0F84FF0E0234022B7EE000AA6F5D8
:102860008044C3F888210123B0EE408AC9F8C430FF
:10287000A9F500439C6207E007EE905AB8EEE70A1C
:1028800020EE090A0FF0FCFD38EE400A013520EE7B
:10289000280AA4EC010AB442EED1DFF86481B7EE55
:1028A000000A01234B4CA8F50052F6EE008AB0EE68
:1028B000408A9FED499A02F128060025C9F8C830E0
:1028C000C8F86430946207E007EE905AB8EEE70A61
:1028D00020EE090A0FF0D4FD38EE400A013520EE53
:1028E000280AA4EC010AA642EED101233B4C202287
:1028F000C8F868303A4B84F8322021A1D1E90001B0
:10290000C3E9000120A1D1E90001364BC3E9000170
:102910008020354B40F2E111A086012B3348E36261
:10292000A06333482186E0631CD80023E3624FF0A4
:10293000E02240212F4BC2F808113A681A6003B018
:10294000BDEC048BBDE8F0833B6822785B1B32B1A1
:10295000B3F5FA6F3FF632AF0DF0F0FD1DE74345DA
:10296000FAD92BE700904FF48050019004F1500009
:102970000EF0F0F90023A4F84C302364D7E700BF31
:10298000555555555555953E555555555555D53E65
:102990000CA403205EA403205DA40320D02C0120FE
:1029A00020E202206D1CC93A80FB0120B0310020DA
:1029B000F82E0120B029002084FB0120B05900200E
:1029C000FC2E0120B0510020D5170000B11A0000E4
:1029D00000002020F07203202C42C93B9C610220A1
:1029E000E8080120E00801202CFA0020F46A012008
:1029F000D8B30120884801201CA40320F8610320DB
:102A0000C8A20320000000002DE9F84FB64B2DEDC1
:102A10000A8B1A78002A40F00D81B44DB44B1A7815
:102A2000002A40F0EB80B34B1A78EAB11A78002103
:102A30001B3A1970042A0ED8DFE812F02D013B0171
:102A4000A2010500B1019FEDA20B64230122022126
:102A5000A948FFF729FDA94B1A782AB90120A849EE
:102A6000A84A18700B6813602B785BB1A64B93F8DB
:102A7000AD20002A40F0FA80BDEC0A8BBDE8F84F8B
:102A8000FFF78EBCA14C04F5803292F8AD100029FE
:102A900040F09D819E4C9F4B93F84D20002A40F0C2
:102AA00067829D4DFFF77CFC2368002B7FD0DFF809
:102AB000CC8207EE903A994A98ED007AB8EE678B8F
:102AC00092ED00BBB7EEC77A27EE0B7B87EE080BC3
:102AD000B5EEC00BF1EE10FA40F27681904F0FF098
:102AE00007F8904B97ED007AB7EEC77A93ED009B0D
:102AF00027EE0B7BB0EE49AB9FED775B87EE086B63
:102B0000A0EE05ABB5EEC06BF1EE10FA40F25981C4
:102B1000B0EE460B844E0EF0EBFFB0EE49CB9FEDCE
:102B20006E7BA0EE07CB96ED007AB7EEC77A27EE64
:102B30000B7B87EE080BB5EEC00BF1EE10FA40F2FE
:102B40003D810EF0D5FFB0EE406BB0EE4C1B7748E8
:102B5000B0EE4A0B9FED607BA6EE079BB0EE492BD3
:102B6000FFF702FBB0EE492BB0EE4C1B7048B0EE05
:102B70004A0BFFF7F9FA6D48FFF7AEF96C48FFF71B
:102B8000ABF90023482200216A48C8F800303B60B6
:102B9000336010F043FB48220021674810F03EFBF1
:102BA00048220021654810F039FB002323602B6880
:102BB000B3B15E48FFF734FA5D48FFF731FA3422CB
:102BC00000215F4810F02AFB342200215D4810F0FC
:102BD00025FB342200215C4810F020FB00232B60F1
:102BE0005A4A5B495148FFF77FFB5A4A5A495048B5
:102BF000BDEC0A8BBDE8F84FFFF776BB0021574CC0
:102C00005748197094ED000A564A5749B7EEC00A62
:102C10000368127809785548FFF746FC374B1A7855
:102C2000002A7FF400AF01203549364A18700B683E
:102C30001360F8E600244FF0E0264027444A1C7059
:102C4000C6F88871414B1470434A384814701C8090
:102C5000404B264D1C80FFF7CFF83548FFF7CCF8E6
:102C6000434BC6F808712C701C80D7E64049002001
:102C70000A8883F8AD00531C9BB22B2B0B807FF688
:102C8000FBAE244B287093F84D20002A3FF4F4AE9D
:102C900083F84D00F0E6642301221F2135489FEDA3
:102CA0000C0BFFF701FC154B1A78002A7FF4DCAE01
:102CB000D4E64FF4FA7302221F212F489FED080B30
:102CC000FFF7F2FB0D4B1A78002A7FF4CDAEC5E674
:102CD000561426C1A8C05E40294F38ED2C5F114024
:102CE0002B0A936054A0604042A40320F302012009
:102CF00049A4032047A40320B027002048A40320B0
:102D00000CA4032088480120F8610320F861022008
:102D10008C480120C8A20320F4AA0120E808012061
:102D20009848012058F4002094480120F008012020
:102D300088170120AC6A0120AC6901202C6A0120AF
:102D400094B3012004B301204CB3012028A4032034
:102D500040A403202AA4032045A40320FCB20120A0
:102D6000F8B2012046A403204AA40320C85B022035
:102D70002CA40320C0270020B82800209048012060
:102D80004FF4FA7302221F21CB489FEDC70BFFF7C8
:102D90008BFBCA4B1A78002A7FF466AE5EE60222ED
:102DA0004FF4FA73C64811469FEDBF0BFFF77CFB4B
:102DB000C24B1A78002A7FF457AE4FE69FEDBC0B4A
:102DC000BFE69FEDBB6BA3E69FEDB90B86E6BD4D5D
:102DD00082F8AD302B68002B3FF45CAEBA4F3B68F5
:102DE000002B3FF457AEDFF83883D8F80030002BC3
:102DF0003FF450AE012108460CF07CF9B3489FED3A
:102E0000B46A04F12C032E6802463D68F0EE465A7F
:102E1000A76AB0EE465AD8F80010043642F8047B90
:102E200004350431AB4FAC4CDFF8F8C2F6EC014A84
:102E3000F3EC017AF5EC016A67EEA47AB1EC017A61
:102E4000634567EEA66AE2EC017A27EE877A35EEF3
:102E5000275A75EEA65AE7EC016A36EE076AA4EC2B
:102E6000017AE3D19D4B4FF0210A9D494FF00E0BA3
:102E7000D3ED006A9B4C76EE856A91ED007A9A4A12
:102E800037EE257A994DC3ED006A2368D2ED007ABA
:102E9000013381ED007A292177EE867A2360944B05
:102EA0008A4585ED005AC3ED005A924D924BC2ED12
:102EB000007A05F16C07914E5A46DFF86C92DFF804
:102EC0006C82DFED836ADFF868E2DFF868C2DFED6D
:102ED000807A83ED006A41D8534600EB830B0133BF
:102EE0009BB29BED007A8B4277EE877AF5D908EB9F
:102EF00082039FED777A9200C3ED007A53460EEB82
:102F0000830BDBED007A9B4601338B4537EE277A46
:102F10009BB2F4D109EB0203DFED6D7A83ED007A09
:102F20000CEB8A0393ED007A53460AF1010A8B42B7
:102F300077EE877A1FFA8AFAF2D106353244AF4229
:102F4000C2ED007A00F0FE8035F804AC35F8021CC2
:102F500015F8062C8A45DFED5E7ABDD908EB8203B1
:102F6000C3ED006A09EB82039200C3ED006AE4E757
:102F7000634D00212A6883F84D10002A3FF491AD7B
:102F8000604E3368002B3FF48CAD5F4F3B68002BE5
:102F90003FF487AD012103200CF0ACF85B4BD5F872
:102FA0000080D6F800E003F500695948594D5A4EA3
:102FB000D7F800C0294607463246B8EC016AF3EC60
:102FC000017AFEEC016A67EE867ABCEC017A9945DB
:102FD00067EEA66AE7EC017A27EE877AE1EC016AF0
:102FE000A2EC017AE9D110214FF00D0A4B4F4FF0BE
:102FF000010B8A45DFF840C107F1480EDFF83C912C
:10300000DFF83C815A46DFED326ADFED317A3FD896
:10301000534600EB830B01339BB29BED007A8B424E
:1030200077EE877AF5D908EB82039FED297A920033
:10303000C3ED007A534605EB830BDBED007A9B462C
:1030400001338B4537EE277A9BB2F4D109EB0203AB
:10305000DFED1F7A83ED007A06EB8A0393ED007AA9
:1030600053460AF1010A8B4277EE877A1FFA8AFAF1
:10307000F2D16244BE45C2ED007A00F08A80B7F812
:1030800008A00637B9883A788A45DFED117ABFD9AA
:1030900008EB8203C3ED006A09EB82039200C3EDE3
:1030A000006AE6E7AFF300802B0A936054A060400B
:1030B00011EA2D819997713DC479002048A403201D
:1030C000B0270020E0F5002080FB0120883B022093
:1030D000000000008CFB01208C1B0220984801207E
:1030E000904801208C48012094480120C85C0220AF
:1030F000C05C02204A270020C45C022084470120D3
:10310000D8F50020F82E0120FC2E0120F0620320CB
:10311000003F0120002F012000370120F42600206D
:1031200084FB012020820220044701200448012062
:1031300088FB0120881B0220E46801209C68012094
:103140002C690120284B294E294903F14807294DB4
:10315000294A2A48D3ED006AB6EC015A91ED007A6B
:10316000D2ED007A76EE856AF5EC015AB0EC016A90
:1031700037EE257AE3EC016A77EE867A9F42A1EC7E
:10318000017AE2EC017AE5D1002101200BF0B2FFD7
:1031900081E41B4B1B4E1C4903F134071B4D1C4A99
:1031A0001C48D3ED006AB6EC015A91ED007AD2EDDD
:1031B000007A76EE856AF5EC015AB0EC016A37EEDA
:1031C000257AE3EC016A77EE867ABB42A1EC017ABC
:1031D000E2EC017AE5D1104D002103202B68013388
:1031E0002B600BF087FF5DE4AC6A01203C480120B6
:1031F000AC6901203C4701202C6A0120BC4701201A
:1032000094B301203069012004B30120A06801209B
:103210004CB30120E8680120F4AA01202DE9F84F01
:10322000B34F0023B34D3A46DFF82C93FB607B622B
:103230002B682DED048B42F8249B3A614FF4807289
:103240003A81002B00F04D811A465B69002BFBD1BF
:1032500057610024DFF80483A74BA5483B607C61DD
:103260007C60BC723C76C7E907440AF05BFA4346CF
:103270002E6843F8249BC8F810304FF48073C8F8C8
:103280000C40C8F82440A8F80830002E00F02B812C
:1032900033461A465B69002BFBD1C2F81480002428
:1032A000964B0121964D03F1040CC8F8203043F8E9
:1032B000B049B7EE000AC3F8C810F6EE008AA3F8CA
:1032C000AC40C3F8C440B0EE408AC3F8CC408D4B4C
:1032D0008D4AC8F800308D4B88F8181003F1280982
:1032E0009D629FED8B9AC8F81440C8F8044088F896
:1032F0000A40C8F81C400FCA8CE80F0007E007EE30
:10330000904AB8EEE70A20EE090A0FF0B9F838EE55
:10331000400A013420EE280AA5EC010AA945EED1A5
:103320007C4CB7EE000A9FED7C8A002504F500591D
:103330009FED7A9ADFED7A8ACA4613E007EE905A3B
:10334000B8EEE78A28EE098A28EE288AB0EE480A05
:103350000EF092FFF0EE407AB0EE480AB0EE678AC7
:103360000FF08EF8A9EC018A0135A4EC010AA24500
:10337000E4D1DFF8ECA1012334468AF809300AF1E0
:103380002403CAF8103000238AF80830CAF80C3039
:10339000CAF8243023466469002CFBD1C3F814A07A
:1033A0000121604BB7EE000A5F4DF6EE008A03F193
:1033B000040CCAF8203043F85049B0EE408A9966B0
:1033C00005F58059A3F84C405C66DC66574B584ABB
:1033D000CAF8003005F6D8738AF818109D629FED80
:1033E000559ACAF81440CAF804408AF80A40CAF844
:1033F0001C400FCA8CE80F0007E007EE904AB8EEB9
:10340000E70A20EE090A0FF03BF838EE400A0134D3
:1034100020EE280AA5EC010AA945EED1464CB7EEEC
:10342000000A9FED3D8A002504F500699FED3B9A57
:10343000DFED428ACB4613E007EE905AB8EEE78AFA
:1034400028EE098A28EE288AB0EE480A0EF014FF0A
:10345000F0EE407AB0EE480AB0EE678A0FF010F84E
:10346000A9EC018A0135A4EC010AA345E4D1344C4E
:1034700000232372E36063620123637204F1240377
:10348000236133467669002EFBD15C6101232D4810
:103490002376E36223862C4B068123622B4BC66086
:1034A000236066606661A672E661A66284F8326097
:1034B000A686C0E90078C4E90E6609F041FB2448FD
:1034C000C0E900740681C66009F03AFB2148068114
:1034D000C660BDEC048BC0E9004ABDE8F84F09F0B6
:1034E0002FBB2F60B5E64646C5F80080D7E600BF83
:1034F0004CA30320DC5C0220847D0020A862032012
:1035000020A20220E87D002034A10020F8E1022062
:103510006D1CC93A2422032000000000DB0F494043
:103520000000003A18A30320F0720320DC7D002085
:1035300044A100202C42C93BF49203200000003B30
:103540009C6102208CA30320C4610220F47D002032
:103550009CA30320ACA30320E47C0020F86102209C
:10356000C86203202DE9F041A34D0024DFF8CC828E
:10357000A24F88F80040D5E92B239A420ED03E4650
:1035800001E0402C0AD0284601340AF0D9F906F8A7
:10359000010BE4B2D5E92B329A42F2D13B885BBAF7
:1035A0009BB2013B2A2B2FD8DFE813F021011D012C
:1035B000090105010101FD00F900F500F100E70036
:1035C000E300DF00DB00D700D300CF00CB00C70053
:1035D000C300BF00BB00B700B300AF00AB00A70043
:1035E000A3009F009B00970093008F008B00870033
:1035F00083007F007B00770073006F002B00520078
:103600003000292388F80030BDE8F0817B7AFA7B0E
:10361000387A1B04BC7B1204397B43EA006342EA1C
:103620000462BC7C0B43F97A22437C7C43EA01238D
:10363000734942EA04227348FC780A600121724A05
:10364000047011707148724AB97903601170DBE738
:10365000F8781E28D8D8BA797C796E4912043B7B59
:1036600001EBC001787A42EA0462FC7B1B0402434E
:10367000387A42EA0022F87A43EA0063B87B0A60AB
:10368000234343EA00234B60BEE7282388F8003039
:10369000BAE7272388F80030B6E7262388F80030F9
:1036A000B2E7252388F80030AEE7242388F80030FD
:1036B000AAE7232388F80030A6E7222388F8003001
:1036C000A2E7212388F800309EE7202388F8003005
:1036D0009AE7514B1F221A7096E74F4B1E221A7021
:1036E00092E74D4B1D221A708EE74B4B1C221A702D
:1036F0008AE7494B1B221A7086E71A2388F80030A4
:1037000082E7192388F800307EE7182388F8003014
:103710007AE7172388F8003076E7162388F8003018
:1037200072E7152388F800306EE7142388F800301C
:103730006AE7132388F8003066E7122388F8003020
:1037400062E7112388F800305EE7102388F8003024
:103750005AE70F2388F8003056E70E2388F8003028
:1037600052E70D2388F800304EE70C2388F800302C
:103770004AE70B2388F8003046E7284A0A20002150
:10378000274B88F80000118001221A703CE70923BA
:1037900088F8003038E7082388F8003034E707233A
:1037A00088F8003030E7062388F800302CE705233E
:1037B00088F8003028E7042388F8003024E7194B04
:1037C00000220320184988F800001A800122174BB4
:1037D0000A70197800297FF417AF154815491A7037
:1037E00003680B6010E7022388F800300CE7124BE7
:1037F00001221A7008E700BFD02C0120885B02204C
:10380000FCB201204AA4032049A40320F8B20120FD
:1038100046A40320C85B022047A403202AA4032057
:1038200045A4032028A4032040A4032048A4032087
:103830000CA403208848012042A403204CA40320A8
:10384000F0B5C34C83B02378023B272B29D8DFE89F
:1038500013F0290328000C03E402CE02970385032A
:10386000A9032800B1028902730261024F023D02DE
:103870001502FF01ED01DB01C901A101680156013B
:1038800044013201280028002800280028000A01ED
:10389000F400E200D000B6008E00780066004B0015
:1038A0002C000023237003B0F0BDAA4E00230DF1BD
:1038B000060506F13807ADF806302846B6EC020BCF
:1038C000B7EEC00BFEF7D0FEBE42F6D1A249BDF85E
:1038D0000620A2480AF06EF800210720217003B0EC
:1038E000BDE8F0400BF006BC9D4E00230DF106052F
:1038F00006F14007ADF806302846B6EC020BB7EEED
:10390000C00BFEF7B1FEBE42F6D1BDF806209249CB
:1039100092480AF04FF80023237003B0F0BD914E97
:1039200000230DF1060506F14007ADF806302846E4
:10393000B6EC020BB7EEC00BFEF796FEBE42F6D118
:10394000E3E7894E012107200DF106050BF0D2FBBC
:1039500006F140070023ADF806302846B6EC020B0E
:10396000B7EEC00BFEF780FEBE42F6D1CDE77F4D2D
:103970000121072000260BF0BDFB95ED1D7A0DF10E
:103980000600D5ED1E7A95ED1C0AADF80660FEF72F
:103990006BFEB0EE470AFEF767FEB0EE670AFEF771
:1039A00063FE6D49BDF806206C480AF003F8002359
:1039B0003146072026702B676B67AB678FE76C4E2D
:1039C00000230DF1060506F13807ADF8063028464C
:1039D000B6EC020BB7EEC00BFEF746FEBE42F6D1C8
:1039E0005D49BDF806205D4809F0E4FF002105208F
:1039F00074E7604E00230DF1060506F14007ADF8AF
:103A000006302846B6EC020BB7EEC00BFEF72CFED4
:103A1000BE42F6D179E7584E00230DF1060506F1B6
:103A20004007ADF806302846B6EC020BB7EEC00BE7
:103A3000FEF71AFEBE42F6D167E7504E012105207F
:103A40000DF106050BF056FB06F140070023ADF81B
:103A500006302846B6EC020BB7EEC00BFEF704FEAC
:103A6000BE42F6D151E7464D0121052000260BF05C
:103A700041FB95ED1D7A0DF10600D5ED1E7A95ED11
:103A80001C0AADF80660FEF7EFFDB0EE470AFEF740
:103A9000EBFDB0EE670AFEF7E7FD2F49BDF8062003
:103AA0002E4809F087FF00233146052026702B673A
:103AB0006B67AB6713E7334E00230DF1060506F184
:103AC0003807ADF806302846B6EC020BB7EEC00B4F
:103AD000FEF7CAFDBE42F6D1F8E62B4E00230DF1EB
:103AE000060506F14007ADF806302846B6EC020B95
:103AF000B7EEC00BFEF7B8FDBE42F6D105E7234E88
:103B000000230DF1060506F14007ADF80630284602
:103B1000B6EC020BB7EEC00BFEF7A6FDBE42F6D127
:103B2000F3E61B4E012107200DF106050BF0E2FA2A
:103B300006F140070023ADF806302846B6EC020B2C
:103B4000B7EEC00BFEF790FDBE42F6D1DDE600BF3A
:103B50004CA40320D0200120885B0220D02C01201F
:103B600090200120502001201020012088170120E2
:103B700038120120F8110120B8110120781101201C
:103B8000F0080120D01E0120901E0120501E0120AF
:103B9000101E0120C94D0121072000260BF0AAFAB2
:103BA00095ED137A0DF10600D5ED147A95ED120A14
:103BB000ADF80660FEF758FDB0EE470AFEF754FD7B
:103BC000B0EE670AFEF750FDBD49BDF80620BD48BE
:103BD00009F0F0FE0023314607202670AB64EB6449
:103BE0002B657CE6B84E00230DF1060506F138077B
:103BF000ADF806302846B6EC020BB7EEC00BFEF768
:103C000033FDBE42F6D1EBE6B04E00230DF10605C2
:103C100006F14007ADF806302846B6EC020BB7EEC9
:103C2000C00BFEF721FDB742F6D16EE6A84E002389
:103C30000DF1060506F14007ADF806302846B6EC52
:103C4000020BB7EEC00BFEF70FFDB742F6D15CE6F4
:103C5000A04E012105200DF106050BF04BFA06F1EF
:103C600040070023ADF806302846B6EC020BB7EE4D
:103C7000C00BFEF7F9FCB742F6D146E6964D01219E
:103C8000052000260BF036FA95ED137A0DF10600AB
:103C9000D5ED147A95ED120AADF80660FEF7E4FC56
:103CA000B0EE470AFEF7E0FCB0EE670AFEF7DCFC78
:103CB0008349BDF80620834809F07CFE0023314685
:103CC00005202670AB64EB642B6508E6834E002369
:103CD0000DF1060506F13807ADF806302846B6ECBA
:103CE000020BB7EEC00BFEF7BFFCBE42F6D1EDE50E
:103CF0007B4E00230DF1060506F14007ADF80630B6
:103D00002846B6EC020BB7EEC00BFEF7ADFCBE4288
:103D1000F6D1FAE5734E00230DF1060506F14007D2
:103D2000ADF806302846B6EC020BB7EEC00BFEF736
:103D30009BFCB742F6D1E8E56B4E012107200DF15F
:103D400006050BF0D7F906F140070023ADF8063061
:103D50002846B6EC020BB7EEC00BFEF785FCB74267
:103D6000F6D1D2E5554D0121072000260BF0C2F90E
:103D700095ED097A0DF10600D5ED0A7A95ED080A60
:103D8000ADF80660FEF770FCB0EE470AFEF76CFC7B
:103D9000B0EE670AFEF768FC4949BDF806204948BD
:103DA00009F008FE00233146072026702B626B6263
:103DB000AB6294E54D4A0820414913881288C3F349
:103DC0000723D2B20B70DB434A70DBB205E0EBB2E3
:103DD000013810F0FF0000F0F78013F0800F4FEA79
:103DE0004305F4D05B0083F03103DBB2F0E7404ED3
:103DF000012105200DF106050BF07CF906F14007C5
:103E00000023ADF806302846B6EC020BB7EEC00B27
:103E1000FEF72AFCB742F6D177E52F4D01210520A8
:103E200000260BF067F995ED097A0DF10600D5ED46
:103E30000A7A95ED080AADF80660FEF715FCB0EEBB
:103E4000470AFEF711FCB0EE670AFEF70DFC1C49AD
:103E5000BDF806201B4809F0ADFD002331460520C2
:103E600026702B626B62AB6239E5224A0820144946
:103E700013881288C3F30723D2B20B70DB434A7056
:103E8000DBB205E0EBB2013810F0FF0000F0B680C5
:103E900013F0800F4FEA4305F4D05B0083F0310349
:103EA000DBB2F0E706494E221348442301F11E0C11
:103EB0000B70DB4308254A70DBB225E08817012030
:103EC000885B0220D02C012038100120F80F01203F
:103ED000B80F0120780F0120F0080120D01F012029
:103EE000901F0120501F0120101F01202AA4032031
:103EF0007810012028A40320B0790020013D5FFA4A
:103F00008EF315F0FF050CD013F0800F4FEA430E2F
:103F1000F4D05B00013D83F0310315F0FF05DBB207
:103F2000F2D15340082504E0D3B26A1E12F0FF0517
:103F30000CD013F0800F4FEA4302F5D05B006A1EED
:103F400083F0310312F0FF05DBB2F2D18B70033145
:103F50008C4565D0837802304278A9E7344E00233F
:103F60000DF1060506F14007ADF806302846B6EC1F
:103F7000020BB7EEC00BFEF777FBB742F6D1C4E4F5
:103F80002C4E00230DF1060506F14007ADF8063072
:103F90002846B6EC020BB7EEC00BFEF765FBB74246
:103FA000F6D1B2E4244E00230DF1060506F13807E0
:103FB000ADF806302846B6EC020BB7EEC00BFEF7A4
:103FC00053FBB742F6D10BE55340082504E0D3B2CA
:103FD0006A1E12F0FF0509D013F0800F4FEA43026A
:103FE000F5D05B0083F03103DBB2F1E78B70032285
:103FF0001249134809F0DEFC257054E453400825AB
:1040000004E0D3B26A1E12F0FF05EFD013F0800F68
:104010004FEA4302F5D05B0083F03103DBB2F1E7F6
:104020001E220649064809F0C5FC25703BE400BF86
:10403000F8100120B810012038110120885B0220FF
:10404000D02C012010B504460AF09AFC204610BD81
:10405000024A034903480EF0E3BB00BF00F600200C
:10406000B5220000805E022030B482B00C4602AB64
:1040700003E90600C37C002B30D072B6C37CDA079C
:1040800008D54FF0E0214569D1F880212A408262AD
:10409000C1F880219D0708D54FF0E0218569D1F84E
:1040A00084212A40C262C1F88421590708D54FF003
:1040B000E021C569D1F888212A400263C1F888212E
:1040C0001A0708D54FF0E021056AD1F88C212A4063
:1040D0004263C1F88C21DB062FD462B683689C4210
:1040E00035D0224B84609B69214AC3F30111C3F38D
:1040F000826352F821100133B1FBF3F2CCB1944248
:1041000027D8B2FBF4F3B2FBF3F294422CD3B3F50D
:10411000817F20D3174CC4600368032200200199DB
:1041200018615A6201221C6419661A6102B030BC1F
:1041300070479942EFD3531CE9E74FF0E022416A00
:10414000D2F890310B408363C2F89031C5E7C46860
:10415000E2E70024DFE7022BFBD9023B5A081402F6
:1041600044EA02441C43D6E71A46E4E700C00F4085
:10417000847F0020FF7F7F00024A034903480EF03E
:104180004FBB00BF00F60020B5220000E85D022012
:10419000024A034903480EF043BB00BF00F600206B
:1041A000B5220000545D0220024A034903480EF084
:1041B00037BB00BF00F60020B52200006C5D022076
:1041C000024A034903480EF02BBB00BF00F6002053
:1041D000B5220000F05D0220024A034903480EF0B8
:1041E0001FBB00BF00F60020B5220000F85D0220D2
:1041F000024A034903480EF013BB00BF00F600203B
:10420000B5220000105E0220024A034903480EF066
:1042100007BB00BF00F60020B52200005C5D022055
:10422000024A034903480EF0FBBA00BF00F6002023
:10423000B5220000745D0220024A034903480EF0D3
:10424000EFBA00BF00F60020B5220000005E022099
:10425000024A034903480EF0E3BA00BF00F600200B
:10426000B5220000645D0220024A034903480EF0B3
:10427000D7BA00BF00F60020B52200007C5D022006
:10428000024A034903480EF0CBBA00BF00F60020F3
:10429000B5220000845D0220024A034903480EF063
:1042A000BFBA00BF00F60020B5220000BC5D0220AE
:1042B000024A034903480EF0B3BA00BF00F60020DB
:1042C000B5220000245E0220024A034903480EF092
:1042D000A7BA00BF00F60020B52200002C5E022025
:1042E000024A034903480EF09BBA00BF00F60020C3
:1042F000B52200004C5E0220024A034903480EF03A
:104300008FBA00BF00F60020B52200008C5D0220AD
:10431000024A034903480EF083BA00BF00F60020AA
:10432000B5220000345E0220024A034903480EF021
:1043300077BA00BF00F60020B52200005C5E0220C4
:1043400010B5054C04F108000AF01AFB2046BDE840
:1043500010400AF015BB00BF945D0220024A002005
:1043600002490EF05DBA00BF00F60020B125000042
:10437000024A034903480EF053BA00BF00F600207A
:10438000B5220000085E0220024A034903480EF0ED
:1043900047BA00BF00F60020B52200003C5E0220B4
:1043A000024A034903480EF03BBA00BF00F6002062
:1043B000B5220000445E0220024A034903480EF081
:1043C0002FBA00BF00F60020B5220000A45D022035
:1043D000024A034903480EF023BA00BF00F600204A
:1043E000B5220000C45D022000207047704700BF66
:1043F000036D0BB101207047406D003818BF0120DC
:10440000704700BF10B50446806D18B10EF01EFC59
:104410000023A365236D2BB104F11800BDE8104003
:1044200005F0E4BD636D002BF6D110BD10B5044658
:10443000806D00B110BD4FF480700EF0FFFBA065E1
:10444000B0B10022236D02703BB101464FF480727F
:10445000184605F01BFAA06D10BD636D002BE9D066
:1044600001464FF48072184602F0BEFEA06D10BDEA
:10447000014B1846A36510BD55A4032038B5056D42
:104480006DB10BB1002038BD1146284603F03AFF4C
:104490000028F7D02846BDE8384004F0D5B8446D70
:1044A000002CEFD0204601F0F1FA0028EAD0204697
:1044B000BDE8384002F064B98A79A2F150031B06C6
:1044C00022D402F26C72F0B54B7985B0046D0133E1
:1044D0000D798E784F78DBB209784CB12046019681
:1044E0000095CDE90271042104F042F805B0F0BD59
:1044F000406D0028FAD001960095CDE902710421A3
:1045000002F082F805B0F0BD0020704710B50446F7
:10451000006D80B1037813F0700F00D110BD002141
:1045200003F0F0FE606D0028F8D000220023BDE803
:10453000104001F0ABBA606D0028EFD090F8313038
:1045400013F0500FEAD000220023BDE8104001F024
:104550009DBA00BF036D10B50C4682B02BB30DF1B0
:10456000060201A9184603F073FA38B3BDF8043007
:10457000BDF8062053EA020120D0C2F3451C02F028
:104580001F00D20AC3F34311400084F801C0A27097
:104590005A0A013903F01F0302F5EA622070012074
:1045A00061712371A27102B010BD406D30B10DF187
:1045B000060201A901F010F90028D7D1002002B0AD
:1045C00010BD00BF036D10B50C4682B02BB30DF1CA
:1045D000060201A9184603F02BFA38B3BDF80430DF
:1045E000BDF8062053EA020120D0C2F3451C02F0B8
:1045F0001F00D20AC3F34311400084F801C0A27027
:104600005A0A013903F01F0302F5EA622070012003
:1046100061712371A27102B010BD406D30B10DF116
:10462000060201A901F0C6F80028D7D1002002B087
:1046300010BD00BF0369D3B10E4810B41C68E46814
:1046400084420FD1186D18B15DF8044B04F036B8F0
:10465000586D18B15DF8044B02F004B900205DF804
:10466000044B7047184623465DF8044B184700205A
:10467000704700BFAD2B0000006990B10368154A78
:104680001B69934225D1036D63B1187810F00800BF
:1046900007D0D8695B69C01A48BF6FF00040704707
:1046A00018467047436D002BFAD093F8310010F094
:1046B0000800F6D0186919685A69401A5B6862EBFD
:1046C0000303B0F1004F73F10003EAD36FF0004031
:1046D00070471847A92C0000036963B11A6807499D
:1046E00092698A4208D1186D08B103F03BBF586D3A
:1046F00008B101F013BE7047184610472D2B00007B
:10470000036973B11A68084952698A4207D1186D62
:1047100008B103F083BC586D18B101F0A1B9184677
:1047200010474FF0FF307047852A0000036D13B12A
:10473000586900217047436D13B1D3E900017047F8
:1047400018461946704700BF036D13B1D8690021A0
:104750007047436D13B1D3E90401704718461946F9
:10476000704700BFF0B595B000224FF47A74244F23
:104770001831054604A88DF80C200097CDE90124D6
:10478000CDE9122205F09EFC129B002B2DD05C205F
:1047900000260AF0C5FD019B04464660C36004A9DB
:1047A000029B183040F8083C9DF80C3000F8043C9F
:1047B000144B40F8183C144B40F8103C05F0D4FB67
:1047C000124B4FF47A72A7602B606368A6650133C1
:1047D0006E602E73AA602C6163600D4B04A8009379
:1047E00005F004FC284615B0F0BD139B002BCED17C
:1047F000064A2B732A602B61C5E90134EDE700BF3F
:104800002C7E0020507E0020AC7E0020007E002008
:10481000C07C0020036D13B1184603F0FFBB406D50
:1048200008B101F01DB94FF0FF307047836C13B130
:10483000184603F0F3BBC06C08B101F011B94FF09A
:10484000FF307047036D33B11B7813F0700F14BF46
:10485000012000207047406D30B190F8313013F0E6
:10486000500F14BF01200020704700BF036D13B12B
:10487000184603F0FFBA406D08B101F021B84FF0BF
:10488000FF307047836C00B583B063B101220DF136
:104890000701184603F0EEFA01280CD19DF8070035
:1048A00003B05DF804FBC06C28B101220DF10701D3
:1048B00001F006F8F0E74FF0FF30F1E7036D13B1B8
:1048C000184603F04FBE406D08B101F027BD704798
:1048D000836C13B1184603F045BEC06C08B101F0FB
:1048E0001DBD7047036923B31968134A10B58C685E
:1048F00082B0944214D1186D48B101220DF1070124
:1049000003F0B8FA90B19DF8070002B010BD586DE1
:104910000028F8D001220DF1070100F0D1FFF1E7E6
:1049200001220DF107011846A047EBE74FF0FF30D9
:10493000EBE74FF0FF307047DD2A0000036D13B145
:10494000184603F0BBBE406D08B101F08BBF704745
:10495000836C13B1184603F0B1BEC06C08B101F00E
:1049600081BF704700B5836C83B08DF8071043B1E9
:1049700001220DF10701184603F0A0FE03B05DF817
:1049800004FBC06C0028F9D001220DF1070101F0F1
:1049900069FF03B05DF804FB8A79A2F150031B069E
:1049A00022D402F26C72F0B54B7985B0046D0133FC
:1049B0000D798E784F78DBB209784CB1204601969C
:1049C0000095CDE90271022103F0D2FD05B0F0BDE2
:1049D000406D0028FAD001960095CDE902710221C0
:1049E00001F012FE05B0F0BD00207047836C53B19A
:1049F000187810F008000DD0D8695B69C01A48BF5C
:104A00006FF000407047C36CA3B193F8310010F011
:104A1000080000D17047186919685A69401A5B6824
:104A200062EB0303B0F1004F73F10003F2D36FF0B8
:104A3000004070471846EDE7036D53B1187810F049
:104A400008000DD0D8695B69C01A48BF6FF00040FC
:104A50007047436DA3B193F8310010F0080000D106
:104A60007047186919685A69401A5B6862EB03035A
:104A7000B0F1004F73F10003F2D36FF000407047C4
:104A80001846EDE700B5006983B08DF8071060B1F6
:104A90000368104ADB68934215D1036D43B10122CC
:104AA0000DF10701184603F009FE03B05DF804FBA1
:104AB000406D0028F9D001220DF1070101F0D2FE6E
:104AC00003B05DF804FB01220DF10701984703B024
:104AD0005DF804FBAD2B000038B504460C4B806D2F
:104AE000236018B10EF0B2F80023A365236D04F122
:104AF00018054BB1284605F079FA064B2846A36005
:104B000005F074FA204638BD636D002BF2D1F4E74E
:104B1000507E0020C07C002038B504460E4B806DCE
:104B2000236018B10EF092F80023A365236D04F101
:104B300018056BB1284605F059FA084B2846A360C2
:104B400005F054FA20465C210AF0EEFB204638BD01
:104B5000636D002BEED1F0E7507E0020C07C00207A
:104B600030B4029C11469C4634B1012C1CD0022C5E
:104B70000ED0002030BC7047056DF5B14FF0FF330B
:104B8000934274EB0C04F4D3284630BC03F0BABB58
:104B9000026D0AB3D36959184CF10003002BE8D118
:104BA000104630BC03F0AEBB026D62B153695918B8
:104BB0004CF10003002BDCD1F2E7406D0028D8D087
:104BC00030BC00F063BF406D0028D2D0D0E9002394
:104BD0008A184CEB0303F3E7406D0028C9D0D0E9F5
:104BE000042330BC8A184CEB030300F04FBF00BF16
:104BF00070B5244B044605690360002D32D06E6801
:104C0000013E6E6076BB2B681F4ADB6A93422FD150
:104C1000A86D10B10EF01AF8AE652B6D23B305F137
:104C2000180005F0E3F92569E5B12B68174A5B68C0
:104C3000934224D1164BA86D2B6018B10EF006F8E4
:104C40000023AB652B6D05F11806A3B1304605F0C6
:104C5000CDF9104B3046AB6005F0C8F95C21284611
:104C60000AF062FB204670BD6B6D002BD7D1DAE7EE
:104C700028469847D7E76B6D002BE7D1E9E7284630
:104C80009847EFE7007E002075260000892D000080
:104C9000507E0020C07C002070B5264B044605697C
:104CA0000360002D32D06E68013E6E6076BB2B68CB
:104CB000214ADB6A934233D1A86D10B10DF0C6FFD3
:104CC000AE652B6D43B305F1180005F08FF925692A
:104CD000E5B12B68194A5B68934228D1184BA86D3F
:104CE0002B6018B10DF0B2FF0023AB652B6D05F101
:104CF0001806C3B1304605F079F9124B3046AB6067
:104D000005F074F95C2128460AF00EFB20461421B8
:104D10000AF00AFB204670BD6B6D002BD3D1D6E79D
:104D200028469847D3E76B6D002BE3D1E5E728468B
:104D30009847EBE7007E002075260000892D0000D3
:104D4000507E0020C07C002090F81CC04160BCF167
:104D5000020FC26001D18368184709F02BBE00BF63
:104D6000F0B4046840F201251E462561A3B121B3C9
:104D700011F8015B013B6566256FAF0707D4154647
:104D8000013E676F1AB105F8017B2A460468656920
:104D9000ED07F1D5002BEAD16EB10368196F8907D1
:104DA000FAD41146013E5B6F002AF5D001F8013BB1
:104DB0000A46002EF1D1F0BC704790F83C50D9E77C
:104DC000324B334930B5D3E911542079C8771A6C86
:104DD00095F804C081F81CC0087752B1B2F5004FB5
:104DE00023D32C4911442A4A1964D07682F81BC077
:104DF00030BD19680F24D86C8C6540F20134CA614B
:104E00000C614FF47C544C6103210468246883F8DE
:104E10003D10214B9C4226D1037F4260022BC26091
:104E200026D18368BDE8304018472D68E98B090416
:104E300022D492B2EA832168EC8BA4B2EC82CC8BB0
:104E4000240405D5CC8BC2F3080204F47E4422432B
:104E5000CA83CA8B92B2CA8200210D4A1964D076E5
:104E600082F81BC030BD23461146BDE830401847CC
:104E7000BDE8304009F09EBDE98BC2F3080E92B246
:104E800001F47E4141EA0E01E983D4E788F5002070
:104E900000800E400180FFFFB92F000043682DE91C
:104EA000F04FD3E90041814D4FF0B80A22684FF02E
:104EB000020822EA01027E492260AA6911407D4A65
:104EC0000A43AA6190F810E07B4A03EB0E0603EB5D
:104ED0008E0E317C02EB01118968C1F800A090F8B8
:104EE00011C003EB0C0503EB8C0C95F8201002EBC2
:104EF00001118968C1F800A0817C03EB010903EB73
:104F0000810199F830B002EB0B1BDBF808B0CBF84D
:104F100000A0D4F800A05F684AEA070AC4F800A01D
:104F2000347CDEF814E002EB04146468C4F800E09A
:104F300095F82040DCF824C002EB04146468C4F83F
:104F400000C0496B99F8304002EB041252681160BE
:104F5000DA6B99F838101160DA69317EDB6A11601A
:104F600095F828201A600F220368C3F810809A650C
:104F7000C27C002A31D072B6C37CDC0708D54FF062
:104F8000E0214469D1F8802122408262C1F8802169
:104F9000990708D54FF0E0218469D1F88421224097
:104FA000C262C1F884215A0708D54FF0E021C469D4
:104FB000D1F8882122400263C1F888211F0708D553
:104FC0004FF0E021046AD1F88C2122404263C1F8FD
:104FD0008C21DE0655D462B60368384C8268A24242
:104FE00059D0324A846092693549C2F30116C2F33E
:104FF0008262344D51F826100132B1FBF2F2AA421E
:1050000031D80022C260002403211C6107245962A8
:1050100001211A641C661961C37C13B3DD0704D532
:10502000816A4FF0E022C2F800119C0704D5C16AE2
:105030004FF0E022C2F80411590704D5016B4FF07C
:10504000E022C2F808111A0704D5416B4FF0E022A4
:10505000C2F80C11DB0604D5826B4FF0E023C3F8D5
:105060001021BDE8F08F1849A1FB0251090DB2FBD8
:10507000F1F2A24288BF0131B1F5817F0DD3134A0D
:10508000C0E74FF0E022416AD2F890310B408363D1
:10509000C2F890319FE7C268B5E70229B1D9023959
:1050A0004C08220242EA04420A43ABE700C00F4028
:1050B000CFFFFFE31000000854A1002000093D00CD
:1050C000847F0020FF083D0083DE1B43FF7F7F00BD
:1050D0000BB1FFF745BE70474368D3E9001209687A
:1050E000114200D1704710B5026804460020052126
:1050F0001061227C1344187C0AF038F8627C6368E3
:105100000521134493F820000AF030F86368A27C6C
:1051100005211344BDE8104093F830000AF026B88A
:1051200000207047704700BF10B5044640F2D441DC
:105130000AF0FAF8204610BD012BF0B5054695B0EF
:105140003DD0022B40F2022001F104010CBF0346C6
:105150000023684605F064F8129B002B38D05C20D1
:1051600000260AF0DDF8214B04AF0446C0E9003602
:10517000019B3946183040F80C3C1D4B40F8103C60
:10518000029B40F8083C9DF80C3000F8043C04F009
:10519000EBFE184B4FF47A72A665A360164B6E6057
:1051A0002B6063682E730133AA602C616360134B1C
:1051B0003846009304F01AFF284615B0F0BD44F2BB
:1051C00002230431684605F02BF8129B002BC6D150
:1051D000139B002BC3D14FF47A71074A04AF2B7392
:1051E0002A602B61C5E90131E1E700BF507E002054
:1051F000AC7E00202C7E0020007E0020C07C0020A1
:1052000010B5D0F884448EB00A4644B1002321463C
:105210006846009302F0DAFD80B90EB010BDD0F8F8
:10522000881441B1234668460C9400F0EDFE50B955
:1052300000200EB010BD08460EB010BD684603F049
:1052400019F80EB010BD684600F09CFF0028EFD0A2
:10525000E3E700BF70B5D0F884548EB016465DB158
:1052600005F5896500230A4668462946009302F041
:105270002BFD90B90EB070BDD0F888040028F9D08D
:1052800000F589640A462B46684621460C9500F0D5
:105290003FFE48B900200EB070BD32462946684630
:1052A00002F0F2FE0EB070BD32462146684601F0B3
:1052B000BDF80028EED0DDE710B5D0F884448EB0FC
:1052C0000A464CB10020012321460090684602F0B6
:1052D0007DFD80B90EB010BDD0F8881441B1012316
:1052E00068460C9400F090FE50B900200EB010BD3E
:1052F00008460EB010BD684603F06EFE0EB010BD3D
:10530000684600F0E5FE0028EFD0E3E730B5D0F8BE
:1053100084448FB00A464CB10025012304F589610D
:105320006846009502F05AFC0FB030BDD0F88804F2
:105330000028F9D000F58961012368460C9401F03A
:10534000F7F80FB030BD00BF10B5D0F884448EB070
:105350000A463CB1002321466846009302F036FD20
:105360000EB010BDD0F8881431B1234668460C94B5
:1053700000F04AFE0EB010BD08460EB010BD00BFD2
:10538000F8B5054690F8D00408B90146F8BDD5F83F
:105390008434002B4CD0DC69D5F89004013C002803
:1053A00054D00368DB6B9847E0B1D5F8900478B32C
:1053B00003681B6C9847A8B9D5F8900440B30368FC
:1053C00001215B6C9847074610B3D5F8840458BB9D
:1053D000D5F8886433466EB9D5F8900490B90020AA
:1053E0000146D3E7D5F88404E8B9D5F88834002B12
:1053F000F5D00746184602F06FF906463FB1D5F8DA
:10540000900428B1036800215B6C984700B1A41B8D
:10541000D5F88434FBB19B794FF40071994089B27F
:10542000A1FB0401F8BD002704F028FC0646E5E7CF
:10543000D5F88834D5F89004B3B1D3F830440028B7
:10544000AFD1184602F048F90646E0E7184604F0E6
:1054500015FC0646DBE7D5F88864002EBFD0D6F8E9
:105460003C14A1FB0401F8BD0028B8D01C4698E705
:1054700090F8D03463B1D0F8843463B19A794FF4A2
:105480000070D9699040013980B2A0FB01017047DA
:10549000184601467047D0F888040028F9D0D0F8A3
:1054A0003C14D0F83004A1FB000170472DE9F04313
:1054B000D0F890548DB04DB198462B6804462846DC
:1054C000DB699847B0F5405F064604D800263046B1
:1054D0000DB0BDE8F0834FF400700DF0AFFB074650
:1054E0000028F3D00DF10409B6F1806F024643465F
:1054F000294648462ED901F0BBFB064638460DF03A
:10550000A5FB002EE2D02B682846271D1B6A984772
:1055100094F8C034FF2B21D0D4F8C43404F594653A
:1055200002932846D4F8C8340393B4F8C034ADF8D5
:10553000043099E80E0005F039FD94F8B134C4F850
:105540009054002BC3D10123294638461A4604F053
:10555000F5FDBCE704F058F80646CFE704F29445A1
:1055600094F8CC14284606F069FB2846C4F89054F9
:1055700005F0C6FD0028AAD10123D4F890143846BE
:105580001A4604F0DBFDA2E770B5D0F8905484B061
:105590000446002D40D090F8D03483B190F8D13437
:1055A000FE2B6ED094F8D20427285AD92B6869466E
:1055B00028469B6C984784F8D00404B070BD90F8DE
:1055C000D134FE2B58D090F8D20427284FD994F824
:1055D000C034261DFF2B24D104F2944594F8CC143A
:1055E000284606F02BFB2846C4F8905405F088FDA9
:1055F000002864D00321262009F0B8FD3549364A39
:10560000364B48681268A3FB0232920C02EB82020E
:105610004B681B1A9A42FBD8002084F8D00404B0CF
:1056200070BDD4F8C83404F59465D4F8C414B4F843
:10563000C024284602936B460191ADF800200ECBA2
:1056400005F0B4FC94F8B134C4F89054002BD1D1D7
:105650000123294630461A4604F070FD0028DCD1AB
:10566000C8E709F071FD003818BF0120D5E709F03F
:105670006BFD0028ABD1CFE7194B9B689B03CBD5C3
:10568000A5E72B6828465B6D9847421C8AD0F8B97D
:1056900094F8D134FE2BBFD10321262009F066FDFA
:1056A0000C490D4A0D4B48681268A3FB0232920C5C
:1056B00002EB82024B681B1A9A42FBD8ACE701232B
:1056C000D4F8901430461A4604F038FD002891D0E2
:1056D0000120A2E7001000E084F5002083DE1B43D8
:1056E0000080004218484FF0290C184A002318493E
:1056F00010B4C0F89424072280F8B1C44FF0FF0C16
:10570000C0F8A8144FF47F41124CC0F8AC24124AE0
:10571000A0F8D014A0F89C3480F8B53480F8CC34CC
:1057200080F8D2C40460C0F8A0240C490C4A5DF88B
:10573000044BC0F88434C0F88834C0F8903480F842
:10574000BC340DF06DB800BFB82601200C7F0020DE
:1057500000093D00D07E0020147D0020953300001C
:1057600000F6002070B500F1240384B08C46044696
:1057700001AD164693E8070085E807004FEA4C1292
:105780002946206A01F0C4FE012806D13246294686
:10579000206A01F0A1FE04B070BD002004B070BD0D
:1057A00010B5044600F0BAFD002384F8313084F8C7
:1057B000333010BD38B514460D46002200F12401E7
:1057C000006A01F089FE034620B1428901202A8047
:1057D0001B89238038BD00BF38B514460D46002212
:1057E00000F12401006A01F077FE034620B1C2896E
:1057F00001202A809B89238038BD00BF38B50D4623
:1058000090F8311009B1002038BD382204460DF05F
:1058100005FD012340222562184684F8333084F8C0
:10582000312038BDF0B40D460978202903D115F890
:10583000014F202CFBD0156095602C782F2C11D0B7
:1058400084B16E1C3C2C1D4F35462AD8212C12D811
:1058500004F1FF3CBCF11E0F16D80020F0BC7047CD
:1058600015F8014F202CFBD02F2CF9D01D601146CC
:10587000F0BC01F01FBDA4F1220C5FFA8CFC27FAEA
:105880000CFC1CF0010FE8D12E2C01D0202C0DD1E6
:1058900016F8014B002CE5D02F2CE3D03C2C3546DC
:1058A000D4D95C2CD9D003D97C2CD6D09660EFE724
:1058B0003E3C012CFAD80020F0BC704701210005C5
:1058C0002DE9F04F90F8333083B00546DC0774D5EE
:1058D00058060F46904640F1B080D5E90023D5E93F
:1058E000041018EB020443F10003A14270EB030320
:1058F000C0F0A980B8F1000F5BD0464605F1180949
:10590000D5E90032D5F820A0DAF838441C40C4F3B9
:10591000080B002C70D1134370D195F831305A0622
:105920004CBFDAF83424EA69AA619AF84504023ACD
:10593000DAF82C14630A824001EB54211144BBF1C4
:10594000000F45D1B6F5007F42D3DAF81C22914210
:105950003ED0B6F5806F58D34FF0010B0BFA00FB29
:10596000ABEB030B730A9B4528BF9B4691424FEA62
:105970004B240AD801EB0B039A4206D20AF50470B5
:10598000019106F08FFD0199B8B1DAF814025B4677
:105990000268D2F814A03A46D04770B12346274493
:1059A000D5E900125B1842F10002361BC5E900324E
:1059B000A8D1404603B0BDE8F08F95F832304FF0E3
:1059C000FF3043F0020385F8323003B0BDE8F08FBA
:1059D000CBF5007400220AF50470B44228BF3446A7
:1059E00006F08CFD0028E8D000EB0B01224638467B
:1059F00009F0FCFB2346D2E7AA6996E795F8333015
:105A00005B060ED5AA6901328EE7DAF814023A462F
:105A100003681B6998470028CFD04FF400731C46D9
:105A2000BDE74A465046A96901F0B4FD0028C4DB31
:105A30000CD0D5F820A0AA6977E795F8313019077E
:105A40007FF558AF49E7A1EB020853E795F83130ED
:105A500013F0500FB1D0A8EB06084046AAE700BFEC
:105A6000F0B583B00122044685690DF10701D0E944
:105A70000067FFF725FF0128A5610CBF9DF807000F
:105A80004FF0FF30C4E9006703B0F0BD2DE9F04FDF
:105A90001F4690F8313083B00446D0F81880002BB0
:105AA00051D01646D0E9001CBC4508BF91425CD0DD
:105AB00056EA07024DD01D0704D5D0E90402B042D2
:105AC000BA4140D394F83320751ED4F820A0019237
:105AD00047F1FF309AF845240932D2B2C2F1200EC4
:105AE000D540A2F1200900FA0EFB20FA09F045EAA0
:105AF0000B0505430198400633D4481E20FA02F2F4
:105B00004CF1FF3051EA0C0C00FA0EFE20FA09F0BD
:105B100042EA0E0242EA000201D0954229D25B0617
:105B20004CBFDAF83434E369A36104F1180906E0E4
:105B3000A169013D206A01F02DFD002803DD4A46E0
:105B4000002DF5D107E00020C4F8188003B0BDE8AF
:105B5000F08F002383610120C4E9006703B0BDE832
:105B6000F08FE3692B44A361F5E7012003B0BDE8A2
:105B7000F08FAD1AD9E700BF2DE9F04F174690F826
:105B800031208FB00546002A40F0D7808B4691F82F
:105B9000311011F0500F00F0D08003F003019A464D
:105BA000032900F0CA80013103F0080041EA000334
:105BB0000293002F00F0CB80396901F10E08B6493D
:105BC000A1FB0818DBE900104FEAD808014308F1EF
:105BD00002085FFA88F805D000200021CBF81820D1
:105BE000CBE900010024029B264643F040030393C7
:105BF000202206A95846FFF763FE00B3202840F094
:105C00009C809DF918209DF81830002AC0F2A280CF
:105C100034B9DBF80020A2F12009DBF8182001924A
:105C2000444501D20134E4B2002B00F0138120225C
:105C300006A958460026FFF743FE0028DED11AF4D5
:105C4000007F7AD0029B9B0777D5002F75D0444503
:105C500017D2DDF804A0202206A95846FFF730FE2F
:105C6000631C002861D0202867D12CB9DBF8002004
:105C7000DBF818A0A2F12009DCB2A045EBD8CDF8E2
:105C800004A03822002128469BF833400DF0C6FAC4
:105C9000DBF82030C4F38014019A2B62082300261D
:105CA00085F82C4085F831303B68C5E909297B60CF
:105CB000BE81B8F1000F33D008F1FF39B346DFF8E9
:105CC000DCA15FFA89F9012259462846FFF74AFD0F
:105CD000044690B390F90020002A2EDB20220021F8
:105CE0000DF09CFA002E00F0BC80BBF1010F00F01B
:105CF000D780C123A3461E3404F81E3CBB89384616
:105D00001BB9D7E901239A4205D006F01FFC2BF8F6
:105D1000020FA345F2D101365FFA86FBD845D2D8EF
:105D2000284600F0FBFA06460DE05846DBF81860FE
:105D300000F024FB002840F0918000231E4685F8E7
:105D4000313085F8333030460FB0BDE8F08F4FF07A
:105D5000030847E756BB444538BF0024852B7FF432
:105D600047AF31463822284601260DF057FA9DF8F4
:105D70001C209DF8193085F8303002F03703D20628
:105D800058BF43F0080385F83130DBF80030DBF80A
:105D90002020203B2A62DBF81820C5E909239BF864
:105DA0003330C3F3801385F82C3021E7C02B28D083
:105DB000C12B7FF43CAF3A4606A9284601F0EEF924
:105DC000E8B1BB89DBB9D7E901329A4217D11AF49D
:105DD000006FB2D11AF4884F70D195F8333098071C
:105DE0006CD41AF4806FA8D11AF4804FABD0284637
:105DF000D5E90423FFF74AFE0028A4D19DE7064613
:105E0000F6E6029B85F833309DF819309B0702D5E2
:105E1000039B85F833300B9BEB61DDE90823C5E973
:105E20000423DDE90C23C5E90223002FCFD04FF076
:105E300000033A69BB813B687B609DF81B309A4246
:105E40007FF4F5AEBE8ABDF81C30F61AB6FA86F6B7
:105E50007609CDE6002F7FF4F2AE6EE7CBF818603E
:105E60000BE78523237085F8309084F80190DAF8E9
:105E70000030002B46D00DF113020DF1160105A8DC
:105E80009847BDF814306381BDF8163023819DF822
:105E9000133023753FE700BF89888888D45C0220CF
:105EA000C02384F801B02370029B63F07F0385F860
:105EB00033303B69E370BB8AA3802CE795F831301F
:105EC000D9063FF53AAF13F001017FF436AF1AF46B
:105ED000806F89D095F8332092077FF52EAF002B85
:105EE0003FF42BAFD5E90032134304D00022002346
:105EF000A961C5E90023284600F042FC00283FF4D0
:105F00001CAF20E745F621436381E381638202E70A
:105F10002DE9F043002597B0994690F83130019271
:105F20001495ADF81450002B3ED191F831300F4646
:105F300013F0500F38D01378044616462F2B37D065
:105F40004FF0000801AB02AA31462046FFF76AFC79
:105F500050B3019E3378002B3ED0002302AA39466D
:105F60002046FFF709FEF8B1A44608AD04F130075A
:105F7000DCF800000CF1100C5CF80C1CAE465CF870
:105F8000082C10355CF8043CBC45AEE80F00EFD19E
:105F9000DCF8000008AF2860204600F0BFF984F864
:105FA000318084F83380CDE7002017B0BDE8F0835E
:105FB00016F8011F2F29FBD00196B1B938222046CF
:105FC0003D6A0DF02BF9012340222562184684F822
:105FD000333084F83120E8E74B4602AA39462046A0
:105FE000FFF7CAFD17B0BDE8F0833822002108A8EA
:105FF0003D6A0DF013F9012308AF10958DF8533069
:1060000040238DF851309BE719B101F58961FFF705
:106010007FBF0846704700BF90F8313063B991F8F0
:10602000313013F0500F07D00B6813F01F0C03D161
:1060300013466246FFF7A0BD002070478169F8B59E
:106040000446006A01B10131012201F069F9012819
:10605000054632D901230146206A1A4601F0C0F9EB
:10606000064650B3A3695BB394F83320510612D5AA
:10607000591CA94218D022F04002E16984F833206B
:1060800005E0206A01F0A8FA3946B0B1A3694F1CB7
:1060900099423A46F5D34FF0FF322946206A01F083
:1060A0009BFA50B1A16911B93046A561F8BD2A46E5
:1060B000206A01F091FA0028F6D100263046F8BD9A
:1060C00094F8333043F0400384F83330ECE700BFFA
:1060D00090F833309A0736D5C16970B50546A1B935
:1060E0000024214607E0037803F07F03037095F84E
:1060F00030308B4229D3013401222846FFF732FB8E
:10610000E1B20028EFD1002070BD5B06006A34D5F3
:1061100090F84534D5E902240933013ADBB244F161
:10612000FF34C3F1200CDA40203B04FA0CFC24FAC3
:1061300003F342EA0C021A430023013201F050F942
:106140000028CDD1DFE70020704700232C6A85F8B6
:106150003130204685F8333006F0A4F90028D2D03B
:1061600004F5047006F09EF90028CCD0D4F8400461
:106170000368BDE870401B6A184701F04DFA00281B
:10618000AED1C0E790F83130DB0601D40020704773
:1061900010B5002288B000230446FFF777FC08E022
:1061A00020281BD19DF900309DF80020002B15DB25
:1061B00032B1202269462046FFF782FB0028EFD14A
:1061C00094F833300822204643F0020384F831204B
:1061D00084F83330FFF77CFF08B010BD002008B012
:1061E00010BD00BF2DE9F0414FF0000882B04A4FCA
:1061F00006464446414600223046FFF7B3FA0546BC
:1062000030B10178C02969D0C1292BD0852909D0A6
:1062100096F83230002043F0010386F8323002B0A5
:10622000BDE8F08196F8313003F0370383803B6896
:1062300083B10DF103020DF1060101A89847BDF8E5
:106240000630AB812B82BDF80430EB816B829DF868
:1062500003306B75326A92F8103243F0010382F812
:1062600010322978A1F185000022B0FA80F04009AF
:1062700001E00422A95CE303012A02F1010243EADE
:10628000540311FA83F39CB201D10028F1D11F2AE3
:10629000F0D908F1010896F830305FFA88F18B42A6
:1062A000A9D2012206F12401306A01F015F9002873
:1062B000AED0356A4480284606F0F4F80028A7D00E
:1062C00005F5047006F0EEF80028A1D0D5F84004DA
:1062D00003681B6A98470028A1D199E796F83330E4
:1062E00013F0400F437814BF43F0020303F0FD03A3
:1062F0004370D6E90401D6E90732C5E90201D6E9BF
:1063000002016B61C5E9060192F8103243F0010306
:1063100082F810322978A5E7D45C022038B590F8CD
:10632000313043B390F93320044690F83330002ADB
:106330000CDB056A284606F0B5F878B994F83230D7
:10634000002043F0010384F8323038BD03F07F03AE
:1063500080F83330BDE83840FFF744BF05F50470DE
:1063600006F0A0F80028E9D0D5F8400403681B6ABD
:1063700098470028E2D0012038BD00BF70B590F8E2
:10638000313005465A064CD480682B6AD3F83C3429
:106390001844B0F1806F01D3002070BD2846FFF78C
:1063A0004DFE0028F8D0286A0024AE6990F84534E4
:1063B000023E9E40D0F82C341E443119052200F5CF
:1063C0000470013406F09AF84FF40072002100289E
:1063D000E2D00CF023FF286A012390F84524934073
:1063E0009C42EAD395F831305B0615D495F83320FA
:1063F00062F07F02D5E9023185F83320D0F83C24E1
:106400009B1841F10000AB60D5E90431E8609B18AE
:1064100041F10001C5E904312846BDE87040FFF7AD
:106420007DBF006A01F0FEF9AFE700BF70B504461A
:1064300090F831009CB0002310F0180F0C931A93C1
:1064400003D0206A0B6A984202D000201CB070BDB5
:1064500040F601236846FFF75BFD0028F5D0A4460F
:1064600004F130060EADDCF800000CF1100C5CF805
:106470000C1CAE465CF8082C10355CF8043CB445A6
:10648000AEE80F00EFD1DCF8000009AA04F1240304
:1064900028609DF8305007CA83E8070094F833302D
:1064A000204684F8305063F07F0384F83330FFF7E0
:1064B00035FF0028C9D00021022208230EA815911B
:1064C0008DF86B208DF86930FFF702FEBEE700BF44
:1064D00038B591F8313013F0500F02D1002528461D
:1064E00038BD40F602230446FFF746FB0028F5D0EE
:1064F0001023204684F83130FFF740FF054600287E
:10650000ECD0A169002200232046E161FFF7BEFA2A
:10651000C12294F8313084F83320002BDFD041239E
:10652000204684F83330BDE83840FFF75BBE00BF3B
:10653000F0B5002597B01F4690F831300192ADF8C4
:1065400014501495002B46D191F831300E4613F0BB
:10655000500F40D01378044611462F2B3ED001AB8C
:1065600002AA2046FFF75EF9002834D0019B1B7871
:10657000002B41D0002302AA31462046FFF7FCFA47
:1065800030B947B302AA31462046FFF7A1FF10B346
:10659000A44608AD04F13006DCF800000CF1100C44
:1065A0005CF80C1CAE465CF8082C10355CF8043C1A
:1065B000B445AEE80F00EFD1DCF8000008AE28606B
:1065C0002046FFF7EDF8019901AB02AA2046FFF73C
:1065D00029F90028CAD1002017B0F0BD013101917E
:1065E0000B782F2BFAD0316A08A8FFF707F900289B
:1065F000F1D0019908AEB2E702AA31462046FFF772
:1066000067FF17B0F0BD00BF2DE9F04F0E4690F8C0
:10661000311083B009079DF830B09DF834909DF893
:1066200038809DF83C7040F18580A2F2BC7294B233
:106630007F2C7FD85A1E0B2A7CD80BF1FF321E2AE2
:1066400078D8B8F13B0F98BFB9F1170F8CBF4FF056
:10665000010A4FF0000A3B2F88BF4AF0010ABAF145
:10666000000F67D105460193FFF758FE002861D05F
:10667000019B51464BEA431B7B0817F001074BEA8D
:106680004424D34643EA481818BF6427A4B248EA12
:10669000C92806F001091FFA88F800222846FFF7EA
:1066A00061F8002846D090F800C0BCF1850F45D0B5
:1066B0000CF14003DBB2012B3CD8ACF18501002387
:1066C000B1FA81F1490902E0042310F803C04FEA4E
:1066D000CB32012B03F1010342EA5B021CFA82F286
:1066E0001FFA82FB01D10029EED11F2BEDD90AF14F
:1066F000010A95F830305FFA8AF18B42CDD201223F
:1067000005F12401286A00F0E7FE98B12C6AA0F890
:1067100002B0204605F0C6FE60B104F5047005F035
:10672000C1FE38B1D4F8400403681B6A03B0BDE869
:10673000F04F1847002003B0BDE8F08F95F83130D6
:106740002A6A03F03703838092F8103243F0010382
:1067500082F81032B9F1000F02D0A0F81080448204
:10676000B20703D50775A0F808804481730703D5E5
:106770004775A0F80C80C48190F800C09DE700BF69
:1067800090F833309A0762D570B5C56982B0044677
:10679000A5B313F0400634D0006AA26890F845C44F
:1067A000013AE1680CF1090C41F1FF315FFA8CFC10
:1067B000CCF1200E22FA0CF2ACF1200C01FA0EFE04
:1067C00021FA0CFCA16942EA0E0242EA0C020132F3
:1067D00019B3013D6D1A01312A44019172BB63F076
:1067E0007F03204694ED007B84F8333084ED027BF8
:1067F00084ED047BFFF792FD02B070BD012002B072
:1068000070BD816961B90195C1612946206A00F0B6
:1068100003FFC8B194F83330E1E70195E161DDE7AA
:1068200001AA006A019600F0B5FE00280CDB10D129
:10683000019D002DE9D194F83330D0E70023019970
:1068400000F0CEFD0028E5D1002002B070BD002090
:1068500070474FF0FF32A169206A00F0BDFE0028AA
:10686000E6D1F1E72DE9F04390F8333083B00446E8
:106870009D0740F1A18091461A070E4600F19580D0
:10688000B9F1000F00F0288123684D46206AA16904
:10689000D0F8382402EA0308C8F30807B8F1000F5B
:1068A00040F09480002900F0D48094F833305B06E7
:1068B00040F1EC8090F845C4D4E902320CF1090CA7
:1068C000013B5FFA8CFC42F1FF32CCF1200E23FA3F
:1068D0000CF3ACF1200C02FA0EFE22FA0CFCE26979
:1068E00043EA0E0343EA0C031344994280F0D58037
:1068F0000131A16190F845240239D0F82C3491403F
:106900001944B5F5007FC0F08A80B5F5806FC0F0FE
:10691000A680012393406A0AA3EB0803934228BF91
:106920001346D0F81C228A424FEA432809D35F1845
:10693000BA4206D2002280F810224FF0FF32C0F88F
:106940001C22D0F8140232460768BF6AB84798B3D1
:1069500043464644A5EB0805D4E90072D4E9040196
:10696000DB1942F1000298429141C4E9003207D29A
:1069700094F8331061F07F01C4E9043284F83310D5
:10698000002D83D1D4E9020198429141C0F0968054
:10699000534B1B68002B00F09D8094F83330484621
:1069A00063F07F0384F833300DE0D0E90423FFF770
:1069B0006DF800287FF464AF94F83230002043F083
:1069C000010384F8323003B0BDE8F08390F8452429
:1069D00002394FEA5828D0F82C34914041441944E8
:1069E000002F8ED0C7F50078012200F50470A8456D
:1069F00028BFA84605F082FD0028DDD03844474472
:106A00004246314608F0F2FBB7F5007F206A9FD17D
:106A100000F5047005F046FD002899D1CCE76268C6
:106A2000636900920193226923689342DDE90023A0
:106A30009A4112D2012200F5047005F05FFD002892
:106A4000BAD02A4631463844A84608F0CFFB2B4638
:106A50007FE7E16949B3A1614CE70522EBE7D0F894
:106A60001C328B4206D1002380F810324FF0FF33E6
:106A7000C0F81C32D0F81402324603685B6A9847AB
:106A8000002899D04FF40073984662E704F1180289
:106A900000F080FD00288FDB04D12046FFF7CEFAFE
:106AA000002889D0A169206A24E72046FFF7C6FAAA
:106AB000002881D0A169206AE1611BE794F83310B6
:106AC0004846C4E9023261F07F0384F8333003B0F2
:106AD000BDE8F083484676E7D4E9003252E700BFCC
:106AE000D45C022069B170B5054608460C460CF02E
:106AF0002FFC2B680246214628465B68BDE87040A3
:106B0000184770478368C3F3080383B1002110B4AA
:106B10000269D1540133B3F5007FF9D10168D0E99E
:106B200003321C681846636A5DF8044B184701205D
:106B3000704700BF82680346006940F2FF1CC2F341
:106B4000080281546245586801EB7001986800F1B1
:106B50000100C3E9011001D001207047D86819680D
:106B600010B404684A1C646A1A601A6923465DF806
:106B7000044B184738B58368CAB20D460169C3F3A0
:106B8000080340F2FF1C0446CA546345416802EB07
:106B900071024260826802F10102826005D0290A16
:106BA0002046BDE83840FFF7C5BF0168C0684A1CF1
:106BB00003685B6A2260226998470028EFD138BDDC
:106BC000F8B50023064601601D46C0E90133A8B2AE
:106BD00005F0D0FDA842044607D0C1B23046FFF709
:106BE000A9FF00283BD10020F8BD6C1CB4F5803F04
:106BF00004D12AE00134B4F5803F04D0A0B205F0FE
:106C0000B9FDA042F6D0671BB7F5007F1DD34FF644
:106C1000FF713046FFF7AEFF0028E4D0B9B230462E
:106C2000FFF7A8FF0028DED02546B5F5803FCED17E
:106C30003046BDE8F840FFF765BFC5F30721304691
:106C40000135FFF777FF0028CDD0A542E9B23046E5
:106C5000EBD2FFF76FFF0028EFD10020F8BDC4F39F
:106C600007213046FFF766FF0028BCD00135DCE77E
:106C70002DE9F04F1F4689B00B680D46049014466D
:106C8000C16002610846DB699847B0F5801F00903B
:106C9000C0F0D88000230122009E01335200DBB2F5
:106CA00001D09642F9D81C2B009640F2B780A3F190
:106CB0000B08012248FA02F1C8F347088A40029102
:106CC0000792013301225B109A40069204229A40F7
:106CD0000392022202FA03F30193009A0021039B1C
:106CE0002046029E4FF0010AD31A4FF400724AF672
:106CF000552BF34003FA06F90593019E0CF08EFA2A
:106D0000FF2384F8BFA184F8C0A1B14484F8C43142
:106D1000224684F8C53107230021284684F8C23171
:106D2000FE23C4F8C66184F8C3312B68C4F8CA9145
:106D30005B6AA4F8FEB19847002863D04FF4007254
:106D4000002120460CF06AFA009B84F86D804FF019
:106D500000086366F421059B04F17800069AE36558
:106D60002023266423726372A372EB23A665464632
:106D700023707623C4F848906370902384F86EA043
:106D8000A3704523E3705823237146236371412385
:106D9000A3715423E371042323664FF48073A4F892
:106DA0006830092384F86C308023C4E9142284F805
:106DB0006F304FF4C3720CF031FAA4F8FEB1A8F1B1
:106DC0006A03012B06D9B8F1700F03D014F808300C
:106DD00003EB760608F10108B8F5007FEFD12B68C8
:106DE0002246DDF8049028465B6A4946984748B138
:106DF0002B684946224628465B6A0C31CDF8049040
:106E0000984740BB2FB13B680F22B84938465B68B2
:106E100098470026304609B0BDE8F08F1A2B4FF096
:106E2000080800F2A6814FF48043CDF80880019352
:106E30004FF4004303934FF4807307934FF40053D0
:106E400006934AE7002FE4D03B681522A84938464C
:106E50005B689847D7E742460021204609F1010ABE
:106E60000CF0DCF94AF6552309F1090204F2FF1986
:106E7000A4F8FE3100239346A04601E018F8013F34
:106E8000C14503EB7606F9D12B68224651462846C8
:106E90005B6A98470028B5D02B6822460AF10C019E
:106EA00028465B6A98470028ACD00AF101039B454D
:106EB00002D09A462378DFE74FF400720021204683
:106EC0009B460CF0ABF900220AF1030A1146234657
:106ED00001E013F8011F984501EB7606F9D12B6804
:106EE0002246594628465B6A984700288AD02B6874
:106EF00022460BF10C0128465B6A9847002881D096
:106F00000BF101018A456AD1231F04F5FE7243F893
:106F1000046F9A42FBD12B68224628465B6A984749
:106F200000283FF46FAF2B680BF10D012246284675
:106F30005B6A984700283FF465AF2FB13B680C228D
:106F40006C4938465B689847069A0021019B2046A9
:106F5000002613444FF400729946059B4FEA8308BC
:106F60000CF05CF923464FF0FF3208F20728F821B5
:106F7000B7F1000B4FEA582A03F8011B4FEA983883
:106F8000C4F8012018BF4FF0010BDA605A609A6014
:106F9000C3F80F2002E00136B24523D0B6FBF8F368
:106FA00008FB136343B9BBF1000F05D03B68012216
:106FB000514938465B6898472B6809EB0601224621
:106FC00028465B6A984700283FF41CAF002EE2D1A8
:106FD00031464FF4007220460CF020F9DBE78B4677
:106FE000217874E7002F34D03B68022243493846A9
:106FF0005B689847059E079A0736F60806F2FF1366
:10700000B2EB532F4FEA5329FFF4FDAE4FF4007259
:10701000002120460CF002F907232370B9F1000F7C
:1070200000F08A804FF0000808E0B8F1000F01D1AD
:1070300084F8008008F10108C1457BD9039A2846ED
:107040002B6802EB080122465B6A98470028ECD1C6
:10705000D8E6059E079A0736F60806F2FF13B2EB4C
:10706000532F4FEA5329FFF4D4AE4FF40072394640
:1070700020460CF0D3F807232370B9F1000FD1D1CB
:10708000039B079A04989918FFF79AFD00283FF48C
:10709000C0AE029A4FF400739340049A92689A42E9
:1070A0003FF6B7AE4FF00208029B4FF4007200218A
:1070B00008FA03F9039B204699440CF0AFF88122AB
:1070C0000323049909F1FF3984F8202082222370D8
:1070D00084F84020C4E90D864A684FF001086365D2
:1070E00062648B68A3650023E3650EE0407C0020AA
:1070F000DC7B0020F47B0020047C00201C7C002032
:10710000079B98453BD208F101082B6809EB080161
:10711000224628465B6A9847064600283FF472AE2E
:10712000B8F1010FECD14FF40072002120460CF0B1
:1071300075F8E8E7002FA3D03B68162214493846BB
:107140005B689847039B079A04989918FFF738FDE6
:1071500000283FF458AE029A4FF400739340049A0B
:1071600092689A423FF64FAE0A493846FFF7BAFC9A
:1071700098E74FF48072CDF808800792A1E5002FC0
:107180003FF448AE04493846FFF7ACFC42E600BF86
:10719000087C0020207C0020307C00202DE9F0417C
:1071A0000C46154601F11E08AB89284634F8027FCB
:1071B0001BB9D5E901239A420ED005F0C7F905F0B5
:1071C000D9FA0646384605F0D5FA864209D1444533
:1071D000EAD10120BDE8F081B7FA87F04009BDE8A7
:1071E000F0810020BDE8F0812DE9F04F90F83130BA
:1071F00083B08846002B4FD090F830300746012BE3
:1072000053D9013A0B464FF0020A00248E18DFF8DA
:10721000A0B00022514638460193FEF7A3FA002899
:107220003AD00278C12A37D1054600F11E09019BE8
:1072300035F8020F24B300F5105292B2B2F5806F08
:107240002AD20BEA8424C0F30900204300F58030E1
:107250001946324605F0F0F90346E8B100244D45E1
:10726000E6D10AF1010A97F830205FFA8AFA52450E
:10727000CFD2A3EB08009846002388F800300FE037
:1072800000F5205292B2B2F5006F02D30028DFD190
:10729000EFE7B2F5806F06D30023184688F8003078
:1072A00003B0BDE8F08F0446D9E70020E4E700BF53
:1072B00000FC0F0070B50C4600234FF6FF752268E6
:1072C00019461E46A3812361626017E005F03EF96E
:1072D000A84222D005F04EFA2369F203A1890133B6
:1072E00042EA5602060A236152FA80F083B2C0F3E2
:1072F0004E0040EAC33016FA80F086B220460029DC
:10730000E4D1D4E901239A42E0D12069A682013870
:10731000FE288CBF0020012070BD002070BD00BF82
:107320002DE9F84F07468A469146002942D0A1F13F
:107330000208D7F83034434542D908F00703012545
:10734000C8F3C80B9D40EDB246464446D7F82C140E
:107350000022384601EB143105F0D0F8E8B10BF10A
:10736000FF3B834400F2FF101BF8011F0AE04A456F
:107370002BD0A04510D0D7F83054A54214D913F023
:10738000FF050CD0013429424FEA4503A4EB060265
:10739000EDD0A0452646EED10120BDE8F88F584536
:1073A0004FF00105E0D101E00026344601254FF001
:1073B000000BCBE7D0F82084D7F830344345BCD855
:1073C0004FF000080125C346BEE7BAF1000F04D113
:1073D000B9F1010F08BFC7F82064B01CBDE8F88FF1
:1073E0002DE9F8438046881E15461E468318D8F8B6
:1073F0003024934237D8CEBBD8F82034834288BF9C
:10740000C8F8200400F007030124D8F82C74C0F356
:10741000C8099C4007EB1031E4B2012240468F18A6
:1074200005F06CF8F8B109F1FF3E864400F2FF1058
:107430001EF801CF1CEA040F8CEA040C4FEA440446
:1074400014BF01220022B2420DD0013D8EF800C0CF
:1074500018D014F0FF04EDD17045A1464FF001049F
:10746000E6D13946D9E70020BDE8F883D8F82014E2
:107470008B42C7D98142C5D3934228BF0023C8F8A5
:107480002034BFE70120BDE8F88300BFF8B5D0F88D
:10749000303401338B4201D20020F8BD07460C4640
:1074A00000F50476002505E0D7F8303401350133C6
:1074B000A342F1D3D7F824140022304601EBD411B3
:1074C00005F01CF8A4000028E6D0C4F30804045911
:1074D000631CE9D1681CF8BD38B50C460B6890F800
:1074E00045C400F50470D0F82812023B656803FA21
:1074F0000CF3294003EB5123D0F81C12194404F07B
:10750000FDFF18B16368C3F30803184438BD00BF1A
:107510002DE9F8430C46D0F8383449680B40114443
:107520006160134490F8451401F10902D2B2D340CE
:107530002BB380465D1E00F5047905E02368013D0C
:1075400003F1010323601AD3267A002EF6D1D8F86E
:10755000303432462768484601339F4212D8D8F863
:10756000241401EBD71104F0C9FFBF0050B1C7F3D9
:107570000807C3595A1C09D0013D2360E4D20120F9
:10758000BDE8F8834FF0FF30BDE8F8833046BDE832
:10759000F88300BF38B5D0F8303401338B4202D2C3
:1075A0004FF0FF3038BD0C46D0F82414154600F5D6
:1075B0000470002201EBD41104F0A0FF0028EFD0EA
:1075C000A400C4F3080403595A1C02D001202B6004
:1075D00038BD002038BD00BF01291BD938B5D0F80F
:1075E00030340C4601338B4201D2002038BDD0F834
:1075F0002414154600F50470012201EBD41104F0A7
:107600007DFF03460028F0D0A4000120C4F3080445
:107610001D5138BD00207047D0F8303401339942F5
:1076200001D9002070472DE9F04F054683B00C4684
:1076300000F504790F464FF00008D5F82414002215
:1076400048464FEAD41B01EBD41104F057FF90B128
:10765000A300C3F30803C2580193531C16BF164678
:107660004FF0000A4FF0010A012C04D9D5F830245C
:107670000132944203D9002003B0BDE8F08FD5F861
:10768000241401224846594404F038FF0028F2D05F
:10769000019B40F80380BAF1000F12D00134B442CC
:1076A00008D00023E21B39462846FFF799FE002840
:1076B000E1D03746D5F830340133B342DBD334461A
:1076C000BBE7621C534639462846D21B03B0BDE8CF
:1076D000F04FFFF785BE00BF2DE9F84300250646B1
:1076E000D0F82C1400F504782C46002240464F1C9C
:1076F00004F004FFA8B100F1FF3E04F58059D6F86C
:10770000300405E079B90834844209D24C4516D0DA
:107710001EF8011FFF29F5D1083408358442F5D33E
:10772000401BBDE8F8830822012319424FEA430CAD
:1077300018BF0135013A5FFA8CF3F6D1E3E7394619
:10774000D3E700BFF8B500234FF0FF3600F504770C
:107750001546C0F84014044641601A46C0F8141299
:10776000194680F844340370C66080F81032C0F8BF
:107770001C62384604F0C2FE042D0DD8064658B1EE
:10778000BDB16B1E00EB031393F8BE2112F07F0214
:1077900002D193F8C2310BB90020F8BD00EB0516F9
:1077A0003846D6F8B651294604F0A8FE0646002809
:1077B000F2D005221A49F01C0BF0F4F90028EBD1A5
:1077C00096F86C30092BE7D1336D01462B44C4F891
:1077D0002434736DC4F82834B36D2B440125C4F8E8
:1077E0002C34F36DC4F83034336EC4F8343496F866
:1077F0006D20C4F82004204602F1090384F84524D2
:1078000005FA03F35A1EC4F83C34C4F838242A4657
:10781000FFF786FD4023284684F84434F8BD00BFB6
:10782000507C002010B50446D0F83414FFF72EFE2B
:1078300094F845340933DBB2984010BD70B590F927
:10784000023082B00446002B0DDBA56805F128004C
:1078500004F028FE00283BD16378002043F00103A8
:10786000637002B070BD80680122A169283004F005
:1078700045FE0028F0D0A58805F00F056B0100EB50
:107880004515C35CE52BE7D023781B0701D5E369D9
:10789000EB61236A15491A0C6B830E68AA8266B1E4
:1078A0000DF103020DF1060101A8B047BDF8043047
:1078B000BDF806202B836B82EA82A378A56803F0CB
:1078C0007F0305F12800A37004F0ECFD0028C3D06D
:1078D00005F50E7004F0E6FD0028BDD028680368A9
:1078E0001B6A98470028B7D0BBE700BFD45C0220D2
:1078F000024638B552F8105F04468068294602F007
:1079000021F950B155B123690135AB42A37818BFB5
:1079100003F0BF0363F07F03A37038BDA37843F087
:107920004003F7E7F8B5047814F0200404D11A4BAB
:10793000054642699A4202D300273846F8BDFFF750
:10794000D7FF07460028F7D0A8682E698279023E43
:10795000416996400E440179A9B1214606E00BF039
:107960005DFCA868E1B202798A420BD93144052254
:107970002830013404F0C2FD4FF4007200210028C9
:10798000EDD1D9E782794FF40073696938469340A5
:1079900011FA83F36B61F8BD00FE1F0010B50446B9
:1079A00080680A462830A16904F0A8FD20B1A388A8
:1079B00003F00F0300EB431010BD00BF10B50378B8
:1079C00004462BB1FFF73AFF00232370A37010BDCC
:1079D000002301202370A37010BD00BF38B50378C9
:1079E00005460C4613B1FFF729FFF0B1A868002245
:1079F000A969283004F082FDB8B1AA8802F00F020C
:107A000000EB421352015D6880589968DA68206083
:107A10006560A160E26018695D699969DA69206151
:107A200001206561A161E26138BD002038BD00BF61
:107A300030B589B00D4614466946FFF7CFFF28B12F
:107A4000BDF81020BDF80E302A80238009B030BD6B
:107A500030B589B00D4614466946FFF7BFFF28B11F
:107A6000BDF81820BDF816302A80238009B030BD3B
:107A70000B7813F0700F01D100207047F0B540F67D
:107A8000022389B00D46044601F0F0F838B1012216
:107A900010232046A2702370FFF744FF10B9002086
:107AA00009B0F0BD2269237822626BB1636933B1FA
:107AB000A378002223F02003C4E90422A370204607
:107AC000FFF7BCFE0028EAD0A0680122A169283097
:107AD00004F014FD0028E2D0B4F804C010220CF029
:107AE0000F0C4FEA4C1300EB4C1C8CF80B20C058C9
:107AF000A768236A97F806E09E1EDCF80410DCF8FD
:107B00000820DCF80C3006FA0EF6EE46AEE80F0060
:107B1000DCF81000DCF81410DCF81820DCF81C305D
:107B2000AEE80F007B6907F128000122F1184FF041
:107B30002033CDF80130CDF80530ADF8093004F030
:107B4000DDFC84460028AAD02E27EE468DF8007072
:107B50007646BEE80F00CCF80000CCF80410CCF854
:107B60000820CCF80C308DF80170BEE80F00CCF87E
:107B70001000CCF81410CCF81820CCF81C302B6A6C
:107B80001A0CADF81A30ADF814200FCECCF8200046
:107B9000CCF82410CCF82820CCF82C300FCECCF820
:107BA0003000CCF83410CCF83820CCF83C30A46845
:107BB00004F1280004F076FC00283FF470AF04F5CF
:107BC0000E7004F06FFC00283FF469AF2068036872
:107BD0001B6A09B0BDE8F040184700BF2DE9F0412D
:107BE000002694B0984603780192ADF814600B9685
:107BF000002B41D10B780D4613F0700F3CD0137859
:107C0000044616462F2B3BD0002728E0019E3678ED
:107C1000002E50D001F02AF8034602AA2946204639
:107C20002BB9B8F1000F27D0FFF722FF20B3A646EB
:107C30000DF12C0CBEE80F00ACE80F00BEE80F0001
:107C4000ACE80F00DEF8005020462378CCF8005056
:107C50000BB1FFF7F3FD019E0BAD2770A770314606
:107C600001AB02AA204601F04DF9064602AA2946B8
:107C700000232046002EC9D1002014B0BDE8F081B9
:107C80000136019633782F2BFAD0AD6824220021DB
:107C90000BA80BF0C3FA0D95EB79102B03D0202B1A
:107CA0000FD00C2BE8D120238DF82C3001230BAD05
:107CB0008DF82E30A8E702AAFFF7DAFE14B0BDE86F
:107CC000F0814023F0E700BF2DE9F041002594B09A
:107CD0009846037801920295ADF83850002B37D1C1
:107CE0000B780E4613F0700F32D013780446154609
:107CF0002F2B31D000271EE0019D2D78002D40D084
:107D000000F0B4FFA6460DF1080C08B366462578CE
:107D1000BEE80F00ACE80F00BEE80F00ACE80F00B3
:107D2000DEF800302046CCF800300DB1FFF786FDBC
:107D3000019D2770A770294601AB0BAA204601F0D0
:107D4000E1F805460BAA314600232046002DD3D189
:107D5000002014B0BDE8F0810135019529782F2964
:107D6000FAD0A9B9B568242220460BF057FAA560CD
:107D7000EB79102B03D0202B22D00C2BE8D1202222
:107D80001FE043460BAA00F071FF14B0BDE8F0817C
:107D9000B6682422002102A80BF040FA0496F37979
:107DA000102B03D0202B03D00C2BD1D1202300E0AB
:107DB00040238DF80830012302AE8DF80A3099E790
:107DC0004022012322701846A370C2E719B101F5C1
:107DD0008961FFF779BF0846704700BFCB6870B56F
:107DE0000D46044693B906780EB1184670BD8D68ED
:107DF000242231460BF012FAA560EB79102B18D033
:107E0000202B10D00C2B14D0304670BD2422002122
:107E10000BF004FA01201023A0702370D5E902238F
:107E2000A260236270BD4022012322701846A37015
:107E300070BD2022F8E700BF70B505780DB10020B5
:107E400070BD0E460446242229460BF0E7F9A660D1
:107E5000F379102B0BD0202B03D00C2B07D0284606
:107E600070BD4022012322701846A37070BD2022ED
:107E7000F8E700BF2DE9F04F2DED028B837883B03A
:107E80000546DF0740F18C808846017892460E0750
:107E900000F191808C0608D583685A894369C3EB49
:107EA00042139BB29A4528BF9A46BAF1000F00F0E0
:107EB000AF806A6905F11003880656464FF0000945
:107EC00008EE103AAF68C2F3080B3DD5396A01EBF2
:107ED0005221BBF1000F51D1B6F5007F4ED37A6B22
:107EE00091424BD0B6F5806FC0F082802878730A3B
:107EF000800605D43879A0EB0900834228BF0346E9
:107F000091424FEA43240CD8C818824209D207F1A3
:107F10002800CDE9001304F0C5FADDE900130028BC
:107F20003ED0F86A026857694246B847002837D001
:107F30006A69361BA04422446A6169D02978C2F379
:107F4000080BAF688806C1D497F8059009EA522952
:107F5000BBF1000F36D1B9F1000F33D1002A33D174
:107F60004A064CBF3A6A2A6A2A61023AB8797969A4
:107F7000824049441144BBF1000FADD0CBF50074F1
:107F8000002207F12800B44228BF344604F0B6FAB4
:107F900030B100EB0B012246404607F027F9C7E756
:107FA0006B784FF0FF3043F002036B7003B0BDEC11
:107FB000028BBDE8F08FC36942699B1A9A4528BFBE
:107FC0009A4672E72A69D0E70B0705D5AA785406C6
:107FD00002D52A690132C7E718EE102A3846296906
:107FE00001F0FEFD0028DBDB0CD0AF682A69BCE79E
:107FF000F86A424603681B6998470028D0D04FF4BE
:10800000007495E72B7813F0700FC9D0AAEB060A1D
:10801000504603B0BDEC028BBDE8F08F70B582B066
:10802000012204460DF10701D0E90456FFF722FFB3
:1080300001280CBF9DF807004FF0FF30C4E904563B
:1080400002B070BD436913F4F07F30B5044683B0CD
:10805000C3F3431509D0012907D120334361A06838
:10806000383000EB451003B030BD01220DF107019F
:108070002046FFF7FFFE40B2012803D163691F339A
:108080006361ECE70020EEE72DE9F04103789AB058
:10809000002613F0180F0896119606D0174683682D
:1080A0008A6804460D469A4203D000201AB0BDE803
:1080B000F081FFF7C3FBA6460DF1440CBEE80F00AC
:1080C000ACE80F00BEE80F00ACE80F00DEF80030AF
:1080D0003246A169CCF80030A36803F1280004F00F
:1080E0000DFA0028E1D0A288EC4694F8008002F056
:1080F0000F0200EB421E5201DEF804108058DEF839
:108100000C30DEF80820ACE80F00DEF81410DEF8C2
:108110001820DEF81C30DEF81000ACE80F0018F074
:1081200008033A46294640F09B8008A8FFF756FD11
:108130000028BAD0109EBDF8243000250E990122E7
:10814000A3809DF82330A068E3700B9B2830A161C9
:10815000E3608DF820508DF8225004F0CFF900280C
:10816000A3D0A38803F00F0300EB4310DDF80D301C
:10817000C0F80D30DDF81130C0F81130DDF81530E1
:10818000C0F81530DDF81930C0F81930BDF81D30D1
:10819000A0F81D309DF81F30C3779DF80B30C372D7
:1081A000002E3BD0A068B31E2A46817928308B4030
:1081B00050F8141C194404F0A1F9054600283FF4B6
:1081C00074AF006A6F46696AAA6AEB6A0FC7286BC8
:1081D000696BAA6BEB6B0FC73146A06801F022FDFB
:1081E00000283FF462AFA068236A82792830023BFE
:1081F00050F8141C93400122194404F07FF90646FC
:1082000000283FF452AF6D460FCD30627162B2620A
:10821000F3620FCD30637163B263F3630021022216
:10822000082311A819918DF846208DF8443000F0EC
:10823000D3FE00283FF439AFA46804F1280004F00D
:1082400031F900283FF431AF04F50E7004F02AF93B
:1082500000283FF42AAF206803681B6A984725E787
:1082600040F601236046FFF72FFD00287FF463AF3F
:108270001BE700BF0378DA0601D40020704743698A
:1082800030B5044683B033B18378002223F0200355
:10829000C0E90422837000230FE06361A3686A01D0
:1082A00038339A5C03EB4513EAB1E52A04D02E2A51
:1082B00002D0DB7A1B0722D5636913F4F07FC3F386
:1082C000431503F12003E8D101220DF107012046F7
:1082D000FFF7D0FD40B2012803D163691F3363610A
:1082E000DCE763785BB9A3780822204643F00203F9
:1082F0002270A37003B0BDE8304000F06DBE0020D6
:1083000003B030BD2DE9F041037804460769002B26
:1083100039D00D464169A94242D0002D37D0180707
:108320002AD5E269AA422ED3D4F808C06E1EA278DC
:108330009CF8060012F0400F00F10900C0B226FAC6
:1083400000F630D14A1EC24009B196422FD25B06D8
:108350004CBFDCF82030236A236104F1100806E0EA
:108360002169013EA06801F03BFC00280BDD42467C
:10837000002EF5D1A2780CE09A06D5D5A3685B89CA
:10838000B5EB431FF6D900202761BDE8F081827864
:10839000056122F0200201206561A270BDE8F08134
:1083A0000120BDE8F081236A33442361F1E7B61A66
:1083B000D3E700BF2DE9F0410E46154600212422E7
:1083C000044698469DF818700AF028FFB068336A92
:1083D00000F13802A58005F00F0502EB4512C4E953
:1083E0000203D17A0B0711D401F017012170D37A5F
:1083F00013F0180F02D141F00801217008F00303B7
:10840000E770012B38D0022B06D0F3B100231846B9
:108410002370A370BDE8F08103232178CD06F5D445
:10842000CE07F3D408F0080118F4806F43EA010383
:10843000A370416B958AA161518B41EA054112D02D
:1084400019BB63F07F03A37010E018F4806FDDD1D7
:1084500008F0080343F00103A370416B938AA16104
:10846000518B41EA03412162D369E36118F4804FE3
:1084700004D10120BDE8F0810223CEE7E169204666
:10848000FFF740FF0028F4D1C0E701F0CBFB002844
:10849000BCD0A378D5E700BF0378002B45D12DE9E8
:1084A000F0470B7884B00C4613F0700F30D04B6956
:1084B00013F01F052CD106469046A94601220DF166
:1084C0000F012046C3F3431A5F09FFF7D3FC40B204
:1084D0004FEA4A1201281BD16369A1681F3301F1D9
:1084E000380C63611CF802200CEB4A1C82B12E2A66
:1084F00012D0A2F1E500B0FA80F0400960B99CF812
:108500000B1011F0080E12D00F2907D00546D5E741
:10851000002004B0BDE8F0870025CFE75106CDD597
:1085200002F01F059CF80D90C8E70020704785B148
:108530000CF10A0101E01CF8012F4FEACE1361454E
:1085400043EA5E0352FA83F35FFA83FEF3D1CE452A
:10855000DED14346BAB2214630460095FFF72AFFE6
:10856000D7E700BF03780BB1FFF768B90120704768
:108570002DE9F0470E46017882B009079DF8287072
:108580009DF82C909DF830A09DF8348018D5A2F26B
:10859000BC7294B27F2C13D85A1E01930B2A0FD8A9
:1085A0007A1E1E2A0CD8BAF13B0F98BFB9F1170FEB
:1085B00006D8B8F13B0F03D80546FFF73FF918B9C5
:1085C000002002B0BDE8F087A8680122A969283020
:1085D00003F094FF0028F3D0019B4FEA5802A988CA
:1085E00047EA4313F70701F00F0142EA4A1243EA50
:1085F000442300EB41109BB242EAC92248BF4382A8
:10860000B40792B208D518F001080382C28118BFDE
:108610004FF0640880F80D80710701D50383C28292
:10862000AC6804F1280003F03DFF0028C8D004F531
:108630000E7003F037FF0028C2D0206803681B6A61
:1086400002B0BDE8F047184783789B0727D5036A37
:1086500010B5044682B0ABB1016911BB0193016250
:108660001946A06801F0DEFAB0B1A378616963F041
:108670007F032278E161A37022B12046FFF7DEF884
:1086800002B010BD012002B010BD6FF07042216930
:10869000A06801F0B7FA68B9002002B010BD002050
:1086A0007047002301AA8068019301F099FA00281D
:1086B000F2DBEAD1019B002BD7D0D1E72DE9F047BF
:1086C000837805469C0777D588461907914600F1BF
:1086D000B5806B6913EB09026ED2B9F1000F40D07F
:1086E0004F464FF0000AA868C3F308062969447989
:1086F00014EA53243FD1002E3DD100296ED0AA7830
:10870000520676D5EA699A4273D901312961023954
:108710008279436991401944B7F5007F53D3B7F587
:10872000806F70D303797A0A1B1B934228BF1346CC
:10873000426B8A424FEA432407D35E18B24204D206
:108740004FF0FF3280F828A04263C06A42460668B4
:10875000B66AB04780B36B693F1BA04423446B618A
:10876000C1D1EA699A4276D2AA784846EB6162F0B2
:108770007F03AB7025E08279023943699140194447
:108780002144002EC8D0C6F500740122BC4228BF87
:108790003C46283003F0B2FE70B1304426442246F5
:1087A000414606F023FDB6F5007FA868D3D12830F6
:1087B00003F078FE0028CED16B78002043F001034F
:1087C0006B70BDE8F087C6F500746A69EB69BC425E
:1087D00028BF3C469A4205D30522DAE7296A21B32D
:1087E000296194E7AB7813F0200F14BF0522012212
:1087F000CFE705F1100201F0F3F90028DCDB24D00B
:10880000A868296983E7436B8B4204D14FF0FF339B
:1088100080F828A04363C06A424603685B6A9847B1
:108820000028C9D04FF4007495E72846FFF760F898
:108830000028C1D02969A868296268E7C169FFF7E3
:1088400061FD00287FF445AFB6E72846FFF750F8F2
:108850000028D5D1B0E7054B1B682BB1AB78484653
:1088600063F07F03AB70ACE74846AAE7D45C022014
:108870002DE9F04F84468DB014461568984606469B
:10888000894603AF01934FF0000EBCE80F000FC7FD
:10889000BCE80F000FC7DCF8003065603B60434662
:1088A000A4F80CE0002B3FD04FF0010AA9EB0A011D
:1088B00003A889B24901FFF725FD50B3002103A8A1
:1088C000FFF7C0FB074620B300250DE003F03EFE96
:1088D0008046584603F04EFF8346404603F04AFF69
:1088E000834516D10D2D18D0EAB2394630460135F0
:1088F00000F0E4FEA38983462046002BE6D1D4E9AC
:1089000001329342E2D1BBFA8BF040090DB0BDE8D1
:10891000F08F00200DB0BDE8F08F0AF1010A019B35
:108920005FFA8AFA5345C1D20120EFE72DE9F04FF3
:1089300007468DB016469A460DF10C0C02F115044F
:1089400002F1200501914FF000090FCFACE80F00B4
:108950000FCFACE80F003B68CCF800304FEAC913EA
:1089600014F8012F43EA5903A54252FA83F35FFA40
:1089700083F9F3D133684FF000087360A6F80C80D8
:10898000BAF1000F4ED00127019B03A8D91B89B271
:108990004901FFF7B7FC002855D0002103A8FFF7D5
:1089A00051FB00284FD0059A574500F1010B4FF0BD
:1089B000010492F828304FF0000543F0010382F8DB
:1089C00028304FF00F030CBF47F040023A46C37205
:1089D0004FF00003027003734FF0000380F80D9016
:1089E000438306E0ABF80000013401350BF1020BC4
:1089F000E4B2B08918B9D6E901239A4216D03046BC
:108A000003F0A4FD042DEBB2ECD90A2B02D8ABF88D
:108A10000300E9E70D2CABF80500E5D10137FFB203
:108A2000BA45B1D201200DB0BDE8F08FB8F1000F0A
:108A300006D008F101084FF6FF705FFA88F8E1E709
:108A40004FF00108DEE700200DB0BDE8F08F00BF59
:108A500002464FF0203152F8163B2DE9F043C0F8A2
:108A60001610864684685160C2F807101A782E2ABC
:108A700014BF0120002003D113F8012F2E2AFBD0B0
:108A8000611E99420BD90A4602E09342114606D074
:108A90001146013A91F800C0BCF12E0FF5D19C426D
:108AA0004FF0000540F2868007260827A946A84611
:108AB00006E001330A264FF0080910279C425BD9D3
:108AC0001A782E2A08BF9942F3D0222A0DD07C2A88
:108AD0000BD0A2F15B0CBCF1020F06D9A2F12A0C5B
:108AE000BCF1050F21D82D2A1FD002F0C002802A28
:108AF0005DD04E452FD299422CBF002001200A2E76
:108B000008BF40F00100002847D09EF81630202B07
:108B100040D09EF8143001207E21312273448EF81B
:108B200015009975DA75BDE8F083A2F13A0CBCF135
:108B3000050FDAD9A2F1210CBCF15D0FD5D84E4555
:108B4000D9D3A2F1610CBCF1190F28D8203A3D43CA
:108B5000D2B2EDB201E000205F2209F1010CF14434
:108B6000013389F816205FFA8CF2062A914698BFE5
:108B70008EF814209C42A3D89EF81630202B09D0E2
:108B80000028C6D018EA050F18BF02258EF8155028
:108B9000BDE8F0830020BDE8F0830B468EE7A2F12C
:108BA000410CBCF1190F98BF47EA0808D5E701331B
:108BB000002083E7A846DFE72DE9F84F4FF0620970
:108BC00000250F460446DFF8A0B04FF07E0A91F86A
:108BD000148001F11606B8F1030FDBF8003028BF4E
:108BE0004FF003082B449DB208F10403DBB205F0FB
:108BF0000F02581E2D09092A02F1370198BF02F110
:108C00003001FA18C3B291759845F0D107EB08030B
:108C10000021204683F816A0FFF774FB01212046AF
:108C2000FFF710FA03460B2230469BB193F800C0C1
:108C30001946BCF1000F13D0DB7A1B07EED40AF003
:108C4000BDFA0028EAD109F1FF3919F0FF09C2D1B4
:108C5000484603E06078B0FA80F04009BDE8F88F3C
:108C60000120BDE8F88F00BF0CA403202DE9F04FD0
:108C70002DED028B8BB0CDE902038B6807930B7847
:108C800013F0700F53D0029B1B78002B4FD1136948
:108C900090469A4A0E460C33A2FB0323C3F3870285
:108CA00098F815309807049200F0A780571CFFB27F
:108CB0000023304619461C460693FFF723FB08F1B4
:108CC0001603A346A146A24608EE103A059475691C
:108CD00000213046FFF7B6F9C5F34F15034620B320
:108CE0000278E52A29D042B3BC4238BF00242E2A9C
:108CF0002BD090F80BC0BCF10F0F54D01CF0080C17
:108D000023D1B9F1000F40F0D5800B2218EE101AD4
:108D10000AF054FA0028DAD198F8153013F001035C
:108D200000F0E48001230593D1E7737883B100203C
:108D30000BB0BDEC028BBDE8F08F002C08BFAA463B
:108D4000BC4201D20134E4B212B14FF00009BEE7D7
:108D5000039B9A05EBD503F00303013B012BE6D8F7
:108D6000002C08BFAA46BC4203D348E0DCB2A742AD
:108D700045D000213046FFF765F9631C0028F5D186
:108D80007378002BD3D1A74239D9079D05E02B7901
:108D900004EB0314E4B2A74231D93046FEF7C2FD1A
:108DA0000028F4D1C3E7B9F1000F19D102F01F0B6D
:108DB000049959458BD112F0400988D0437B8946EC
:108DC0000693BBF1010F82D1691C4B4642463046E7
:108DD00089B2FFF74DFD002808BF4FF0000976E784
:108DE0000BF1FF3B5FFA8BFB5A45AED1437B069AF2
:108DF0009342E6D04FF0000969E7012758E7059B49
:108E00002BB141463046FFF7D7FE00288FD0013FF7
:108E100042463046FBB20AEB03051F46ADB2294677
:108E2000FFF784FD002882D069013046FFF76AFA17
:108E300000283FF47CAF00213046FFF703F90446D9
:108E400000283FF474AF202200210AF0E7F9D8F897
:108E50001620D8F81A302260636098F82030B8F8ED
:108E60001E20A372228198F8153003F01803237393
:108E7000234B1B68002B3BD00DF123020DF1260183
:108E800009A89847BDF824302382BDF82630E38135
:108E90009DF823306373079A92F8283043F001035A
:108EA00082F82830039B2A46314602980097FFF744
:108EB00081FA3DE7BBF1010F7FF439AF0A3001E0E1
:108EC00013F8012F4FEACC11984241EA5C0152FAA3
:108ED00081F25FFA82FCF3D1069B63457FF427AFF2
:108EE0004F46039B19053FF522AFDBE71F46F8E726
:108EF00045F62143238223836382CCE74FECC44EA3
:108F0000D45C02202DE9F0411F460B7882B00C465C
:108F1000202B154603D114F8013F202BFBD02C60E9
:108F2000237863B32F2B2AD04FF00008294E211D40
:108F3000204601AA03F0D2FB044670B1019BB3F5B1
:108F4000803F40D27F2B08F1010831D83C2BD9B2A9
:108F500029D8212905D81F2909D8002002B0BDE849
:108F6000F0812239C9B226FA01F1CA07F5D42E2BB5
:108F700001D0202B1CD123780BB12F2BD7D12B69FB
:108F8000013BFE2BE9D82378202B03D114F8013FB5
:108F9000202BFBD02F2BF9D028463C6002B0BDE837
:108FA000F041FFF755BD5C29D7D005D97C29D4D035
:108FB000C5F81080AC60DEE73E390129F8D8002002
:108FC00002B0BDE8F08108F10208AC60C5F810807D
:108FD000D1E700BF01210005F0B500238BB001935C
:108FE00083789A0724D5016A054619B1806800F094
:108FF00019FEE8B101212846FEF7D0FCC0B1421E9F
:1090000000F10A0C0024E30112F8011F43EA5403A3
:10901000944551FA83F3DCB2F5D1E52600230670BE
:10902000AF682B7007F12800AB7003F03BFA10B962
:1090300000200BB0F0BD07F50E7003F033FA0028E6
:10904000F6D0386803681B6A98470028F0D0EB78A0
:10905000002BEED0294601A8FEF7C0FE0028E7D07D
:10906000EB78002BE4D0012721E001A8FEF7EAFF0E
:109070007B1CF9B20028DBD0C27A0F2AD8D1027843
:109080005FFA83FC9FB202F01F038B42D0D1437B77
:10909000A342CDD10670A96891F8283043F00103AE
:1090A00081F8283053060DD4EB786345C0D3A988E6
:1090B00001A8C91B89B24901FFF724F90021002842
:1090C000D3D1B5E7AC6804F1280003F0EBF9002830
:1090D000AED004F50E7003F0E5F90028A8D02068A2
:1090E00003681B6A9847A4E72DE9F843DDF8209050
:1090F000A2B105460C469846571801E0BC420DD077
:109100002B68204649465E6AC047214602462846EB
:109110000134B0470028F1D1BDE8F8830120BDE853
:10912000F88300BF486810B50C4630B10B894A89F6
:1091300001339BB29A420B8101D9206810BD0368AC
:10914000012203495B68984700232068238110BDF2
:10915000047C00202DE9F04F054687B088469246F2
:1091600000214FF40072406A0AF058F8286A28B1CA
:1091700003680C223A495B689847286A6B6A4FF08B
:109180000009EE690AF1FF32DFF8E0C0E968ADF8E6
:1091900014904C1CCDE903304FEA5A13ADF8163049
:1091A0003368DF6A674526D16AB301EB0A07DFF847
:1091B000C0A00AE02146039A30460134D84700286F
:1091C0003FD0A7421ED033680498D3F824B00028BB
:1091D000F0D0BDF81430BDF8162001339BB29A428E
:1091E000ADF81430E6D80368514601225B68984711
:1091F000ADF81490DEE703AB214630460093194BDF
:10920000B847F0B1286A20B10368022216495B68AA
:109210009847B8F1100F4FF0F8016A6A4FF0010358
:109220000CBF04200C201170FF216A6AD154013355
:109230009842FAD1E8696A6A0368E9685B6A984704
:1092400018B9002007B0BDE8F08FD5E90231E86910
:1092500019446A6A03685B6A984707B0BDE8F08FF3
:10926000F47B0020957300001C7C002059730000E3
:10927000047C002038B5436A4FF400750446002191
:109280002A46184609F0CAFF4FF02031EB22A0F819
:109290000B50C0F803100346C0F80710902102706D
:1092A000762099700222587094F82B1059734AF660
:1092B0005521208D1A74F822D8815A752269DA61F5
:1092C000A269A3F8FE111A6238BD00BF70B504464A
:1092D0004FF400720021406A09F0A0FF656A22691C
:1092E000216805F2BF1003F057F9A369226905F25E
:1092F000C31021681A44013A03F04EF994F82A2069
:109300004AF6552385F8C2212269E069C5F8C621CD
:10931000626AA169A5F8FE310368C5F8CA11002187
:109320005B6ABDE87040184770B546694FF48073BA
:1093300090F82BE00446A6F58072456A4360B2FBC4
:10934000FEF202F2011C4FEA1C214FEA410C81603F
:109350000CF1A10098420ED98033F21AB2FBFEF252
:1093600002F20111090A4FEA410C0CF1A1008342FB
:10937000F2D3C4E901311B1AA2F6F57103F18000A2
:10938000B1F5704F20614FD20CF1210C8133204692
:1093900002FB0EC2E360B2F5803FA26134BF04233A
:1093A000062384F82A3001232385FFF78FFF08B9AD
:1093B000002070BD2046FFF75DFF2922A1684FF015
:1093C000203385F826204622C5F82F30802085F8E6
:1093D00036205422C5F82B30C5F83230312385F8B9
:1093E00038203622E982412185F8393085F8371056
:1093F0004FF4007185F8240085F83A200F4BE0699E
:10940000C5F827300368A5F81110626A21695B6A04
:1094100098470028CCD062682046E3681021D21A11
:10942000BDE87040FFF796BE206A0028C0D00368F0
:10943000132203495B689847002070BD87D612004D
:10944000C87B0020F8B546694FF4005390F82BC054
:109450004FF48042A6F58041036142F2090E0446B2
:10946000456A4260B1FBFCF101F18103DB098360D5
:109470000EEB4300904240F2B68002F50052B11A62
:10948000B1FBFCF101F18103DB090EEB43005F004E
:109490008242F2D3C4E901234FF6F473994240F2B9
:1094A000978001FB0C2CA2F500522046D21B92B2F1
:1094B00002F5005322854D4AE360ACF50053944514
:1094C00094BF4FF00B0C4FF00C0CA36184F82AC032
:1094D000FFF7FCFE08B90020F8BD2046FFF7CAFEE2
:1094E000A16829224FF020338020696285F842204C
:1094F00054214622C5F84B3085F840004120C5F87C
:109500004730C5F84E30022385F85220332285F8C3
:109510005410322185F8552085F8530085F85610EF
:10952000EB62E069324B334A2B630368C5F8432092
:109530005B6A626A216998470028CCD0E06921699A
:1095400003680631626A5B6A98470028C3D04FF40B
:1095500000720021606A09F061FEE069264A036832
:10956000C5F8FC2121695B6A0231626A98470028CC
:10957000B1D0E069216903680831626A5B6A984783
:109580000028A8D04FF0FF33E0691C4AC5E97A33C0
:109590001B4B2A60C5F8E43103682169626A5B6A83
:1095A00001319847002896D0E06921690368626A12
:1095B00007315B6A984700288DD0A268204694F84E
:1095C0002B30202103EB4202BDE8F840FFF7C2BD7B
:1095D000206A00283FF47FAF0368132209495B68C3
:1095E00098470020F8BD5F0056E700BF0004FB006D
:1095F0000100060087D61200000055AA52526141B0
:1096000072724161C87B002038B504460D68C161A3
:1096100008466262EA692362904700F2FF73606164
:10962000DB0A062B236024D9102B13D80223B0F5B4
:10963000800F84F82B3020462ED2FFF775FE0546AA
:10964000206A05B320B103680D2219495B68984769
:10965000284638BD202B23D9402B23D9802B23D952
:10966000B3F5806F22D9B3F5004F8CBF8023402320
:10967000DDE7206A20B1036814220E495B68984731
:109680000025284638BD0028FAD003680F220A4971
:109690005B689847284638BDFFF7D4FE0546CFE7FC
:1096A0000423C4E70823C2E71023C0E72023BEE752
:1096B000A87B0020907B0020B87B0020042A04D8DF
:1096C00001EB4202B2F8010070470A2A03D801EB0D
:1096D0004202908870470C2A03D801EB4201C888E7
:1096E00070470020704700BFF8B504780E467CB183
:1096F00014F06004174607D0012A09D92F2200234D
:1097000001200A704B70F8BD2146FEF747F918B9E1
:10971000002318463370F8BD0346A446082111E023
:10972000027B114203D00EF1200E5FFA8EFE651C03
:10973000BD42EDD20CF1010C06F804E0ECB2BCF134
:109740000C0F10D0BCF1080F11D013F801EBAEF1E3
:109750004102192AE4D9BEF1200FE8D10CF1010C25
:10976000BCF10C0FEED1002320463355F8BD1A781A
:10977000202AF8D010214FF02E0ED8E72DE9F04F17
:1097800000248BB0037889460194002B55D0C37810
:109790000646002B58D0014601A89046FEF71EFB56
:1097A00000284AD0F078002843D008F1FF38CB4693
:1097B0004FF0010AC844B18801A8A1EB0A0189B29F
:1097C0004901FEF79FFDC0B3002101A8FEF73AFC56
:1097D00098B3C37A0F2B30D103785FFA8AF103F084
:1097E0001F038B4229D1471C0025042DEBB23FD823
:1097F0003B8874BB03F5205189B2B1F5006F3ED3AD
:10980000A3B118465946424602F016FF8346A0B15E
:109810000024013502370D2DE7D10AF1010AF17854
:109820005FFA8AF31FFA8AFA9942C4D2ABEB0900B5
:10983000D946002389F8003003E00023184689F850
:1098400000300BB0BDE8F08FFFF74EFF0BB0BDE866
:10985000F08F03F5105189B2B1F5806FEDD20A4A4D
:10986000C3F3090302EA8420184300F58030C9E7F6
:109870000A2B94BFB7F80330B7F80530B9E7B1F554
:10988000806FDAD21C46C4E700FC0F00FFF776BFFA
:109890002DE9F843DDE90887C3B181460C4615463A
:1098A0005E1802E0C047B44210D0D9F8003021461B
:1098B0002A4648461B69984703463A4620462946A9
:1098C0000134002BEED11846BDE8F8830123184679
:1098D000BDE8F88310B41468B4F5807FA44628BFAF
:1098E0004FF4807C01EB4C00814207D231F8023BFF
:1098F00013B95368013353608842F7D8A4EB0C04C2
:1099000014605DF8044B704710B41468802CA446B2
:1099100028BF4FF0800C01EB8C00814207D251F838
:10992000043B13B95368013353608842F7D8A4EB62
:109930000C0414605DF8044B704700BF2DE9F84338
:10994000C37904460D461746202B59D0102B30D032
:109950000C2B51D1027AC1F34E01836900F50E79C7
:1099600011FA85F1A2F1020248468EB2B2FA82F2F1
:10997000C1F34621520901EB03085200414602F0AF
:10998000BDFD002838D0C6F30806731C865DB3F50C
:10999000007F23D018440378EA07E26946EA0323EC
:1099A0004CBF1B09C3F30B039A4240D20020BDE811
:1099B000F883027AC1F30721836900F50E70A2F1E2
:1099C00002021944B2FA82F25209520002F096FDE4
:1099D00090B16D0005F4FF75435B25E0227A08F134
:1099E00001014846A2F10202B2FA82F25209520083
:1099F00002F084FD0028CED14FF0FF30BDE8F8839F
:109A0000027A816900F50E70A2F1020201EBD51114
:109A1000B2FA82F25209520002F070FD0028EBD037
:109A2000AD0005F4FE754359E2699A42BED30120A8
:109A30003B60BDE8F88300BF2DE9F843C3790546D4
:109A40000C461646202B48D0102B2DD00C2B41D184
:109A5000C1F34E01836900F50E7911FA84F11FFA02
:109A600081F8C1F34621CF18037A4846022B3946C4
:109A700014BF0122032202F041FD58B314F0010487
:109A8000C8F308033FD0C25C02F00F0242EA06129C
:109A9000C2540133B3F5007F3AD0C6F30712034432
:109AA00001201A70BDE8F883027AC1F307218369A7
:109AB00000F50E70022A194414BF0122032202F09D
:109AC0001DFD034630B16400012004F4FF741E53F1
:109AD000BDE8F8830020BDE8F883037A816900F5CA
:109AE0000E70022B01EBD41114BF0122032202F0ED
:109AF00005FD03460028EDD0A400012004F4FE7407
:109B00001E51BDE8F883C6540133B3F5007F15D16B
:109B10002B7A791C4846022B14BF0122032202F043
:109B2000EDFC03460028D5D0C6F30712002CB7D1B0
:109B3000197821F00F0141EA1212B1E7C6F30712BA
:109B40000344F5E72DE9F041C46882B005460E46AE
:109B50008C42904640D301270134EB6901AA284684
:109B6000A34205D29FBBEC6801273C44A3422ED3FD
:109B7000A64218BF012C214629D9FFF7DFFE002895
:109B800025DBE9D0019B002BE6D107B1EC60EB6946
:109B9000A3421CD36FF0704221462846FFF74CFFCA
:109BA0000746A0B13EB96B6A002B01DB013B6B623B
:109BB000C8F800400CE0012E09D0EB699E4206D89F
:109BC000314622462846FFF737FF0028EBD1002711
:109BD000384602B0BDE8F0810C460027BCE700BF64
:109BE00001290CD910B4C4698C4203D35DF8044B2D
:109BF000FFF7A4BE4FF0FF305DF8044B70474FF005
:109C0000FF30704701290BD910B4C4698C4203D3CB
:109C10005DF8044BFFF710BF00205DF8044B704760
:109C20000020704770B5054682B00C461DE0EB6918
:109C30009C421FD8FFF782FE064621460022002ED6
:109C4000284617DBEB699C4214D8FFF7F5FE621E2D
:109C500080B16B6A002B03F10103A8BF6B62EB6854
:109C6000A342019C88BFEA602EB1012C214601AAC3
:109C70002846DCD8002002B070BD00BF2DE9F047B7
:109C80000646406A84B000281BDAF2790C2A1BD100
:109C9000F7697B1C022B40F2CD800224002521466F
:109CA00002AA3046FFF74AFE002804F1010306DB52
:109CB00057D1A7421C465CD0F2699342EFD94FF0CE
:109CC000FF3004B0BDE8F087F169002096F8383223
:109CD00001313469DB07CDE9021000F185800021F4
:109CE0004FF0FF33202A06F5127786F83812C6F8AF
:109CF000443242D0D6F800804F4BD8F80020D6F836
:109D000018A095699D4278D1002C00F082800AEB62
:109D10000409136951463A46404698470028CED078
:109D20000299B1F5807F8E4628BF4FF4807E07EB05
:109D30004E0CBC450BD9039D3B46002233F8024B29
:109D40000CB9013502469C45F8D802B103950AF1D9
:109D5000010AA1EB0E01D14502915AD0D8F800209A
:109D6000D7E7029A002AA4D1A74205F101051C46B3
:109D7000A2D1284604B0BDE8F087D6F800A02E4B4B
:109D8000DAF80020D6F8189095699D4246D1002C4B
:109D90003FD009EB0408136949463A4650469847B4
:109DA00000288CD0DDF808C0BCF1800FE64628BF43
:109DB0004FF0800E07EB8E02BA420BD9039D3B4653
:109DC000002153F8044B0CB9013501469A42F8D8EA
:109DD00001B1039509F10109ACEB0E03C8450293EB
:109DE00017D0DAF80020D6E706F50E7002F05AFB1D
:109DF00000283FF464AFF27971E7234602AC3A469B
:109E00005146019440460D4C0094A84700283FF469
:109E100056AF0398706204B0BDE8F087234602ACE9
:109E20003A46494601945046054C0094A8470028FC
:109E3000EFD144E7002044E7017B0000457B0000B0
:109E4000797B000070B500230446154601204FF0D1
:109E5000FF3204F128062160E371E060E162C4F89A
:109E60003C1284F8283084F838326263C4F8442203
:109E7000CDB1042D01D9002070BD1A4619463046D7
:109E800002F03CFB6FF0704300F5DF722B441D01C4
:109E900002EB03130028EED019790029EBD0525DB4
:109EA0005206E8D19D6800222946304602F026FB82
:109EB0000028E0D0B0F80B30B3F5007FDBD1037C95
:109EC0005A1E2372012AD6D8417B4B1E01292171CB
:109ED00063714FF00003A37144D00122520001339B
:109EE000D2B2DBB2914204D0082BF7D10020A3718B
:109EF00070BD1E46A371C18A216109B9416A216101
:109F0000C289B0F811302A4463815B01A26190F8E4
:109F100010C003F2FF1301FB0C2202EB5323226259
:109F2000B0F81320636102B9026AED1AAB18F3406E
:109F30005A1CE2614FF0FF32626240F6F4729342C3
:109F40000CD94FF6F47293420AD9C26A20232262D6
:109F50000120E3712163C4F8401270BD0C23F7E7C0
:109F60001023F5E71E46C6E7F8B500268F6B0D46B1
:109F70000446C0E90E669FB10146242000F0DCF8DB
:109F8000068086708446AD6BA0630FCDACE80F00F1
:109F90000FCDACE80F002B68CCF800302046F8BDA0
:109FA000CB6B002BFAD00146382000F0C5F880F8C2
:109FB000317047860246EB6BE06303F130071E68A1
:109FC000103353F80C5C103253F8080C53F8041C8F
:109FD000BB4242F8106C42F80C5C42F8080C42F8A4
:109FE000041CECD11B6820461360F8BD10B5044674
:109FF000806B10B1FDF7E2FC30B9E06B10B1FBF7FC
:10A00000CFFB20B9002010BD0023A36310BD0023A7
:10A01000E36310BD002952D02DE9F0410446806B66
:10A020000D4617461E4610B1FDF7C8FCA0BBE06BFD
:10A0300010B1FBF7B5FBB8BBD5F88084B8F1000FC1
:10A0400011D02146242000F077F8334600263A4606
:10A0500006808670A063D5F88014FDF7B7FE58BB64
:10A06000A063BDE8F081D5F8843493B1214638204F
:10A0700000F062F8334680F831803A46A0F832802A
:10A08000E063D5F88414FBF7BFFFA8B9E063BDE82F
:10A09000F0810020BDE8F0810023D5F88084A3631F
:10A0A000B8F1000FCDD1DEE70023D5F88084E3635B
:10A0B000B8F1000FC5D1D6E70120BDE8F08100203E
:10A0C000704700BFF8B50446806B0D46174610B1C7
:10A0D000FDF774FC38BBE06B10B1FBF761FB38BBDC
:10A0E000AE6B76B12146242000F026F800213A46D6
:10A0F00001808170A063A96BFEF7CEF988B9A063D7
:10A10000F8BDE86B0028FBD02146382000F014F899
:10A110003A4680F831604686E063E96BFBF77CFFE6
:10A1200020B10120F8BD0023A363D9E7E063F8BDA7
:10A130000023E363D4E700BF084670472DE9F041F0
:10A14000002604469846C0F88814C0F8806401468A
:10A150004FF490601746FFF7EFFF424680F84464E3
:10A16000054680F87964A0F87A64C4F88404D4F8C9
:10A170008814FDF7E7FAA0BB0026214640F26C40A8
:10A18000C4F88464FFF7D8FF0223C6714246A0F8E2
:10A190004864054680F84A640372C4F88004D4F821
:10A1A0008814FFF74FFE38B900231A4A1846136087
:10A1B000C4F88034BDE8F08105F589663046FDF7C6
:10A1C000FDFB29463046FDF737FE0028ECD0124B48
:10A1D0001A68AAB91D600F4BAFB101201C60BDE821
:10A1E000F08105F589663046FBF7DAFA29463046F4
:10A1F000FBF704FB0028BFD0084B1A68002AE9D0FF
:10A20000044B002FE9D11A68002AE6D00120BDE8EE
:10A21000F08100BF885E02208C5E0220505D02202B
:10A2200070B500254FF47A76044645600573866064
:10A23000C0E91255034D40F8105BFFF7EBFE2046D6
:10A2400070BD00BF2C7E00204FF0FF30704700BF74
:10A25000407C7047007D7047407D7047012070470B
:10A26000007F70472DE9F0471E46C37C05460C462B
:10A27000022B9146089F28D02B68214628461B6E4A
:10A28000984798B1AC61B9F1000F12D004EB0908FE
:10A2900001E0A0450DD039462046B0472B68014665
:10A2A0002846DB6D013498470028F2D10020BDE834
:10A2B000F087AB69287F4B44AB610028F7D12B684E
:10A2C00028465B6EBDE8F047184783698B42D3D1BF
:10A2D000D9E700BF704700BF043002F0B5B800BF37
:10A2E00010B50446202105F01FF8204610BD00BF20
:10A2F0002DE9F0411F46C37C05460E46022B14464D
:10A3000024D02B68314628461B6E984778B1AE6141
:10A3100087B1002601E0B7420CD02A6821462846C2
:10A320000136D26D04F5007490470028F3D1002067
:10A33000BDE8F081AB69287F3B44AB610028F7D1D1
:10A340002B6828465B6EBDE8F041184783698B4255
:10A35000D7D1DDE72DE9F041204E074600F1040892
:10A36000356805F51675ADB203E03368EB1A1B04CA
:10A3700010D4404602F06CF8FF280446F5D1FD21C8
:10A38000404602F07FF8BB7CCBB900230120FB7470
:10A39000BDE8F0811E23B87C7B740028F8D0387C9F
:10A3A000012102F009F8FF21404602F06BF8404617
:10A3B00002F022F800231846BB74BDE8F0810121A9
:10A3C000387C01F0F9FF2146404602F05BF8404638
:10A3D00002F012F80023BB74D7E700BF0CA40320DF
:10A3E0002DE9F041C37C012B35D0867C04464EB16B
:10A3F000043002F02DF8B0F1FF0518BF0125284602
:10A40000BDE8F081071D4FF00108384601F0D6FF86
:10A410003146207C01F0D0FFFF21384602F032F8AF
:10A42000384684F8128002F013F8A37CB0F1FF05DF
:10A4300018BF0125002BE2D04146207C01F0BCFF73
:10A44000FF21384602F01EF8384601F0D5FF2846B5
:10A45000A674BDE8F08100252846BDE8F08100BF64
:10A460002DE9F843204F0446884691463D68061D75
:10A4700005F59675ADB203E03B68EB1A1B040DD4ED
:10A48000304601F0E5FFFF282075F5D0FE281AD0F0
:10A490001823A07C637430B9BDE8F8831D23A07C29
:10A4A00063740028F8D0207C012101F085FFFF2192
:10A4B000304601F0E7FF304601F09EFF00231846CA
:10A4C000A374BDE8F8834A464146304601F0CCFF0C
:10A4D000207538B9304601F0BBFF304601F0B8FFB7
:10A4E0000120D9E72523D4E70CA40320F0B50027E9
:10A4F00083B00C2104463A46C77400F05BF8B0B94B
:10A50000A67C1EB90126304603B0F0BD05460121E8
:10A51000207C01F051FF201DFF21019001F0B2FFCE
:10A52000019801F069FF3046A57403B0F0BD09231E
:10A53000A67C6374002EE6D0251D207C01213E46BA
:10A5400001F03AFFFF21284601F09CFF284601F068
:10A5500053FF3046A77403B0F0BD00BFC27C022A8F
:10A5600003D0012A04D00120704703685B6E1847AE
:10A57000FFF7BCBF38B503680D460D4904461A6A9B
:10A580008A420CD1C27C022A04D0012A0BD00120BD
:10A59000257738BD5B6E98470028F8D138BD9047C5
:10A5A0000028FBD0F3E7FFF7A1FF0028F6D0EEE785
:10A5B000CD8700002DE9F041036882B00F46354990
:10A5C000019206461A6A8A425ED1C27C022A41D0B2
:10A5D000012A5BD0B47C002C47D0351D0C2F11D044
:10A5E000DFF8B480D8F8004004F59674A4B204E013
:10A5F000D8F80030E31A1A0434D4284601F028FFB2
:10A60000FF28F5D10DF1040802AC47F040012846BF
:10A6100001F038FF14F8011D284601F033FFA04572
:10A62000F8D1002F28464FF00A040CBF952187214E
:10A6300001F028FF284601F00BFF2846013C01F0FD
:10A6400007FF0306A4B2307501D5002CF5D102B086
:10A65000BDE8F0815B6E98470028BBD1FF2002B0B7
:10A66000BDE8F081002FCDD0F8E7351D284601F078
:10A67000A5FE2146307C01F09FFEFF21284601F017
:10A6800001FF0123B374A9E79047E5E7FFF72EFF29
:10A69000E2E700BFCD8700000CA403202DE9F047BE
:10A6A00088B005464FF00008174601AC2E1D85F80E
:10A6B000128085F8118085F8158084E80E009DF8D9
:10A6C0000400287401F074FE0121287C01F074FE5E
:10A6D0006C490723C5E9021394E8070005AB83E83A
:10A6E000070030460ECB01F073FEAC7C85F813807A
:10A6F000002C67D00A240121287C01F05DFEFF2197
:10A70000304601F0BFFE611E11F0FF04F7D1214673
:10A710000A24287C01F050FE002228461146FFF74B
:10A7200049FF012804F1FF3304460AD013F0FF0467
:10A73000F2D10123A87C6B74002851D108B0BDE888
:10A74000F0874FF4D57208212846FFF733FF420700
:10A7500057D56C752B68DFF830A19B6D534561D1DF
:10A76000687DA0F10204DFF82491B4FA84F4D9F8EA
:10A770000030640903F5FA68A4071FFA88F805E0B9
:10A78000D9F80030A8EB03031B0449D43721002279
:10A790002846FFF70FFF224629212846FFF70AFF28
:10A7A0000028EDD12B689B6D534565D1687D02284B
:10A7B00049D0AB7CCBBB07230120C5E9027308B0AD
:10A7C000BDE8F087304601F0F9FD2146287C01F014
:10A7D000F3FDFF21304601F055FE0123AB7489E7FC
:10A7E000287C012101F0E8FDFF21304601F04AFEFE
:10A7F000304601F001FE00231846AB7408B0BDE8F6
:10A80000F087022304246B75304601F021FE631E9D
:10A81000287513F0FF04F7D1AA289BD0062389E7F7
:10A82000172387E7284698479BE70121287C01F0FA
:10A83000C3FDFF21304601F025FE304601F0DCFD6E
:10A840000023AB74B7E700223A212846FFF7B2FE97
:10A85000A8B9304601F0FCFD00F0C000C02801D1CD
:10A8600003236B75304601F0F3FD304601F0F0FD37
:10A87000304601F0EDFD9CE72846984797E7122304
:10A8800058E700BF801A0600C98400000CA403200A
:10A89000F8B500220D463A210646FFF78BFEE0B9D7
:10A8A000371D2C1D384601F0D3FD04F8010DA542DB
:10A8B000F8D1B47C14B901242046F8BD307C0121C4
:10A8C00001F07AFDFF21384601F0DCFD384601F049
:10A8D00093FD00232046B374F8BD1223B47C737437
:10A8E000002CE9D0341D307C012101F065FDFF21F1
:10A8F000204601F0C7FD204601F07EFD00231C46E6
:10A90000B3742046F8BD00BF70B5164682B0002271
:10A910000446FFF74FFEB0B11B236374A07C08B957
:10A9200002B070BD251D207C012101F045FDFF21F5
:10A93000284601F0A7FD284601F05EFD00231846D9
:10A94000A37402B070BD0546102231462046FFF7C1
:10A9500087FD0028E2D0A67C002EE1D0207C0121DA
:10A9600001F02AFD201DFF21019001F08BFD0198CF
:10A9700001F042FD3046A57402B070BD0368254A5F
:10A98000DB6C934200B585B00FD16A460921FFF711
:10A99000BBFF38B19DF8003013F0C00308D0402B46
:10A9A00027D0002005B05DF804FB69469847F0E722
:10A9B0009DF809309DF80A2003F003039DF8061066
:10A9C0009DF807005B0001F0030180009DF808C0BE
:10A9D00043EAD2139DF8052040EA812002F00F02DD
:10A9E00040EA9C1013440130073B984005B05DF8E5
:10A9F00004FB9DF809009DF8073001309DF8082000
:10AA000003F03F0300EB034000EB0220800205B09F
:10AA10005DF804FBA98F000003680A4630B59B6D02
:10AA200083B0164D0446AB4224D1407D03284FF03D
:10AA30001201204618BF5202FFF7BCFD20B90123C6
:10AA40001846E37403B030BD0C23A07C6374002867
:10AA5000F8D0251D207C012101F0AEFCFF21284605
:10AA600001F010FD284601F0C7FC00231846A3742E
:10AA700003B030BD01919847019AD7E7C98400001F
:10AA8000F8B51446C27C06460D46012A1F4602D17F
:10AA900083698B4205D029463046FFF7BDFF80B160
:10AAA000B56187B1002501E0AF420CD021464FF4DB
:10AAB00000723046013504F50074FFF7D1FC002820
:10AAC000F2D10020F8BDB369307F3B44B361002868
:10AAD000F8D13046BDE8F840FFF708BD2DE9F84F42
:10AAE0009B46C37C06460C46012B1546DDF8289094
:10AAF000DDF82C8002D183698B4205D02146304697
:10AB0000FFF78AFFB0B1B461BBF1000F15D004EBC1
:10AB10000B0A02E0C847A2450FD04FF40072294645
:10AB20003046FFF79DFC0746424620462946013441
:10AB3000002FEFD10020BDE8F88FB369307F5B4470
:10AB4000B3610028F7D13046BDE8F84FFFF7CEBC1F
:10AB500003682DE9F0415F69164B9F421FD1C37C0A
:10AB600004460D461646012B02D18369994205D051
:10AB700029462046FFF750FF70B1A5614FF40072DF
:10AB800031462046FFF76CFC30B1A369207F0133CA
:10AB9000A36148B1BDE8F0810020BDE8F081BC466A
:10ABA0000123BDE8F04160472046BDE8F041FFF7D2
:10ABB0009DBC00BFF18C000003680A4630B59B6D58
:10ABC00083B0164D0446AB4224D1407D03284FF09C
:10ABD0001901204618BF5202FFF7ECFC20B90223EE
:10ABE0000120E37403B030BD0E23A07C6374002801
:10ABF000F8D0251D207C012101F0DEFBFF21284635
:10AC000001F040FC284601F0F7FB00231846A3742E
:10AC100003B030BD01919847019AD7E7C98400007D
:10AC200003682DE9F043DB6C1746414A85B00446C2
:10AC30000E46934245D16A460921FFF765FE054657
:10AC4000B5B19DF80A305A0618D5637D032B01D0A3
:10AC500076027F02324620212046FFF7ABFC28B95E
:10AC60003A4621212046FFF7A5FC70B326236374E2
:10AC7000A57C9DB9284605B0BDE8F08303F03F03ED
:10AC80009DF80B205B0043EAD2137A1C3243134237
:10AC9000DBD02723A57C6374002DEBD0251D207C01
:10ACA000012101F089FBFF21284601F0EBFB28463A
:10ACB00001F0A2FB00231D46A374284605B0BDE8A1
:10ACC000F083694698470546BAE7024626212046A2
:10ACD000FFF770FC0028C9D1DFF8588042F21077E6
:10ACE00004F10409D8F800301F44BFB204E0D8F8DA
:10ACF0000030FB1A1B0417D4484601F0A9FBFF28BB
:10AD00000646F4D1A37C002BB4D00121207C1D4643
:10AD100001F052FB3146484601F0B4FB484601F0D1
:10AD20006BFB0023A374A5E728236374A0E700BF8F
:10AD3000A98F00000CA4032070B5002282B00E463B
:10AD400009210446FFF736FCB0B11B236374A07CD5
:10AD500008B902B070BD251D207C012101F02CFB3B
:10AD6000FF21284601F08EFB284601F045FB002319
:10AD70001846A37402B070BD054610223146204625
:10AD8000FFF76EFB0028E2D0A67C002EE1D0207CED
:10AD9000012101F011FB201DFF21019001F072FB48
:10ADA000019801F029FB3046A57402B070BD00BFC8
:10ADB00070B5002282B00E460A210446FFF7FAFB66
:10ADC000B0B11B236374A07C08B902B070BD251D0F
:10ADD000207C012101F0F0FAFF21284601F052FB0E
:10ADE000284601F009FB00231846A37402B070BD89
:10ADF0000546102231462046FFF732FB0028E2D0FC
:10AE0000A67C002EE1D0207C012101F0D5FA201D86
:10AE1000FF21019001F036FB019801F0EDFA304678
:10AE2000A57402B070BD00BF70B5051D164604467E
:10AE3000284601F027FB4FF400723146284601F006
:10AE40002BFBFF21284601F01DFBFF21284601F0C6
:10AE500019FB284601F0FCFA00F01F032075052BB2
:10AE600004D02023A07C637410B970BD012070BD94
:10AE7000207C012101F0A0FAFF21284601F002FB0D
:10AE8000284601F0B9FA00231846A37470BD00BF2C
:10AE90002DE9F041174D06460F4600F104082C68D5
:10AEA00004F51674A4B203E02B68E31A1B040CD457
:10AEB000404601F0CDFAFF28F6D13A46FC21304653
:10AEC000FFF7B2FF18B1BDE8F08124237374B07CA2
:10AED0000028F8D0307C012101F06EFAFF214046B5
:10AEE00001F0D0FA404601F087FA00231846B37407
:10AEF000BDE8F0810CA40320036870B59B6D164675
:10AF0000224A82B004460D4693423CD1407D03283C
:10AF10004FF01801204618BF6D022A46FFF74AFB82
:10AF20000546B0B10D236374A07C08B902B070BDB2
:10AF3000251D207C012101F03FFAFF21284601F068
:10AF4000A1FA284601F058FA00231846A37402B06B
:10AF500070BD3246FE212046FFF766FF0028E3D091
:10AF6000A67C002EE2D0207C012101F025FA201DD4
:10AF7000FF21019001F086FA019801F03DFA304678
:10AF8000A57402B070BD9847C1E700BFC984000036
:10AF900010B4047F34B104680123A46AA4465DF8A8
:10AFA000044B60475DF8044BFFF7A6BF10B584B0B3
:10AFB00004460DF1040C8CE80E009CE80E00FFF72F
:10AFC0006DFB20B19DF8053003F00103237704B039
:10AFD00010BD00BF00207047002070470020704760
:10AFE000704700BF084B0021084A094810B4996314
:10AFF0001C6B146012685DF8044B1A639A6C22F0A3
:10B0000081029A640170704700002C40D05C0220DD
:10B010004DA40320034B586A80F08070C0F3006099
:10B02000704700BF00002C40014B1878704700BFEC
:10B030004DA403202B4A2C4B526AD3F800312B49E4
:10B04000C2F3C22203F03F03013270B5284C4FF423
:10B050007A75A4FB034305FB00F09B08B1FBF3FEEC
:10B06000BEFBF2FEB0EB1E1F35D201231E465B0075
:10B070001A01BEFBF2F2824201D9FF2BF6D9BEFBC8
:10B08000F3F2360290422AD24FEA430C012200E04A
:10B09000A446154603EB0C040132BEFBFCF18142D1
:10B0A00017D9102AF4D1F0254FF47A731149124AB6
:10B0B00003FB0CFCBEFBFCF30B60104BD16A0B4096
:10B0C0002B43334343F46023D362536A1B07FCD5FD
:10B0D00070BD2D01E8E7724600260123D2E79C46A9
:10B0E0000025E1E700C00F4000800D4000EC695EE4
:10B0F000ABAAAAAA0047012000002C400F00F0FFD5
:10B10000014B1878704700BFF2020120014B18680C
:10B11000704700BFD05C022010B4074C8C460FCCA7
:10B12000CCF800000120CCF80410CCF80820CCF8B2
:10B130000C305DF8044B704758FB012010B4074CED
:10B140008C460FCCCCF800000120CCF80410CCF8D1
:10B150000820CCF80C305DF8044B704768FB0120E8
:10B16000024B01201B680B60704700BF78FB012079
:10B17000704700BF10B504460C2104F0D5F82046F6
:10B1800010BD00BF044B1B7823B1044B187802306C
:10B19000C0B27047012070473FA4032043A403209E
:10B1A000184B1A7812F0C0020FD0402A01D00020AC
:10B1B0007047587ADA79197A013002F03F0300EBD0
:10B1C000034000EB0120800270475A7A9979D879C0
:10B1D00002F0030293F808C001F00301800052005E
:10B1E00040EA812000B593F80AE040EA9C105B79C0
:10B1F00042EADE12013003F00F031344073B98408C
:10B200005DF804FB68FB0120404A0520404938B541
:10B21000D2F800413F4B44F080043F4DC2F800415A
:10B22000D2F8004124F03F04C2F80041D2F80041B6
:10B2300044F01804C2F80041D2F8004124F0800420
:10B24000C2F80041D3F8802042F00C02C3F88020FD
:10B250005A6A22F460525A62DA6942F48032DA6140
:10B260005A6A42F400625A62C1F8CC01C1F8D001B6
:10B27000C1F8BC01C1F8C001C1F8C401C1F8C801DE
:10B28000AA6C264B42F00042AA64EA6A1343EB62BE
:10B29000EC6A14F08074FBD14FF4C870FFF7CAFE5B
:10B2A0001B4B47F2B80241F2B801C3F8CC411C482D
:10B2B000C3F8D041C3F8BC41C3F8C041C3F8C4418E
:10B2C000C3F8C841C3F8BC23C3F8C023C3F8AC23F8
:10B2D000C3F8B013C3F8B4231249C3F8B823124B10
:10B2E0006863C1F8F8314FF0E0234FF480420F4912
:10B2F000602081F86E00C3F80C21EB6A064A43F027
:10B300000063EB62D36A1B01FCD438BD00800D40A2
:10B3100000801F4000C00F4000002C400080000152
:10B320000B007F11000401205592000000E400E0B2
:10B330002DE9F04103F0B4FE174E184D0746DFF833
:10B34000748004E003F0ACFEC01B40451BD8346B96
:10B350002C40F7D0124A0021124B1170326B1A6048
:10B360001968114A31631B68134209D00F491F2421
:10B370000F4B40F27A2200200C701A60BDE8F08179
:10B380000120BDE8F081064A064B1470326B1A604A
:10B390001B683363EAE700BF00002C4002007F1106
:10B3A00044A40320D05C022000007F11F20201209F
:10B3B0008448012040420F002DE9F843264C0F46F7
:10B3C0002378002B38D1254B5A6AD2052BD5234D33
:10B3D000DFF89480AB6A43F48033AB6203F060FE25
:10B3E000064604E003F05CFE801B40452AD86B6AE9
:10B3F00013F48069F6D007F13C0C184807F50F7775
:10B40000436A5B05FCD5ACF1400353F8042F9C451F
:10B410000262FAD10CF1400CBC45F1D1012318466F
:10B420002370BDE8F8839A6A22F480329A629A6A9D
:10B4300042F400329A62CAE7FFF77AFF0028C2D1CD
:10B44000BDE8F88306492124064B4FF47E72484636
:10B450000C701A60BDE8F88344A4032000002C405F
:10B46000F20201208448012040420F002DE9F04102
:10B47000074688461F4C03F013FE1F4E054604E0A6
:10B4800003F00EFE431BB34224D8636AD907F7D4F6
:10B49000BB02C4F8088020D427F0FF03154C174ED8
:10B4A000E36003F0FDFD144F054604E003F0F8FDF2
:10B4B000401BB8420ED8236B3342F7D0226B104B9F
:10B4C0001A601A6822631A68D20703D51B6813F43E
:10B4D000702F0BD00020BDE8F081A26CFBB222F0EF
:10B4E000FF02A264A26C1343A364D5E70120BDE868
:10B4F000F08100BF00002C4040420F0001000F000F
:10B50000D05C0220154B30B50D4685B01968FFF7A9
:10B51000ADFF08B3124B05F10F041A690092596987
:10B52000019199690291DB690393002301E05EF8C0
:10B53000102C03F0030C01334FEACC0C23F0030E64
:10B540000F2B22FA0CF20EF1100104F8012D0DEB75
:10B55000010EECD10023EB7305B030BD7CFB012064
:10B5600000002C4010B5037ADB0705D5154B1B688E
:10B57000B3B1BDE810401847134B1B783BB9134BD0
:10B580005C6A84F08074C4F30064204610BD0F4BE5
:10B590000F4C1B6B1C40B4FA84F46409204610BDA8
:10B5A0000C4B1C78002CF0D00B4B0C481968FFF7A3
:10B5B0005DFF0028E9D0054B1C6984F48074C4F356
:10B5C0000024E2E7CC5C022044A4032000002C40CD
:10B5D00002007F113EA403207CFB012000001A0D15
:10B5E00008B5044B04481968FFF740FF08B1034B46
:10B5F000186908BD7CFB012000001A0D00002C40DA
:10B6000008B5074B07481968FFF730FF30B1064B04
:10B61000186980F48070C0F3002008BD012008BDC7
:10B620007CFB012000001A0D00002C402DE9F047A2
:10B63000294B8946DFF8C0A0284ECAF8003003F035
:10B640002FFD274D0446DFF8B480264F06E003F0B7
:10B6500027FD001BB84229D804F070FF3168284646
:10B66000FFF704FF0028F2D0D8F81030DB05EED544
:10B6700000234FF40072CAF80030D8F8283023F4C1
:10B680008033C8F82830184BC8F804201B78CBB199
:10B6900049461648FFF7EAFE30B915490E24154B06
:10B6A00040F257420C701A60BDE8F087104A0A2138
:10B6B0000020104B117040F24B42CAF800001A6093
:10B6C000BDE8F0874FEA492908484946FFF7CEFE12
:10B6D0000028E9D1E1E700BF719800007CFB012060
:10B6E00000001A0D40420F0043A4032020003A1925
:10B6F000F202012084480120CC5C022000002C4092
:10B700002DE9F041254C00212548A36A23F480331C
:10B71000A362FFF7ABFE054648B922490920224B38
:10B7200040F23D2208701A602846BDE8F0811F4BA8
:10B73000DFF88080C8F8003003F0B2FC636A064688
:10B74000D80118D41A4F04E004F0F8FE636AD90156
:10B7500011D403F0A5FC831BBB42F5D9114A0A2181
:10B760000025114B11704FF410722846C8F8005094
:10B770001A60BDE8F0810022084BC8F800205A6A20
:10B780009207D1D5586B9A6AD96A22F4803241F077
:10B790008061D96258639A62C6E700BF00002C40FE
:10B7A0000000DB0CF2020120844801208592000099
:10B7B00040420F00CC5C02202DE9F04782468946CA
:10B7C000364E03F06DFC364D0446DFF80081354FF0
:10B7D00004E003F065FC031BBB4227D83168284610
:10B7E000FFF744FE0028F4D0D8F81030DA05F0D581
:10B7F00001232D4D2D4F51462B7000232C483B60CB
:10B800002C4BC8F80090C8F804302B4BC8F83830DF
:10B81000FFF72CFE0446A0B928490420284B40F22B
:10B820009F12087020461A60BDE8F08723490A205D
:10B83000234B4FF4CC72002408701A602046BDE8F8
:10B84000F087204BDFF88890C9F8003003F028FC1F
:10B850002B780646BBB1DFF84C8003E004F06EFEA7
:10B860002B7883B103F01CFC831B4345F6D90023DE
:10B87000C9F8003011492520114B4FF4D172002432
:10B8800008701A60DAE73B6800229B07C9F80020BD
:10B89000F0D53A680C4B1A42D0D0EBE77CFB012084
:10B8A00000001A0D40420F004DA40320D05C02207E
:10B8B00011003A064000010002007F11F20201204F
:10B8C000844801209992000000007F1100002C4064
:10B8D000CC5C02202DE9F041324D1446AB7A13F0D6
:10B8E000400012D103F03F03EA7A5B0043EAD2132F
:10B8F000621C0A43134208D02B4927242B4B40F2E9
:10B9000002320C701A60BDE8F081294B1B780BB92C
:10B91000490264022748FFF7A9FD40B922490F24D4
:10B92000224B40F20A320C701A60BDE8F0812146C9
:10B930002148FFF79BFD40B91B4910241B4B40F2E7
:10B940000D320C701A60BDE8F08100211B48FFF732
:10B950008DFD38B914491124144B4FF444720C7006
:10B960001A60E2E703F09CFB154E164D0446DFF823
:10B970005C80154F31682846FFF778FD18B1D8F87C
:10B980001030DB05D1D403F08BFB001BB842F1D99A
:10B9900005492824054B40F2133200200C701A6030
:10B9A000C3E700BF68FB0120F202012084480120A8
:10B9B00043A4032000001A2000001A2100001B26C7
:10B9C0007CFB012000001A0D40420F0000002C40BB
:10B9D0002DE9F04F12F0030483B018BF0124019049
:10B9E0000093002B08BF44F001045CB140492520BE
:10B9F000404B40F2F512002408701A60204603B054
:10BA0000BDE8F08F3C4B15463C4A0E46DFF80C91E2
:10BA1000136003F045FBDFF808810746DFF804B147
:10BA2000DFF8F0A006E003F03BFBC01B504544D814
:10BA300004F084FDD9F800104046FFF717FD0028F8
:10BA4000F1D0DBF81030DA05EDD5009A2C4B2B49FC
:10BA500003EA024300222B4F0A6043F400730121E2
:10BA6000DFF8C4803970C8F80020CBF80050CBF85C
:10BA70000430254BCBF83830244B1B7843B3314688
:10BA80000198FFF7F3FC81460028B7D0204B1B4AF2
:10BA9000136003F005FB3B780546DBB11D4E03E068
:10BAA00004F04CFD3B78ABB103F0FAFA401BB04216
:10BAB000F6D90023114A1360A0E70D4B0A2200219A
:10BAC0000E481A704FF4FC720A4B01601A6095E739
:10BAD0007602D4E70023094A1360D8F800309B07A8
:10BAE0008CD5D8F800200C4B1A4208BF4C4685E78D
:10BAF000F20201208448012071980000CC5C0220F1
:10BB00000000FF1F4DA4032002007F1143A4032067
:10BB10009992000040420F0000007F117CFB012041
:10BB200000001A0D00002C40D05C0220F8B506463B
:10BB3000007A0C461546C0071F4613D483B10F4444
:10BB400001E0BC420CD033682A46214630461B69CE
:10BB5000013405F5007598470028F2D10020F8BDA2
:10BB60000120F8BD900712D0002BF9D00F4401E05E
:10BB7000BC42F5D033682A46214630461B69013461
:10BB800005F5007598470028F2D10020E7E7064840
:10BB9000FFF71EFF0028E3D104490C24044B40F2B8
:10BBA000A1320C701A60F8BD37003A12F20201207F
:10BBB00084480120F8B50646007A0C461546C007B1
:10BBC0001F4613D483B10F4401E0BC420CD033684C
:10BBD0002A46214630465B6A013405F500759847D0
:10BBE0000028F2D10020F8BD0120F8BD900712D046
:10BBF000002BF9D00F4401E0BC42F5D033682A464F
:10BC0000214630465B6A013405F5007598470028E7
:10BC1000F2D10020E7E70648FFF7DAFE0028E3D17B
:10BC200004490E24044B40F23D420C701A60F8BDEA
:10BC300027003A19F2020120844801202DE9F04F33
:10BC40000025DFF8C0929B4C91B0DFF8BC829A4E81
:10BC50000172457289F80050257088F800503570DF
:10BC6000FFF7D2FA29462846FFF700FC50B9012118
:10BC7000924B40F28E22054621701A60284611B080
:10BC8000BDE8F08F03258E4F4FF4D5713846FFF78E
:10BC9000EDFB00284ED1013DF6D13378002B3DD08D
:10BCA000DFF868B203F0FCF9864E0546DFF860A2C3
:10BCB000854F00213046FFF7D9FB50B900251721E9
:10BCC0007E4B4FF42A72284621701A6011B0BDE8ED
:10BCD000F08F59465046FFF7C9FB0028EED003F01D
:10BCE000DFF9401B794BB842E8D81A69002AE0DA3C
:10BCF0001969774A11601B695A0002D5012388F837
:10BD0000003000217348FFF7B1FB054610BB02214C
:10BD10006A4B40F2B12221701A60AFE7FFF774FA64
:10BD200029462846FFF7A2FB3378002BB8D14FF401
:10BD3000401BB7E7654B1B69B3F5D57F07D00621DC
:10BD40005E4B4FF42572002521701A6096E701239F
:10BD50003370A5E700216048FFF788FB054630B93E
:10BD60000321564B4FF42D7221701A6086E7574E0F
:10BD70005A4B32695A4F13405A495B483B60FFF7B0
:10BD8000C1FB054630B907214C4B40F2B922217066
:10BD90001A6073E755495648FFF7B4FB054630B9BA
:10BDA0000821464B4FF42F7221701A6066E73968FC
:10BDB0005048FFF75BFB054630B905213F4B40F289
:10BDC000BF2221701A6059E739683E48FFF74EFBE1
:10BDD00038B91421394B40F2C322002521701A6072
:10BDE0004CE702214448FFF741FB05460028F0D00C
:10BDF000B36A69466FF07F4023F00603B362B36A0B
:10BE000043F00203B3624FF010137364FFF7D4FCE6
:10BE10009DF80D309B0743D5002841D0274E694639
:10BE2000364894F800803768FFF7C6FC9DF810305C
:10BE300003F00F03012B36D1A8B34CF25030304C35
:10BE40000523C4F8CC31C4F8D031C4F8BC31C4F8EF
:10BE5000C031C4F8C431C4F8C831FFF7EBF800238F
:10BE600047F2B802C4F8CC31C4F8D031C4F8BC31C0
:10BE7000C4F8C031C4F8C431C4F8C83141F2B803C1
:10BE8000C4F8BC23C4F8C023C4F8AC23C4F8B0334E
:10BE90000123C4F8B423C4F8B82389F80030EDE6D0
:10BEA00046F2A810CBE746F2A81084F8008037606D
:10BEB000C5E700BFF20201203FA40320844801200F
:10BEC00000001A0800001A3740420F0000002C4002
:10BED00078FB01200000090200001A030000FFFFA8
:10BEE0007CFB012068FB01200000090958FB0120B0
:10BEF0000000090A00001B0700001A06F1FFFF807E
:10BF000000801F403EA4032043A4032000003040D3
:10BF100000000229374B5A6A92052DE9F0410F467D
:10BF20000DD49A6A22F480329A6272B69A6A42F406
:10BF300000329A629A6A42F480329A6262B603F0E0
:10BF4000AFF82C4EDFF8C480054604E003F0A8F8F3
:10BF5000431B434537D8746A14F40064F6D007F1E4
:10BF60003C0C244807F50F77436A1B05FCD5ACF160
:10BF70004003026A43F8042F9C45FAD10CF1400CAF
:10BF80006745F1D103F08CF81A4F1B4D0646DFF8D8
:10BF90007C8004E003F084F8831B43451DD83C6B90
:10BFA0002C40F7D03B6B154A136013683B63136852
:10BFB00013F002031BD01268114B1A420CBF012070
:10BFC0000020BDE8F0810F491A250F4B40F2563290
:10BFD00020460D701A60BDE8F0810A491D250A4B04
:10BFE00040F2613220460D701A60BDE8F0811846BB
:10BFF000BDE8F08100002C4002007F11D05C0220DF
:10C0000000007F11F20201208448012040420F000D
:10C010002DE9F047294B8946DFF8C0A0284ECAF821
:10C02000003003F03DF8274D0446DFF8B480264F7A
:10C0300006E003F035F8001BB84229D804F07EFA78
:10C0400031682846FFF712FA0028F2D0D8F81030ED
:10C05000DB05EED500234FF40072CAF80030D8F8A3
:10C06000283043F48033C8F82830184BC8F804202F
:10C070001B78CBB149461648FFF7F8F930B9154996
:10C080000C24154B40F2BD320C701A60BDE8F087ED
:10C09000104A0A210020104B117040F2B132CAF848
:10C0A00000001A60BDE8F0874FEA49290848494670
:10C0B000FFF7DCF90028E9D1E1E700BF7198000043
:10C0C0007CFB012000001A0D40420F0043A4032016
:10C0D00030003A12F202012084480120CC5C022098
:10C0E00000002C402DE9F04100221D4C0D4642720B
:10C0F0001146A36A1B4823F48033A362FFF7B6F905
:10C1000040B919490924194B40F2D3320C701A6016
:10C11000BDE8F081002DFBD0154B164E336002F0C8
:10C12000BFFF636A0746DA0116D4DFF84C8004E0EB
:10C1300004F004FA636ADB010ED402F0B1FFC01B05
:10C140004045F5D9084A0A210020084B117040F2F9
:10C15000D73230601A60DBE7002328463360D7E728
:10C1600000002C400000DB0CF2020120844801207A
:10C1700085920000CC5C022040420F000A4B1B78E5
:10C1800010B504461BB9637A43B9012010BDFFF70F
:10C19000CFF80028FAD0637A002BF6D02046012190
:10C1A000BDE81040FFF79EBF44A403202DE9F041F5
:10C1B0000446007AADF5007D164610F0010513D057
:10C1C00093073CD0012338486A46FFF701FC00285A
:10C1D0003AD04FF400726946304603F007F828461B
:10C1E0000DF5007DBDE8F081DFF8CC800F4698F8B2
:10C1F0000030002B35D1637A012B39D022682B49CE
:10C20000126A8A424AD198F80020002A34D1002BC1
:10C2100039D139462046FFF7FBFEE8B101236760BC
:10C22000637231462046FFF775FEA8B16368054684
:10C230000133284663600DF5007DBDE8F0810123E0
:10C240001948FFF7C5FB38B919490B20194B4FF4B2
:10C250005D72002508701A6028460DF5007DBDE866
:10C26000F081FFF765F80028F6D0637A012BC5D17D
:10C270006268BA42C2D1D4E7FFF75AF80028EBD07F
:10C28000637A002BC5D001212046FFF72BFF002841
:10C29000BFD128460DF5007DBDE8F08120469047CE
:10C2A0000028F6D0B5E700BF11003A11EDA3000059
:10C2B000F20201208448012044A403202DE9F0412A
:10C2C000047AADF5007D0F46904614F001041DD0B0
:10C2D00012F0030F06D0684611464FF400728046F4
:10C2E00002F084FF0123424639462C48FFF770FBD9
:10C2F000044630B92A490D202A4B40F211420870F9
:10C300001A6020460DF5007DBDE8F081264D0646F9
:10C310002B782BBB737A022B29D032682349126AFF
:10C320008A4236D12A7832BB002B2BD1336839466A
:10C3300030461B6E98470028E3D002237760737263
:10C34000336841463046DB6D98470028D9D0736882
:10C3500004460133204673600DF5007DBDE8F08191
:10C36000FEF7E6FF0028CCD0737A022BD5D1726895
:10C37000BA42D2D1E4E7FEF7DBFF0028C1D0737ADE
:10C38000002BD3D001213046FFF7ACFE0028B8D0F7
:10C39000CCE7304690470028B3D0C7E701003A18F1
:10C3A000F20201208448012044A40320EDA30000F0
:10C3B000012102F0DBBE00BF02F09CBE08B50346BF
:10C3C00053F8040B93E80600F7F74EFE08BD00BFD4
:10C3D00084B00DF1100C0CE90E00024623B1184692
:10C3E000136004B0F8F75ABD024B1846136004B04E
:10C3F000F8F754BD88F500200268D37C13B3D80742
:10C4000004D5906A4FF0E021C1F80001990704D5E6
:10C41000D06A4FF0E021C1F80401580704D5106B31
:10C420004FF0E021C1F80801190704D5506B4FF017
:10C43000E021C1F80C01DB0604D5926B4FF0E0233C
:10C44000C3F81021704700BF0068F8F745BE00BF71
:10C450000268FF2312685366D36D13F4F81FFBD0F4
:10C46000506FC0B2704700BF4FF0FF0C006808B5B6
:10C47000134680F83CC00A460021F8F729FE002048
:10C4800008BD00BF03681A685166D36D13F4F81F26
:10C49000FBD0536F704700BF134600680022F8F7C7
:10C4A00017BE00BF30B5037883B0DC071DD5044646
:10C4B000406804F110020368E16801925B6A9847E2
:10C4C000019A0546A8B12378990708D56068D4E990
:10C4D0000231194403685B6A984750B1237823F00E
:10C4E00001032846237003B030BD0125284603B060
:10C4F00030BD0025284603B030BD00BFF8B5436805
:10C500000BB3C36804460F4615468B4206D110F89C
:10C51000103B05F003052B432370F8BDFFF7C2FF66
:10C5200088B16B0705D504F1100630460023E7609B
:10C53000EFE7606804F110063946036832461B696C
:10C5400098470028F1D10020F8BD00BF10B504467F
:10C55000808982B018B10023A38102B010BDD4E954
:10C5600001318B42F9D201AA184600F0B7F880B128
:10C57000019B6060B3F5803F01D298B2EDE7980A65
:10C58000C3F30903A0F52150A3F5105380B2A38192
:10C59000E3E74FF6FF70E0E7B1F5807F21D810297F
:10C5A0002ED840234FF0200CB2FBF3F1B1F5806F91
:10C5B00020D203FB112300B5B2FBFCFEB3FBFCF35E
:10C5C0000CFB1E224FEA910CDBB201322CF03F0C27
:10C5D000C9B2037042EA0C028170D2B242705DF8B7
:10C5E00004FB3F239C46802910D9B1F5FC7F0FD86E
:10C5F0001B01D9E7FF21FE23417003708170704752
:10C60000202916D880234FF0200CCDE7DB00CBE7A4
:10C61000B1F57C7F04D9B1F5FC6F03D89B01C3E76A
:10C620005B01C1E7B1F57C6F94BFDB01C3EB032372
:10C63000BAE720239C46D6E77F28A2EB010205D863
:10C6400012B10A4602F8010B10467047B0F5006FB0
:10C650000FD2012A40D94FEA901C00F03F030A464E
:10C660006CF03F0063F07F0302F8020B10464B7042
:10C670007047B0F5803F16D2022A2DD9C0F3851C31
:10C6800000F03F03CA1C63F07F0300B54FEA103E81
:10C690006CF07F008B706EF01F0E4870104681F8B2
:10C6A00000E05DF804FB032A16D94FEA904CC0F372
:10C6B0000532C0F3851300F03F0062F07F026CF09A
:10C6C0000F0C63F07F0360F07F004A700A1DC87092
:10C6D00081F800C08B70B7E70022B5E788423DD2F1
:10C6E000034610B490F900001C7800282DDA04F0FD
:10C6F000E000C02834D004F0F000E02834D004F08A
:10C70000F800F02826D104F00704042018448842D9
:10C7100020D8013313F8011B01F0C00C01F03F01D8
:10C72000BCF1800F41EA841414D18342F2D1A4F108
:10C7300080010F4B99420DD8A4F55843B3F5006F13
:10C7400008D314605DF8044B7047581C14605DF802
:10C75000044B704700205DF8044B70470020704781
:10C7600004F01F040220D1E704F00F040320CDE7FA
:10C770007FFF10007E283ED94FF0350C002330B4E7
:10C78000284C04E034F82120824220D80B46ACEB40
:10C790000302012A03EB5201F4D89BB234F82320A0
:10C7A000904216D24B2400231F4D04E035F821207F
:10C7B00082421ED80B46E21A012A03EB5201F5D839
:10C7C0009BB235F8232082421FD030BC70478C4684
:10C7D000DDE704EB8304821AE3789A42E2DA94F903
:10C7E0000230012B16D0D3B19BB2034430BC98B2B7
:10C7F00070470C46DFE7A0F16103192B8CBF0023C3
:10C800000123A0EB431398B2704705EB83056888BA
:10C8100030BC704702F00102831A98B2D5E74EF29D
:10C82000A033E2E7BC7A0020C82500202DE9F843B8
:10C830000021044600F078F900285AD0E36A83B357
:10C84000012B064657D0276C06F10408A08EA56B75
:10C8500007FB00F3C4F8448005EB83050023A564BF
:10C86000A4F84E30C0B100F1FF3E4FEA800905EB5D
:10C87000800C2B461FFA8EFE414651F8042B43F8DC
:10C88000042B6345F9D108EB090105EB8E05C4E9DA
:10C8900011132A60A4F84E000137202F276404D01A
:10C8A0003046BDE8F84300F0F7B800F09FF80546C1
:10C8B0000028F5D094F83220A38EA16B02FB03F37D
:10C8C000021D04F1500004F063FAB4F84C30D6F8BD
:10C8D0000822294601332046A4F84C30C5F8082226
:10C8E000002200F0FDF8284600F0D6F8002323646B
:10C8F000D6E7BDE8F88301460022204600F0F0F8B4
:10C900003046BDE8F84300F0C7B800BF134B1A78B3
:10C9100012B9134B18687047124A0021904210B5A3
:10C920000446197015D94FF0FF3002F0FBFC621E6F
:10C930000CD4034680210C4C013AC3F80C42B2F1EE
:10C94000FF3FC3E9811103F50573F5D1044B18606E
:10C9500010BD4FF4057004FB00F0E6E7F40201207F
:10C96000905E02200F983D0000442C47C02930B54E
:10C970008E4628BF4FF0C00E72B6144C0023144AE6
:10C98000C4E900331060C4E90233C4E90433D1B10F
:10C9900019461A469C46012501E054F82C1002F075
:10C9A0001F03013205FA03F3964543EA010344F8F5
:10C9B0002C304FEA521CF0D800234370013300F5AD
:10C9C00005709E45F9D862B630BD00BFD05D02202B
:10C9D000CC5D022010B50446FFF798FF20B1214638
:10C9E000BDE81040FFF7C2BF10BD00BF10B472B663
:10C9F000234A13682BB9536843B34FF48544043278
:10CA000000E00024B3FA83FC4FF0004121FA0CF15E
:10CA100023EA01031B4913600B780133DBB20B706F
:10CA200062B6194A1949106844F26C02224401FBAB
:10CA30000C2217494FF0010C00F802C010440A788C
:10CA40009A4238BF0B705DF8044B7047936843B946
:10CA5000D36853B9136963B9536973B10D4C143278
:10CA6000D0E74FF405440832CCE74CF280740C3226
:10CA7000C8E74FF485341032C4E762B61846E2E7DF
:10CA8000D05D022050A40320CC5D0220ECFDFFFF0E
:10CA900051A40320804C0100427872B60378012B28
:10CAA00003D9013B037062B67047D1434FF0004396
:10CAB0005209094801F01F0110B4084CCB4054F84A
:10CAC00022100B430178013944F82230017062B61C
:10CAD0005DF8044B704700BF50A40320D05D0220D6
:10CAE000C36913B91DE0DB68E3B1187A9042FAD14B
:10CAF00010B4586893F809C0006A50F82C4054B13B
:10CB0000DB682BB1187A9042F3D0DB68002BF9D1A7
:10CB10005DF8044B704740F82C100878013008701D
:10CB2000EEE77047704700BF037E8B4206D9036A69
:10CB3000002253F8210043F821207047002070475D
:10CB40004368427A1B7E9A420DD872B60168CB695F
:10CB500053B11A46DB68002BFBD1D0600123426839
:10CB60000B72137262B67047C861F7E72DE9F8439C
:10CB7000002104462DED048BFFF7D6FF98B104F594
:10CB8000804595F84C30072B0DD8DFE813F0AD0049
:10CB9000B200B700BC00C100190108001000072353
:10CBA000686485F84C30BDEC048BBDE8F88342F234
:10CBB0002C01EE6AA8642144331D06F501760A466D
:10CBC00053F804CBB34242F804CBF9D12E6B42F2B6
:10CBD0002C22331D224406F5017653F804CBB342D0
:10CBE00042F804CBF9D16E6B42F22C42331D224441
:10CBF00006F5017653F804CBB34242F804CBF9D1E1
:10CC0000AE6B42F22C62331D224406F5017653F8D6
:10CC100004CBB34242F804CBF9D1EE6B42F62C02BE
:10CC2000331D224406F5017653F804CBB34242F893
:10CC300004CBF9D12E6C42F62C22331D224406F58A
:10CC4000017653F804CB9E4242F804CBF9D16E6CC6
:10CC500042F62C42331D224406F5017653F804CBEC
:10CC60009E4242F804CBF9D142F62C62031D00F536
:10CC70000170224453F804CB834242F804CBF9D12B
:10CC800004F500539B6A83B141F2280342F2280065
:10CC90000A4623442044F3EC017A92ED007A98424C
:10CCA00067EE877AE2EC017AF5D144F25400012371
:10CCB0000022204403F0D6FFE86AFFF7EDFE286B60
:10CCC000FFF7EAFE686BFFF7E7FEA86BFFF7E4FEED
:10CCD000D5E90F03D5E91112C5E90B030423C5E912
:10CCE0000D1285F84C305EE70123E86285F84C3080
:10CCF00059E70223286385F84C3054E7032368631F
:10CD000085F84C304FE70423A86385F84C304AE798
:10CD1000EE6E04F6280842F2340243F22403013690
:10CD200043F2300C41F2280EE86343F63000B6EED1
:10CD3000005AD5F8689022449FED4E7A2344A444CB
:10CD40002044A64447464146EE6634E04E4505DCA5
:10CD5000D1ED007A77EE877AC1ED007A043108329E
:10CD6000083B714531D052ED016A93ED036A12ED33
:10CD7000027A76EE867AF0EC014A76EEC65A93EDA8
:10CD8000026ABCEC014A67EE857A77EE466A37EEB6
:10CD9000066A27EEE47A64EE277A66EE856AA5EEE7
:10CDA000857AE6EE057AA4EE667AE4EEE67A27EE78
:10CDB000077AA7EEA77A012EC8D181ED007ACDE7D8
:10CDC0000623286485F84C30EDE64E4523DB07EE5C
:10CDD000909AB7EE007A00236E6EF8EEE77A283468
:10CDE000DFED248A9FED249A87EE278ADFED239AD0
:10CDF00085F84D30EB6696B1012E1CD0022E1FD067
:10CE0000F0EE687AE4EC017AA04507F10407F2D16C
:10CE1000012385F84D30052385F84C30C3E697EDA6
:10CE2000000A28EE000AB5EE400AF1EE10FA1CD412
:10CE3000F1EEC07AE6E7D7ED007A68EE277AE1E70F
:10CE400097ED000AB5EEC00AF1EE10FA02DCF0EE42
:10CE5000497AD7E720EE080A04F0A8FCB2EE047A7B
:10CE6000F0EE697AE0EE077ACCE704F0CFFCF0EE62
:10CE7000407AC7E700000000000041C3DABD58C295
:10CE80002DE9F843002104462DED048BFFF74CFEFD
:10CE9000002856D004F5803595F8AC301F2B50D8BB
:10CEA000DFE813F06C03670362035D035803530369
:10CEB0004E03490344033F033A03350330032B0376
:10CEC00026032103C502C002BB02B602B102AB02B7
:10CED000A5029F02990293028D02870281027B02C2
:10CEE00075025A004E4529DB07EE909AB7EE007A9C
:10CEF0000023D5F8C460F8EEE77A2834DFED138A12
:10CF00009FED139A87EE278ADFED129A85F8AD30F0
:10CF1000C5F8CC30002E00F03683012E00F03F83A0
:10CF2000022E00F04183F0EE687AE4EC017AA0452D
:10CF300007F10407EED1012385F8AD30112385F800
:10CF4000AC30BDEC048BBDE8F88300BF00000000EE
:10CF5000000041C3047484C248F22C01EE6AC5F893
:10CF6000A8002144331D06F501760A4653F804CB88
:10CF7000B34242F804CBF9D12E6B48F22C22331D78
:10CF8000224406F5017653F804CBB34242F804CBB1
:10CF9000F9D16E6B48F22C42331D224406F501761E
:10CFA00053F804CBB34242F804CBF9D1AE6B48F24C
:10CFB0002C62331D224406F5017653F804CBB342AC
:10CFC00042F804CBF9D1EE6B48F62C02331D224413
:10CFD00006F5017653F804CBB34242F804CBF9D1FD
:10CFE0002E6C48F62C22331D224406F5017653F8A8
:10CFF00004CBB34242F804CBF9D16E6C48F62C4214
:10D00000331D224406F5017653F804CBB34242F8AF
:10D0100004CBF9D1AE6C48F62C62331D224406F5E0
:10D02000017653F804CBB34242F804CBF9D1EE6C4D
:10D0300049F22C02331D224406F5017653F804CB45
:10D04000B34242F804CBF9D12E6D49F22C22331DA4
:10D05000224406F5017653F804CBB34242F804CBE0
:10D06000F9D16E6D49F22C42331D224406F501764A
:10D0700053F804CBB34242F804CBF9D1AE6D49F278
:10D080002C62331D224406F5017653F804CBB342DB
:10D0900042F804CBF9D1EE6D49F62C02331D22443F
:10D0A00006F5017653F804CBB34242F804CBF9D12C
:10D0B0002E6E49F62C22331D224406F5017653F8D4
:10D0C00004CBB34242F804CBF9D16E6E49F62C4240
:10D0D000331D224406F5017653F804CBB34242F8DF
:10D0E00004CBF9D1AE6E49F62C62331D224406F50D
:10D0F000017653F804CBB34242F804CBF9D1EE6E7B
:10D100004AF22C02331D224406F5017653F804CB73
:10D11000B34242F804CBF9D12E6F4AF22C22331DD0
:10D12000224406F5017653F804CBB34242F804CB0F
:10D13000F9D16E6F4AF22C42331D224406F5017676
:10D1400053F804CBB34242F804CBF9D1AE6F4AF2A4
:10D150002C62331D224406F5017653F804CBB3420A
:10D1600042F804CBF9D1EE6F4AF62C02331D22446B
:10D1700006F5017653F804CBB34242F804CBF9D15B
:10D18000D5F880604AF62C22331D224406F501763C
:10D1900053F804CBB34242F804CBF9D1D5F88460FC
:10D1A0004AF62C42331D224406F5017653F804CB8F
:10D1B000B34242F804CBF9D1D5F888604AF62C6224
:10D1C000331D224406F5017653F804CBB34242F8EE
:10D1D00004CBF9D1D5F88C604BF22C02331D2244DC
:10D1E00006F5017653F804CBB34242F804CBF9D1EB
:10D1F000D5F890604BF22C22331D224406F50176BF
:10D2000053F804CB9E4242F804CBF9D1D5F8946090
:10D210004BF22C42331D224406F5017653F804CB21
:10D220009E4242F804CBF9D1D5F898604BF22C62BB
:10D23000331D224406F5017653F804CB9E4242F892
:10D2400004CBF9D1D5F89C604BF62C02331D224457
:10D2500006F5017653F804CBB34242F804CBF9D17A
:10D26000D5F8A0604BF62C22331D224406F501763A
:10D2700053F804CB9E4242F804CBF9D1D5F8A46010
:10D280004BF62C42331D224406F5017653F804CBAD
:10D29000B34242F804CBF9D14BF62C62031D00F5E2
:10D2A0000170224453F804CB834242F804CBF9D1F5
:10D2B00004F500439B6A83B144F2280348F2280036
:10D2C0000A4623442044F3EC017A92ED007A984216
:10D2D00067EE877AE2EC017AF5D1C048012300229B
:10D2E000204403F0BFFCE86AFFF7D6FB286BFFF78A
:10D2F000D3FB686BFFF7D0FBA86BFFF7CDFBE86BA8
:10D30000FFF7CAFB286CFFF7C7FB686CFFF7C4FB8D
:10D31000A86CFFF7C1FBE86CFFF7BEFB286DFFF7B9
:10D32000BBFB686DFFF7B8FBA86DFFF7B5FBE86DB9
:10D33000FFF7B2FB286EFFF7AFFB686EFFF7ACFBA1
:10D34000A86EFFF7A9FBD5E91B03D5E91D12C5E9B6
:10D350000B03D5E91F03C5E90D12C5E90F03D5E994
:10D360002112D5E92303C5E91112C5E91303D5E953
:10D370002512D5E92703C5E91512C5E91703D5E933
:10D3800029121023C5E9191285F8AC30D9E51F23FD
:10D39000C5F8A40085F8AC30D3E51E23C5F8A0007D
:10D3A00085F8AC30CDE51D23C5F89C0085F8AC3080
:10D3B000C7E51C23C5F8980085F8AC30C1E51B23F0
:10D3C000C5F8940085F8AC30BBE51A23C5F8900089
:10D3D00085F8AC30B5E51923C5F88C0085F8AC307C
:10D3E000AFE51823C5F8880085F8AC30A9E5172308
:10D3F000C5F8840085F8AC30A3E51623C5F8800095
:10D4000085F8AC309DE51523E86785F8AC3098E5E4
:10D410001423A86785F8AC3093E51323686785F873
:10D42000AC308EE51223286785F8AC3089E5D5F855
:10D43000CC6042F2280848F234024CF22403A044A3
:10D4400001364CF2300C44F2280EE8664EF2300001
:10D45000B6EE005AD5F8C8909FED617A2244234475
:10D46000A4442044A64447464146C5F8CC6035E074
:10D470004E4505DCD1ED007A77EE877AC1ED007A72
:10D4800004310832083B8E453FF42CAD52ED016A61
:10D4900093ED036A12ED027A76EE867AF0EC014A99
:10D4A00076EEC65A93ED026ABCEC014A67EE857AC5
:10D4B00077EE466A37EE066A27EEE47A64EE277A5C
:10D4C00066EE856AA5EE857AE6EE057AA4EE667AC2
:10D4D000E4EEE67A27EE077AA7EEA77A012EC7D107
:10D4E00081ED007ACCE71023A86685F8AC3028E5FA
:10D4F0000F23686685F8AC3023E50E23286685F88F
:10D50000AC301EE50D23E86585F8AC3019E50C2339
:10D51000A86585F8AC3014E50B23686585F8AC3058
:10D520000FE50A23286585F8AC300AE50923E8648D
:10D5300085F8AC3005E50823A86485F8AC3000E533
:10D540000723686485F8AC30FBE40623286485F87B
:10D55000AC30F6E40523E86385F8AC30F1E404234D
:10D56000A86385F8AC30ECE40323686385F8AC303D
:10D57000E7E40223286385F8AC30E2E40123E862A3
:10D5800085F8AC30DDE497ED000A28EE000AB5EE30
:10D59000400AF1EE10FA1CD4F1EEC07AC5E4D7EDE2
:10D5A000007A68EE277AC0E497ED000AB5EEC00A6B
:10D5B000F1EE10FA02DCF0EE497AB6E420EE080A49
:10D5C00004F0F4F8B2EE047AF0EE697AE0EE077A4D
:10D5D000ABE404F01BF9F0EE407AA6E4B4000100DD
:10D5E00000000000000000002F4B30481A6830494E
:10D5F000126910B51B79CB7700F500739A422D4B59
:10D6000040D2196800EB810200EBC1002A49097879
:10D6100000293CD12949096899B3294C1B68B4F801
:10D6200000C0BCEB530F2CD8002B0CF1010EB8BF7F
:10D63000013301EB8E0102F5007E0CEB630C22F04E
:10D640001F03A4F800C0BFF34F8F4FF0E02CCCF8BD
:10D650005C3F20339E45FAD8BFF34F8FBFF36F8FE7
:10D660009FED0F6B52F8083B1B12904207EE103AE9
:10D67000B8EEC77B27EE067BB7EEC77BA1EC017A3D
:10D68000F0D810BD1968024600EB8100C2E74FF0E8
:10D69000E0214024C1F80842BCE700BFAFF300809E
:10D6A000FDF402010000803E1C5E0220400A2020A2
:10D6B00000800E40ECF5002052A40320185E0220EA
:10D6C00034A4032070B50546FFF790F972B6124CEA
:10D6D000124A2188126891420ADA38B110490A6860
:10D6E000AAB162B6BDE87040FFF7D6B962B670BDA8
:10D6F0000B4A166810600022228062B62846314626
:10D70000FFF7EEF93046BDE87040FFF7C5B9086095
:10D71000228062B670BD00BF34A40320ECF5002067
:10D72000185E022038B5274C01210625204601F05D
:10D73000C3F8254B254A18682549264B126808600E
:10D7400001201A6000F0C8F823490320234B02226D
:10D75000C1F87C01C3F894210422236820499A600F
:10D7600059609A824FF480721E481F491860002049
:10D770001961DA822179DA839D83A5F206451B4A75
:10D78000D8609D6142F8210019481A4B42F82100E7
:10D79000194AC3F8882001F06DF82379174C01214C
:10D7A000174A207003F11000164C02EB5312E37677
:10D7B00003F01F039200144C9940144B43F820408F
:10D7C000116038BD1C5E0220E8F50020ECF5002059
:10D7D000F0F50020F4F5002000801F4000841F4079
:10D7E00000000202A0403840400A202000C00E4045
:10D7F00013000080004038400100009252A4032032
:10D800004038003800800E4059B800000004012064
:10D81000024A0349034805F003B800BF00F60020A0
:10D82000B52200001C5E022038B542F210720023BF
:10D830004FF40C611C2005F0AFFF1E481E49C36960
:10D840001E4D23F440631E4A1E4C43F40063C36123
:10D85000836A19401C4B41F0CE0181624FF4803045
:10D8600069680A40032142F400226A6000254FF0F3
:10D870000072C4F82011C4F82811C4F8241101243E
:10D880001D669A60114ADC6011491A61114A58619B
:10D890009961DA61C3F8E050C3F88C4004F1E064A8
:10D8A000C3F89040C3F89400C3F89810C3F89C20C4
:10D8B00038BD00BF00C00F4000FEFFFF00C00A409F
:10D8C000F8FFF7FF00801F4000403840010000478C
:10D8D0001B1F0100001F1F1F074A0849D36F43F495
:10D8E0004023D3678B68002B05DBD1F88830002BF1
:10D8F00001DBFFF799BF704700C00F400040384080
:10D90000024A0349034804F08BBF00BF00F6002021
:10D91000B5220000545E0220D0E92B20101A704777
:10D92000826E3F2A01D90020704710B40346541C70
:10D93000024401209C6682F825105DF8044B704774
:10D94000D0E92B23934206D25A1C0344C0F8B020DE
:10D9500093F86C0070474FF0FF307047D0E92B23ED
:10D96000934203D2184490F86C0070474FF0FF3098
:10D97000704700BF0023026A10B50446A0F8B41037
:10D9800083660AB19047A26E606904F125010368BD
:10D99000BDE81040DB69184730B40025C469A0F821
:10D9A000B420C0E92B151CB12346084630BC1847EB
:10D9B00030BC704738B5836E0446C3F140009042D6
:10D9C00001D2002038BD04F125001546184401F0AD
:10D9D0000DFCA36E28462B44A36638BD0368098856
:10D9E000D3E900209B6810F0010F02D103EB600027
:10D9F00010474FEA600C03EB600053F80C309A5864
:10DA0000104700BF03680968128810B4D3E90040CA
:10DA10009B6810F0010F05D103EB600023465DF811
:10DA2000044B18474FEA600C03EB600053F80C30CE
:10DA30001C5923465DF8044B184700BF012A38B52E
:10DA4000044603D10B680360002038BD022A0CD0C5
:10DA5000032A03D0002AF7D10260F5E70068002806
:10DA6000F2D00C2101F060FCEEE70D680C2001F013
:10DA700057FC034695E80700236083E80700E3E7C7
:10DA8000012A38B5044603D10B680360002038BD75
:10DA9000022A0CD0032A03D0002AF7D10260F5E74E
:10DAA00000680028F2D00C2101F03EFCEEE70D6882
:10DAB0000C2001F035FC034695E80700236083E85D
:10DAC0000700E3E770B54FF47A7300254026016143
:10DAD0000F4904460573816129464261324680F848
:10DAE0002450C0E901530B4BC0E9075503602530B2
:10DAF00005F094FB3246294604F16C00A56605F05A
:10DB00008DFBFF232046A4F8B430C4E92B5570BD2B
:10DB1000A0860100F07C0020F0B50446006985B0C5
:10DB2000002503685B689847606903681B6998472C
:10DB30006069402204F16C0103681B6A98476669BA
:10DB40000C203368DF68CDE90055CDE9025501F0BE
:10DB5000E7FB194A03466946304600931A60C3E959
:10DB60000154164B0393164B0293B847029B1BB10B
:10DB70000322694668469847666900250C20336889
:10DB80005F69CDE90055CDE9025501F0C9FB0D4AA9
:10DB900003466946039230460B4A009302920B4AB1
:10DBA000C3E901541A60B847029B1BB169460322BE
:10DBB0000846984705B0F0BD09BC000075BC0000E0
:10DBC000F1BC00004DBC0000ADBC0000E5BB000096
:10DBD00010B5044682B00191FFF79EFF606901997C
:10DBE00003681B6802B0BDE81040184708B5084A32
:10DBF00008490948FFF766FF084A09490948FFF73D
:10DC000061FF094A09490A48BDE80840FFF75ABFC1
:10DC10008C2B012028260120D02C0120F82B01205C
:10DC200058260120882D0120642C012088260120FF
:10DC3000402E0120006A6328D4BF002001207047D5
:10DC4000C0697047002381620363C262704700BFEE
:10DC50000023C16143620262704700BFF0B587B024
:10DC600000238F68054602AC02930593C4E9013393
:10DC700017B30E4602222046B847D6E9027C94E844
:10DC800003006A4605F15C0382E8030093E80300A1
:10DC900084E8030092E8030083E803006B6EAA6E39
:10DCA0006F660493C5F868C005921BB10322214634
:10DCB0002046984707B0F0BDBC46E0E7D0E9031323
:10DCC00030B493F84C30002440F202350B4A4FF048
:10DCD000010C0B480D6102EB53120C61C1F810519D
:10DCE0009200C1F8104103F01F0110330CFA01F14A
:10DCF000116040F8234030BC704700BF60380038E6
:10DD000000040120D0E9031330B493F84C30002410
:10DD100040F202350B4A4FF0010C0B480D6102EB4B
:10DD200053120C61C1F810519200C1F8104103F078
:10DD30001F0110330CFA01F1116040F8234030BC90
:10DD4000704700BF60380038000401200D4A436E60
:10DD500010B50446026023B100F15C0103220846BD
:10DD60009847636D23B104F14C010322084698479C
:10DD7000636C23B104F13C01032208469847204616
:10DD800010BD00BF907D0020F0B587B000238F68E4
:10DD9000054602AC02930593C4E9013317B30E465E
:10DDA00002222046B847D6E9027C94E803006A467E
:10DDB00005F13C0382E8030093E8030084E80300D4
:10DDC00092E8030083E803006B6CAA6C6F64049311
:10DDD000C5F848C005921BB103222146204698474A
:10DDE00007B0F0BDBC46E0E7F0B587B000238F6810
:10DDF000054602AC02930593C4E9013317B30E46FE
:10DE000002222046B847D6E9027C94E803006A461D
:10DE100005F14C0382E8030093E8030084E8030063
:10DE200092E8030083E803006B6DAA6D6F650493AD
:10DE3000C5F858C005921BB10322214620469847D9
:10DE400007B0F0BDBC46E0E710B58363642400234F
:10DE5000C160104900F13C0E436044610E4C0383E5
:10DE600084600E4C036202614362C161C3628162DD
:10DE700080F83430C363036304608366C0E9103301
:10DE8000C0E91233C0E91433C0E91633C0E91833CE
:10DE900010BD00BF88480120A0F80100907D00203F
:10DEA000C3685A6912F4705F30B42FD0550558D446
:10DEB000140504D54FF4006401215C614160D10474
:10DEC00005D54FF480515961416800297EDD9504E4
:10DED00004D54FF4005405215C614160016A0229B8
:10DEE00014D002245E4904629C6924F001049C6100
:10DEF0001C6944F480741C611C6944F400741C6146
:10DF00005C692140B1F1807F00F09580940508D5CF
:10DF10009969662421F0010199614FF4007104624E
:10DF2000596191070FD5416A39B3C16909B3016AD3
:10DF3000012900F08480196941F400711961C169F7
:10DF40008369994234D0436A4BB9D20707D5C36974
:10DF500013B9012243600262036A012B39D030BC3D
:10DF600070474FF480615961016AF1B9092141603C
:10DF70009EE7012441600462D9E702243849046223
:10DF80009C6924F001049C611C6944F480741C6148
:10DF90001C6944F400741C615C692140B1F1807F0C
:10DFA000D1D14FF400711966CDE70A2141607FE7B6
:10DFB000C368D96D01F0070101290CBF0221652159
:10DFC0000162196921F001011961BCE70721416073
:10DFD0007DE7C468E26DC369816902F00702994276
:10DFE000C2F104020FD972B1456901E099420AD227
:10DFF000C369013A03F10101C161EB5CDBB2236645
:10E00000C1698369F2D1C26983699A42A7D1E36D7C
:10E010005B07A4D1A36923F00103A36190F8283022
:10E02000D3B102224FF4007302622366236923F006
:10E030000103236193E74FF40071196666E71B6FD4
:10E04000C46981698C423FF47AAFC169DBB244692B
:10E050004D1CC561635472E765230362E6E700BFA8
:10E06000000200010148FFF71BBF00BF8826012006
:10E070000148FFF715BF00BF582601200148FFF7F0
:10E080000FBF00BF28260120F8B503680446304DB5
:10E090000E469B681746AB4235D1036A632B35DDCC
:10E0A0000020E368676260602062DA6D520714D175
:10E0B000DA6D12F4E02F10D15A6947F6037071003F
:10E0C00002400120C9B25A6141EA07021C6942F4C8
:10E0D000806204431C611A66F8BD08211D4A616014
:10E0E000996921F001019961196941F480711961FF
:10E0F000196941F40071196159690A40B2F1807FD0
:10E1000021D00020F8BD98470028C9D1E368114A02
:10E11000996921F001019961196941F480711961CE
:10E12000196941F40071196159690A40B2F1807F9F
:10E1300005D006226423002062602362F8BD4FF4FC
:10E1400000721A66F5E74FF4007200201A66F8BDF7
:10E15000A5BE000000020001F8B5164600220446E4
:10E160001D469DF81870FFF78FFF58B15DB1002371
:10E17000E2686661E361A56184F82870936943F001
:10E1800001039361F8BD0121E3684FF400726162FD
:10E190001A66F8BDB3F5807FF8B505469DF818708E
:10E1A00002D904234360F8BD164601221C46FFF73E
:10E1B0006BFF0028F7D074B10022EB686E61EA6152
:10E1C000AC61013C44F480741C66002FEBD04FF42A
:10E1D00000721A66F8BDEB684FF400721A66F8BD5B
:10E1E000134B994210B40ED8C3684FF43032114C1F
:10E1F000012011499C6458629962DA629A6C5DF858
:10E20000044B1A6570470D4B9942C3680CD90C4CEE
:10E2100000200C490C4A9C6458629962DA629A6C3C
:10E220005DF8044B1A657047084C00200849F1E777
:10E230007F1A06003B372819CA0005053F420F0028
:10E240000A09070426000101007F05001C1A120CB0
:10E25000600002022DE9F04F0446002540F202362C
:10E260003B4A87B0D0E9030393F84C30066102EBD8
:10E2700053120561C0F8106103F01F06C0F8105179
:10E28000012092001033B040324E106046F8235007
:10E29000DFF8CCE02569DEF83820D5F800C022F49C
:10E2A0007C02287AD5F804B042F48022A76895F859
:10E2B00018A00292EA68284B019203EB0010D5E9FE
:10E2C00004920492EA690392D5E908820592029ABF
:10E2D000CEF83820DCF8002042EA0B02CCF800200F
:10E2E00082681760426801981060B9F1000F02D08F
:10E2F000049AC9F8002003EB0A139A685B68176058
:10E30000039A1A60B8F1000F02D0059BC8F80030DC
:10E31000E368002220469A65FFF762FF95F84C30CB
:10E32000E26A103346F82320226901210B4B92F850
:10E330004C20E06843F6026403EB521302F01F0224
:10E3400084619B009140196007B0BDE8F08F00BF69
:10E35000603800380004012054A100204038003803
:10E3600000C00F402DE9F04F036889B004461B69D7
:10E37000CDE90412474A934240F08780464A01257E
:10E3800040F20236DFF824E1D0E9031393F84C3071
:10E390000E6103F01F0002EB531210338540920010
:10E3A00000200861C1F81061C1F8100115604EF835
:10E3B0002300E26840F20233384FC2F810310023E4
:10E3C0003749C2F81031B86B236920F47C00A56886
:10E3D0001E6840F4802093F808C0D3F804B0019080
:10E3E00001EB0C1CD86893F818A00390D3E90490B3
:10E3F0000690D8690290D3E9088007900198B86325
:10E40000306840EA0B003060DCF80800039E0560CD
:10E41000DCF804000660B9F1000F02D00698C9F8D4
:10E42000000001EB0A1188684968056002980860DD
:10E43000B8F1000F02D00799C8F80010049993F8BA
:10E440004C30C2F8401105991033C2F82411154917
:10E45000C2F82811A26B4EF8232022690121124B29
:10E4600092F84C20E06840F2033403EB521302F0C0
:10E470001F02C0F8184101FA02F29B0011211A6034
:10E48000C0F8101109B0BDE8F08F9847DFF81CE024
:10E490008FE700BF75BF00006038003800C00F4034
:10E4A00054A1002000030606403800380004012073
:10E4B0004900002201F0FE01FFF754BF1346490056
:10E4C0004FF400325B04C9B203F47E031943FFF733
:10E4D00049BF00BF134649004FF4C0225B04C9B2D4
:10E4E00003F47E031943FFF73DBF00BF436910B536
:10E4F000044682B08BB9436C5BB1406A0DF10202F5
:10E50000218B019004F13C00ADF8021001A9A36C2D
:10E5100098476423636102B010BD4369012BF8D1B1
:10E520000022436E80F83420002BF2D0028B01A928
:10E53000836E5C30ADF804209847EAE7C36830B5D5
:10E54000D3F8145183B004466A0704D5D3F8502198
:10E55000C2F34902028315F4407F6CD1AB0717D593
:10E56000E368D3F87031180405D500226260216A8F
:10E5700009B162626261226A002A59D0616A226A24
:10E5800091426CD0626ADBB2E169501C60628B54CC
:10E59000E90725D56369632B3EDD00210122636D08
:10E5A0006160626143B1228B0DF10601A36D04F13C
:10E5B0004C00ADF806209847E36A002B2FD00023CB
:10E5C0002363226BE36A9A423DD3E268002194F808
:10E5D0003430C2F86011002B44D1012384F8343068
:10E5E0002A0503D46B0508D403B030BDE3684FF4AB
:10E5F0000062C3F814216B05F6D5E1684FF4806022
:10E6000065220B23C1F8140120466261636003B0E8
:10E61000BDE83040FFF76ABFE36A002BD1D1E26862
:10E6200000210323C2F860112A056360DAD5DDE713
:10E6300064236361ACE74FF440722046C3F81421B1
:10E64000FFF754FF8AE7236BA26A591C2163D35C4E
:10E65000E268DBB2C2F860312A05C3D5C6E70223FF
:10E66000636095E703236360BAE700BF0148FFF7E3
:10E6700065BF00BF642C01200148FFF75FBF00BFEA
:10E68000F82B01200148FFF759BF00BF8C2B012058
:10E690002DE9F84FDFF834C10023DFF834E14FF003
:10E6A000640B3B483B4C3C4ECCF80840CEF808404D
:10E6B00084603A4C3A49CCF800403A4ACEF80040DF
:10E6C0000460C660384C394ECEF80430CEF80C10D9
:10E6D000CEF81830CEF81020CEF81C30DFF8F480D9
:10E6E000CEF820B0DFF8F090CEF82430304F8EF81E
:10E6F0002830CEF81440CEF82C60DFF8E0E0CCF8FB
:10E700000430CCF81440CCF81830CCF80C80CCF89D
:10E710001C30CCF81090CCF820B0DFF8C4A0CCF8B6
:10E72000243044618CF82830076143608361C36101
:10E73000CCF82CE0C0F820B0436280F828301D4BA4
:10E740001D4D1E4CDFF89CB0C36250461C4BFFF7BA
:10E750007BFB2A462146504604F062F84A46414671
:10E76000184BDFF884805846FFF76EFB2A46214697
:10E77000584604F055F83A4607494046124BFFF711
:10E7800063FB2A4621464046BDE8F84F04F048B8EE
:10E7900088260120A0F8010000C03F40BC7D002079
:10E7A00000003F40B001012088480120EDC2000078
:10E7B00050020120D5C2000000F60020BDBF0000BD
:10E7C000F5C80000E9C80000DDC800005826012097
:10E7D0002826012000803F4000020120E1C2000005
:10E7E0008C2B0120F82B0120642C01204FF0E0231A
:10E7F0004022C3F808227047F8B5144B144D1C682A
:10E800006E689CB1237A20466BB123686F681B68E1
:10E8100098476B68E188DB1BC3F38F12B1EB931F42
:10E82000A28038BFE2806469002CEBD1084B094A12
:10E830005B6810889B1B084CC3F38F11B0EB931FD0
:10E84000218038BF1180BFF34F8FF8BDDC5C022000
:10E85000001000E030A403202EA403200368184712
:10E860000B680360704700BF0B680360704700BF10
:10E87000704700BF0C4B1A789AB90C4A0C4910B477
:10E88000C2F858110B48D02401224FF0E02180F843
:10E89000464040241046C1F808415DF8044B1A7008
:10E8A00070470020704700BF4EA4032000040120E1
:10E8B00069CA000000E400E070B472B621B90368D0
:10E8C00013B102790F2A45D9294C2188002341FA36
:10E8D00003F212F0010208D00133102BF7D162B617
:10E8E00000220371026070BC70474FF0010C0CFAFB
:10E8F00003FC41EA0C01218062B61E4D5FFA83FCE5
:10E900001D4940F2824680F804C0EC6F194483F040
:10E91000030344F0C0044901EC67A5F59F35174C8B
:10E92000A5F58075266084F81AC084F81EC084F8A6
:10E9300018C084F81FC00160C1E90022C1E90222A9
:10E94000C1E90422C1E906225A5D42F0C0025A55CB
:10E9500070BC7047064C218841FA02F5ED07B5D529
:10E96000054D1544B3EB451FB0D162B6BBE700BF00
:10E9700036A4032000C00F408074000200800E40C7
:10E9800003790F2B11D8094A937672B608490122F0
:10E9900090F804C00B8802FA0CF223EA02030B8001
:10E9A00062B61022002302710360704700800E409F
:10E9B00036A40320EFF3108272B6437F5BB9017F68
:10E9C000012930B40BD0032913D00123437702B9B6
:10E9D00062B630BC70470AB962B670477047124CD5
:10E9E0002168B1B1114943610B68086083615861C6
:10E9F000EBE70F4D0F492C688CB143610B688361C5
:10EA000058614FF0E0234FF080540860C3F8044D84
:10EA1000DBE7064B20601860C0E90511D5E7C0E9C7
:10EA200005442860EDE700BFAC5D0220B85D022020
:10EA3000B45D0220B05D022070B5EFF3108272B6B3
:10EA40000C4C206880B10C4E00254369236073B1E3
:10EA50009D6102B962B6836845779847EFF31082EB
:10EA600072B620680028F0D102B962B670BD33607A
:10EA7000EFE700BFB45D0220B05D0220FFF7DCBF0E
:10EA80000449054A4968054B19601368013313604E
:10EA9000704700BF001000E00CA4032008A403206E
:10EAA000704700BF704700BF704700BF704700BF8E
:10EAB00070B51A4C1A4D2368AB4202D0194AD1687E
:10EAC00029BBA369AB4202D0164AD169C9B9236BED
:10EAD000AB4202D0134AD16A69B9A36CAB4209D0E8
:10EAE000104AD16B31B101211B680F48D163BDE8D9
:10EAF0007040184770BD01211B680C48D1629847CF
:10EB0000EBE701211B680A48D1619847DFE7012143
:10EB10001B6804F10800D1609847D2E7C0060120C5
:10EB2000587C00200041084010070120F806012011
:10EB3000E006012038B5064CA4F1600554F8083C05
:10EB40002046183CDB689847AC42F7D138BD00BF7F
:10EB50001007012003682DE9F041044688B01746EC
:10EB6000002B4BD000229A600122DA60304D04A8BD
:10EB7000DFF8E0801D4451F8083B2D1102935B68DB
:10EB800005EB45069847F60006F1080058F80630F0
:10EB90004044DB6801909847264A04A9DDE9010357
:10EBA000029248F806309B689847029B04A8DB68ED
:10EBB00098472368032220481F609A601F4A2379E0
:10EBC0001F4C535513785178C0F828428B4228BF08
:10EBD0000B469178D2788B4228BF0B46934228BFD0
:10EBE0001346184C4FF0E0224FF08061012084F86A
:10EBF0007A30C2F80C1108B0BDE8F081124AD36E29
:10EC000043F44053D3660122104B1A60104A134656
:10EC10000260403298680028A8D0103393422360E5
:10EC2000F8D100231846236008B0BDE8F08100BF8A
:10EC300000BFF7BF587C002000040120E4F500204D
:10EC400021CD000000E400E000C00F40004008407B
:10EC500000410840C006012010B4064B0020064CBD
:10EC6000064A1C609C611C639C6405495DF8044B6A
:10EC700003F0D6BDC0060120587C002000F600201D
:10EC8000A5CD0000084601F043BC00BF2DE9F041CE
:10EC90000C46D1B1EAB180468E1800250E4F04E033
:10ECA00001F036FCB44205440CD0D8F8003014F81A
:10ECB000010B1B68BB42F3D0014640469847B44263
:10ECC0000544F2D12846BDE8F0810D462846BDE84E
:10ECD000F0811546F6E700BFF5CE0000AC49AD4B1C
:10ECE00088422DE9F047AC4C5F699A69D4F80C80F2
:10ECF00000F2FF8003F1437303F5F4530333A3FBE6
:10ED00000013DB0D03EB830303EB830404F2B6343F
:10ED100040F227639C4228BF1C46A04BA4F54874D0
:10ED2000A3FB0434E4089B4908F01F09D1F88030A4
:10ED3000A14543F0C003C1F880300CD228F01F0871
:10ED4000A1F5F82148EA0408C1F80C800B68002BF3
:10ED5000FCDA08F01F0917F0007324D190490D69FF
:10ED60009049A94300F0018182F480513D464FF45F
:10ED7000805615F0605F04D027F060571F43854B25
:10ED80005F6111F4405F07D022F440528149324361
:10ED90008A618B6C1A07FCD447F000777D4A576173
:10EDA000936C9B06FCD4804DA84200F2E9804FF0A2
:10EDB000010C0146634603FB011203F1010E0CF145
:10EDC0000106AA4218D8BEF1080F4FF0010340F027
:10EDD0008E80BCF1040F00F2A8800A18AA4200F24B
:10EDE000BB8006FB00F1B44603F1010E03FB0112E8
:10EDF0000CF10106AA42E6D90CF1FF318D0287EA37
:10EE000081216A4810446A4A904240F29680DFF8B5
:10EE1000DCA16C226748624EB0FBFEF0D6F800E041
:10EE2000B0FBFCF0DFF8C8C10EEA0C0CD44509D0E9
:10EE300042F400524FF4805CC6F800C03260326881
:10EE4000002AFCDA534A166906F007069E4203D0F0
:10EE50001361936CDE03FCD411F4E05F09D027F456
:10EE6000E05705F4E0554B4A2F435761936C9907DF
:10EE7000FCD45149514A0144914252D8504BC909DE
:10EE8000A3FB0131090B4B1E1B0287EA030212F49C
:10EE9000407F06D027F4407703F440733D4A3B435C
:10EEA00053613C4A536923F000735361936C9B0692
:10EEB000FCD4444B4C45A3FB00234FF0FF324FEAF8
:10EEC0009343B0FBF1F1B2FBF3F33F4A10603F4ACA
:10EED00011603F4A136008D228F01F082E4A48EA02
:10EEE0000404D4601368002BFCDABDE8F087734695
:10EEF00061E7384B984201D80E2414E7364B98420C
:10EF00003AD9364CA04239D9041B354B240AA3FB0D
:10EF10000434E40904EB840404EB840404F2E244C2
:10EF2000F6E64FF440730421AFE70CF1FF311F48C0
:10EF300007238D02104487EA81212A4ADFF8B4A012
:10EF4000A2FB0020020D2848362A38BF362202FBD9
:10EF500000F042EA0A0A5EE74FEA8C25002387EABE
:10EF60008C214FF0010EB4464BE71E4687F0C0558A
:10EF700011464FF0C053FCE60F24D4E61224D2E62B
:10EF800000254FF0010C024639462B46E64638E78D
:10EF9000001C4E0E00C00F40000008401F85EB51C2
:10EFA00000800D4040300080FFB19F26808D5B00C7
:10EFB000FF7EF64D00643F4D7FD1F0087F17B42CE3
:10EFC0009F10E50083DE1B4384F5002080F50020C0
:10EFD00004A40320FF0A6B1B00A4781F0046C32370
:10EFE00023B24C00819F5E16001BB7006C2000808E
:10EFF0007F3001800020008000B970472DE9F84F74
:10F0000001218146214C224D224E54E8003F2A68BE
:10F01000306844E80013002BF7D11F494B684FF4C8
:10F020007A7BDFF878A01B1A01270BFB02F8DAF8CD
:10F030000020A3FB02325A4594BF9044D84454E8C0
:10F04000003F2A68306844E80073002BF7D14B6812
:10F05000DAF800C01B1A0BFB02F2A3FB0C3CBCF558
:10F060007A7F94BF624402F57A72A2EB0802B2F58D
:10F070007A7F06D3B9F1010908F57A78DFD1BDE8C6
:10F08000F88F01F05BFA0449D9E700BF10A4032010
:10F090000CA4032008A40320001000E004A4032013
:10F0A00030B40F4B4FF0010C0E4D0F4C53E8002FB6
:10F0B0002868216843E800C2002AF7D10B4B5B683F
:10F0C0000B4A5B1A4FF47A71126801FB00F0A3FB44
:10F0D000023230BC8A4294BF80184018704700BF8B
:10F0E00010A403200CA4032008A40320001000E0B7
:10F0F00004A40320272816D80201104B03EB0010AC
:10F100009B5810B4C2685C68144205D061B95DF8C0
:10F11000044BC3F888207047836851B1084A5DF8F2
:10F12000044B1A60704770475DF8044BC3F88420A5
:10F130007047044A5DF8044B1A60704754A10020E0
:10F1400038F001003830010027280BD8064B0201A7
:10F1500003EB00109A58C36892681A4214BF01204A
:10F16000002070470020704754A10020272829D88C
:10F17000164B0201012903EB00109A5810B4536892
:10F18000C4680ED004290CD023EA040353608368BA
:10F19000A9B1022917D003290CBF0D4A0D4A1A60E4
:10F1A00007E0234301295360836808D040F6380202
:10F1B0001A60436815225DF8044B1A6070473822C4
:10F1C0001A60F6E77047044A1A60F2E754A100207B
:10F1D000383001003800010038F0010008B5F3F7BD
:10F1E000CFFAF3F711FC01F0A9F9FAE7844641EAF6
:10F1F000000313F003036DD1403A41D351F8043BAF
:10F2000040F8043B51F8043B40F8043B51F8043B00
:10F2100040F8043B51F8043B40F8043B51F8043BF0
:10F2200040F8043B51F8043B40F8043B51F8043BE0
:10F2300040F8043B51F8043B40F8043B51F8043BD0
:10F2400040F8043B51F8043B40F8043B51F8043BC0
:10F2500040F8043B51F8043B40F8043B51F8043BB0
:10F2600040F8043B51F8043B40F8043B51F8043BA0
:10F2700040F8043B51F8043B40F8043B403ABDD20F
:10F28000303211D351F8043B40F8043B51F8043BB1
:10F2900040F8043B51F8043B40F8043B51F8043B70
:10F2A00040F8043B103AEDD20C3205D351F8043B40
:10F2B00040F8043B043AF9D2043208D0D2071CBF0C
:10F2C00011F8013B00F8013B01D30B880380604635
:10F2D000704700BF082A13D38B078DD010F00303AB
:10F2E0008AD0C3F10403D21ADB071CBF11F8013B1B
:10F2F00000F8013B80D331F8023B20F8023B7BE76A
:10F30000043AD9D3013A11F8013B00F8013BF9D294
:10F310000B7803704B7843708B788370604670472E
:10F3200003F08CBC03F08ABC03F090BC01F1FF3CFD
:10F3300070B56646002400E00134B0FBF2F502FB34
:10F340001503092B03F1370E03F130035FFA8EFE2C
:10F3500098BF5FFA83FE9042284606F801EFEBD291
:10F36000631C0022C818CA547CB162461CF8015FB5
:10F3700010F8016DA1EB0C0302328CF80060013B28
:10F38000521A057023449A42EFDB084670BD00BF55
:10F3900000230F2248F2B82C194610B54FF47044E0
:10F3A0004FF4806EA0F88C414FF46044A0F88E2199
:10F3B0000A46A0F89031B0F888319BB243F0F003D0
:10F3C000A0F8883101EB4103013100EB431304291C
:10F3D0009C80A3F806E05A841A865A805A81A3F8C2
:10F3E0000EC05A82DA825A83DA83EBD1B0F88831C0
:10F3F0009BB243F00F03A0F88831B0F888319BB27C
:10F4000043F47063A0F8883110BD00BF374B384A11
:10F41000996F384841F47F0170B5996741F2010650
:10F42000D3F8801045F6C05543F226040A43C3F8CA
:10F430008020FFF7ADFF00F58040FFF7A9FF00F542
:10F440008040FFF7A5FF00F58040FFF7A1FF0022F5
:10F45000A0F503104FF00F0E114600EB42134FEAD8
:10F46000421C01329981042A5981A3F80EE09E8240
:10F47000DD8020F80C1019829C81EED100221E48FC
:10F480004FF00F0E41F20106114645F6C05543F20A
:10F49000260400EB42134FEA421C01329981042AF0
:10F4A0005981A3F80EE09E82DD8020F80C101982AD
:10F4B0009C81EED1002211480F2641F20105114630
:10F4C00045F6C05443F2260E00EB42134FEA421CAD
:10F4D00001329981042A5981DE819D82DC8020F8E5
:10F4E0000C101982A3F80CE0EED170BD00C00F40E3
:10F4F000000003FC00C03D4000001E4000401E40D4
:10F50000074A506A936A19468446506A936A994238
:10F51000F9D18445F7D1DB0B43EA4040704700BF87
:10F5200000400D4072B6EFF30583524CC4F88430AE
:10F530001EF0040F0CBFEFF30882EFF309824FF0C7
:10F54000E0234D4E4D4DD3F8280DD3F82C1DC4E9C2
:10F550002201D3F8341DD3F8383DC4E9241393694C
:10F56000C4F89830D369C4F89C3000F0BFF884ED3B
:10F57000280AFFF7C5FF0B214FF0FF32C4F8A400A3
:10F580000B46C4F880103E49301D5A40202402F03A
:10F590000103013C01FB03F383EA5202F7D1A842C5
:10F5A00002D073680646EFE7324BC3F8A820BFF3DA
:10F5B0004F8F4FF0E0233049324AC3F8701FC3F831
:10F5C000702FBFF34F8FBFF36F8F2F4A02252F4845
:10F5D000D36E2F4943F44053D3660560D3692D4859
:10F5E00023F07F0343F04003D3610B6883423DD88F
:10F5F000264D00214FF0E0234FF0FF322960012615
:10F60000C5F808112449C5F80011C5F80861C3F808
:10F610008021C3F88421C3F88821C3F88C21C3F862
:10F62000902101E000F054F9D5F80C31002BF9D00D
:10F630000134C5F80C614F2CF4D9184B022018493D
:10F640004FF00042C1F840015A63D5F80C313BB984
:10F65000144815490D4A0163D2F80C31002BFAD039
:10F660004FF0E023114AC3F80C2DFEE7FFF736FBFD
:10F67000BEE700BF00FF272080FF2720A8FF27202C
:10F680002083B8EDA0FF272000C00F4000400840B5
:10F6900084F50020803DCD0B009F240000900D409C
:10F6A00000002E4000800F40F100AD0B0400FA0571
:10F6B0000A490A6838B108B513180948834204D8C2
:10F6C00010460B6008BD1046704703F0B1FA0C23DA
:10F6D0004FF0FF320360104608BD00BFFCF500206C
:10F6E0000000282030BFFDE7FFF71CBF124AD2F808
:10F6F00080305B07FBD5D2F880301048C3F30B2372
:10F700000F4990ED007A07EE903A91ED006AB8EE5D
:10F71000477A0C4AF8EEE77A0B4BD2ED006A77EEA7
:10F72000C77A93ED007AB8EE477A67EE867A87EE6D
:10F73000A60A37EE400A704700810D40F4A303206B
:10F74000FCA3032000A40320F8A30320836BF0B4E0
:10F750001BB1536843F40043536072B6446B3CB32F
:10F760001A4B2260D3F8B0410C421DD1184E776875
:10F7700004E07468E41BB4F5166F0BD2D3F8404173
:10F7800044F48044C3F84041D3F8B851D3F8404121
:10F790006404EED50D4007D10C4CC0E90225D4F825
:10F7A000B0310B43C4F8B031426362B6F0BC70476D
:10F7B000064DC0E90224D5F8B0310B43C5F8B0318D
:10F7C0000263426362B6F0BC704700BF00002E4087
:10F7D000001000E070B5056B9DB106462A46002476
:10F7E00003E012680134012A0CD0536813F080033F
:10F7F000F7D032632CB12846B36B2D689847013C93
:10F80000F9D170BDC6E90C33F4E700BF30B4D9B903
:10F810001F4C204B0021204A01254FF00110996018
:10F820001D60C4E9023180245C60C2F8BC01D2F8DA
:10F83000B0311A482B43C2F8B0310160D2F8B03170
:10F84000002BFBD130BC70470904154B104C01252F
:10F8500041F080019860104A596000F580511D60A8
:10F86000D96000F50051A364196100F5405100F51D
:10F870008040596100219861E164D2F8B03143F4CD
:10F880008033C2F8B031D2F8B031002BFBD1C0E7E1
:10F89000000000202007012000002E4040A303208C
:10F8A00040070120084901220B7802FA00F023EA00
:10F8B0000000087030B9054AD2F8483123F08003BF
:10F8C000C2F84831704700BF59A4032000002E4001
:10F8D0002DE9F04F974C83B0D4F84471FB07C4F87E
:10F8E000447153D5D4F8AC21002A4AD0924EDFF8A7
:10F8F00060A2DFF87492DFF874B2DFF87482C4F8A3
:10F90000AC21D6E90A20D4F8403143F40053C4F8BE
:10F910004031D4F840319D04F5D5D4F8403123F47A
:10F920000053C4F840314FF00113C4F8B431D4F897
:10F93000B45115F00115FAD193B28446CAF80050BB
:10F94000B3F5086F00F0CF8100F2DB8040F20231A6
:10F950008B4200F0E78100F29A80822B00F0CB818D
:10F96000B3F5817F40F08A8010F0780F83B200F009
:10F9700003824FF00113C4F8C031D4F8AC21002A3F
:10F98000BDD16C4AD2F8BC31002B42D17E0616D5CF
:10F99000684BD3F8AC21C3F8AC21D3F8BC21C3F831
:10F9A000BC21D3F8B041002CFBD14FF0FF32C3F89B
:10F9B000B421D3F8843100F01DFD604B1C60FC01C4
:10F9C00003D55F4B1B6803B19847B80103D55D4B66
:10F9D0001B6803B19847790708D5564BD3F8843193
:10F9E00013F4007347D0584B01221A70514BD3F8CF
:10F9F00048311A060AD53B0608D5544A13782BB16C
:10FA0000013BDBB21370002B00F0728203B0BDE843
:10FA1000F08F4F49C2F8BC310868034240F0D181F1
:10FA2000464A14681C40B1D05FEA144810D0424ED8
:10FA30004FF0010998FAA8F5B5FA85F506EBC5105F
:10FA400009FA05F54030FFF7C5FE38EA0508F1D19F
:10FA5000A4B2002C9AD0384E4FF0010894FAA4F5C5
:10FA6000B5FA85F506EBC51008FA05F5FFF7B2FE05
:10FA7000AC43F3D18AE7344A1370B7E7802B7FF4A5
:10FA800078AF344802210580FFF7C0FE75E7B3F573
:10FA9000A06F00F00B81A3F5D063012B3FF669AF97
:10FAA0002D4B5D68002D3FF464AF1FFA8CFC4FEACC
:10FAB000124E04E01D690C33002D3FF45AAF1A8832
:10FAC0007245F7D15A886245F4D14FEA1E22032AC3
:10FAD00000F0A5811A89000C824228BF0246BEF5BB
:10FAE000007F40F0A181184B1C4918781C4B0192F3
:10FAF000002818BF19461B48FFF778FB194D019ADB
:10FB0000E1E142F221218B427CD033D942F2213112
:10FB10008B4200F081804FF6C0018B427FF429AF09
:10FB200010F47F4F83B27FF424AF43F46E4363F34A
:10FB30000F0CB5E700002E400000002044A3032076
:10FB400020A4032024A403205FA4032060A4032096
:10FB500040A30320BCA30320D4F30020BC1C0060FE
:10FB6000201D0060400E202038A303205DCFC6B8C2
:10FB7000C0012E40B3F5106F66D042F221018B42D6
:10FB80007FF4F7AE030C072B7FF4F3AEB24BB3490F
:10FB9000F560D960B249B360C3F80890C1E90020AC
:10FBA00001221A60AF4A5A60AF4A1A61D4F8B01104
:10FBB00041F00101C4F8B01102F5805102F5005284
:10FBC00059619A61D4F8B031002BFBD1A74AF36494
:10FBD00093600123B264136048F2800353604FF0D6
:10FBE0000113C4F8BC31D4F8B03143F48033C4F805
:10FBF000B0314FF48033CAF80030D4F8B031002B64
:10FC0000FBD1BAE680B238B9994BC2F30742196802
:10FC1000984B1960984B1A70944B00229A60F264CA
:10FC20000122B3641A6080225A604FF00113C4F8B5
:10FC3000BC31D4F8B03143F48033C4F8B031D4F8D7
:10FC4000B031002BFBD198E6C2F307428B4B1A7000
:10FC50008B4BC4F8C8318B4BC4F8CC318A4BC4F8F9
:10FC6000D03100F0C9FB80222946884803F0D6FA3B
:10FC7000874B8022C6F8A0B0C6F8E0307B4BF56415
:10FC80005A600122B3649D601A604FF00113C4F8FA
:10FC9000BC31D4F8B03143F48033C4F8B031CAF881
:10FCA0000050D4F8B031002BFBD166E66F4B012138
:10FCB000F564196080219D60B36459604FF00113B1
:10FCC000C4F8BC31D4F8B03143F48033C4F8B03157
:10FCD000D4F8B031002BFBD1130C5B0643F08073DA
:10FCE000C4F8543149E6654B01216A481B7803701A
:10FCF000FFF78CFD41E683B210F078007FF439AE57
:10FD000003F07F0258F82210624A1080180600F1B2
:10FD10009E80CB0701D50123137002215D48FFF7B8
:10FD200075FD2AE610F0780F83B27FF422AE03F05F
:10FD30007F0213F0800F58F8223014BF43F4803351
:10FD400043F0010348F822300022484BF2649A60E5
:10FD50000122B3641A6080225A604FF00113C4F884
:10FD6000BC31D4F8B03143F48033C4F8B031D4F8A6
:10FD7000B031002BFBD100E603F07F0213F0800FBF
:10FD800058F8223014BF23F4803323F0010348F8DD
:10FD900022300022354BF2649A600122B3641A606B
:10FDA00080225A604FF00113C4F8BC31D4F8B0314E
:10FDB00043F48033C4F8B031D4F8B031002BFBD118
:10FDC000DBE50020086026490C88486842F22101E2
:10FDD0008C427FF425AE80B200287FF421AE2E49FC
:10FDE0002E4C03C9A18086284FEA11412060A171E1
:10FDF0007FF416AE72B62A48017841F0080101700E
:10FE0000D2F848110D0605D480200143C2F8440100
:10FE1000C2F8481162B6234A5021117000E6000C66
:10FE20002A78824228BF0246BEF5E06F44D11E4BBD
:10FE30001E4D18781E491F4B0192002818BF194605
:10FE40002846FFF7D3F907236B70019A3BE0C903FB
:10FE50003FF561AF61E700BF4007012038B30320E1
:10FE6000202601208000070038C30320200701203E
:10FE70000CA403201CA403205DA403205EA4032083
:10FE80000200CC00C80002000200C8008000002070
:10FE90001993D574BCA3032038A3032014A4032012
:10FEA00059A4032060A403205FA40320400E202057
:10FEB000201D0060BC1C00602946104D01922846A0
:10FEC000FFF794F9019A25F01F031544BFF34F8FF4
:10FED0004FF0E021C1F8703F20339D42FAD8BFF3C4
:10FEE0004F8FBFF36F8F05481146FFF78FFC44E536
:10FEF0000320FFF7D7FC03F047FC00BF400E202093
:10FF00002DE9F0471F46831E022B01D9BDE8F0877B
:10FF1000DFF84C9015460C463C2209EBC01806460B
:10FF20004FEAC01A002108F10400240403F076F916
:10FF3000B5FA85F20123520944EA427449F80A40AD
:10FF4000C8F83870C8F80830002FDFD0034AB34033
:10FF500011680B431360BDE8F08700BF44A3032082
:10FF6000000000202DE9F0470D46811E022901D92D
:10FF7000BDE8F087C701DFF84C9092460446403751
:10FF80003C2200211E4609EB07082D0408F104005D
:10FF900003F044F9BAFA8AF2520945EA427249F882
:10FFA00007200122C8F83860C8F80820002EDFD0EA
:10FFB000034B10341968A2400A431A60BDE8F08769
:10FFC00044A303200000002012048160C36101F5F6
:10FFD000405342F0800210B40124426001F5005207
:10FFE000046001F5805401F58041C46081615DF8D1
:10FFF000044BC0E904237047831E0A46022B00D934
:02000004600199
:100000007047064B00F110014FF0010C03EBC010DC
:100010000CFA01F14030FFF799BB00BF000000204F
:10002000831E0A46022B00D970470121024B8140F2
:1000300003EBC010FFF78ABB000000204068704748
:10004000124A134BD2F8200220F07F40984210B59C
:1000500084B002D200EB800040000E4C01A90A22BD
:10006000FFF764F901A90023204611F8012B0133A1
:100070003AB10A2B20F8022FF7D11623237004B0CF
:1000800010BD5B00DBB2237004B010BD00441F4004
:1000900080969800DC020120F8B5144C4FF0E02562
:1000A000134E4FF4003204EB4024124F06EB40167F
:1000B0000346C5F88C2121463A883046FFF784FF75
:1000C0003B882344BFF34F8FC5F85C4F2034A342D5
:1000D000FAD8BFF34F8FBFF36F8F03203146FFF77E
:1000E0009FFF4FF40033C5F80C31F8BDC00E20203F
:1000F0006007012038A40320244B2DE9F0411C881F
:100100004368C569C3F30E43E41A002C24DD20497B
:1001100020480A780078D3B21F4E82421F4807D089
:1001200010F8038036F81870C7F50072944218D999
:100130000133002226F81540082B194E88BF1346BC
:1001400026F8152098BFDAB2C554164B0A701A6803
:1001500014441C60BDE8F0812846BDE8F041FFF77B
:100160009BBF07EB4820104922462744084401EB77
:100170004521FFF73BF80B4A284626F8187013680C
:100180002344BDE8F0411360FFF786BF38A4032085
:1001900057A4032058A40320C8A30320E8A30320E6
:1001A000D8A30320C4A30320C00E20201D4B1A781F
:1001B000002A36D102F0FF031B4A12788AB32DE9D8
:1001C000F0411A4D2A8852B3194EC2F50068194FF2
:1001D0003278194C07EB421704EBC22442463846EA
:1001E0002146FFF7F1FE04EB0802BFF34F8F4FF0FB
:1001F000E023C3F8704F2034A242FAD8BFF34F8FE8
:10020000BFF36F8F04203946FFF7F6FE33780133D2
:10021000DBB2032B88BF0023337000232B80BDE8A3
:10022000F08170475CA403205EA403203AA403205D
:100230005BA4032060080120C01E20202DE9F04FA0
:1002400085B0CDE90110002900F0BF800023604C8B
:10025000DFF89881DFF898A15E4F009301235E4A92
:1002600023705E4B1978B8F8003002EB4119002B6F
:1002700040F0A7801E461D469B464846FFF7DEFE1F
:1002800010F0800000F08C80BFF34F8F9AF80030A0
:1002900084F800B005B93E68002B7DD13B689B1BFC
:1002A000782B00F287804E4B1B78002B74D000F027
:1002B00045F90122B8F8003015462270002BDCD039
:1002C000464AC3F5006011781A4600EBC120454D3F
:1002D000C9022844019D954217D20393DDE90151DB
:1002E0002A46FEF783FF039B4FF040425B1BA8F8B2
:1002F00000303D4BC3F88420BFF34F8F009800239C
:100300002844237005B0BDE8F08F364BCD18029914
:10031000FEF76CFF00234FF4006229464846FFF7C2
:1003200053FEBFF34F8F05F1200205F500639342A2
:1003300034BF012340234FF0E02205EB4313C2F802
:10034000705F2035AB42FAD1BFF34F8FBFF36F8F91
:1003500004204946FFF750FE204A13780133DBB2F0
:10036000032B84BF00231D4A1370B8F80030019A94
:10037000D11A009A1A4401910092029A1A44002359
:100380000292194AA8F80030C2F88430BFF34F8FA8
:10039000237000297FF462AF009805B0BDE8F08FAC
:1003A0004FF400620D4B8AF8000019781346A8F844
:1003B00000208AE7012300988AF8003005B0BDE8E4
:1003C000F08F1A46C3F500607FE70198E5E700BFAC
:1003D0005CA403200CA40320600801205BA403207C
:1003E0005EA40320C01E202000002E403AA403205B
:1003F0005AA40320704700BF2D4B002180222D48B6
:1004000070B51B7800242C4D8B422C4E0CBF402322
:100410004FF400732B80338002F000FF284A2146FE
:10042000284B14704FF4807227481C8002F0F6FEAF
:10043000264A1021264B0220C2E90044C2E90244A8
:10044000244AC3E900441470234AC3E90244234BFD
:100450001C70234614602246FFF784FD2246318833
:1004600003201F4BFFF74CFD23460122298804205F
:10047000FFF778FD20460134FFF70EFE082CF9D176
:10048000184B00214A221848184C0460C3F8841005
:10049000C3F88020D3F84821154942F08072C3F890
:1004A000482121B1134A137843F00103137070BD42
:1004B0005FA40320600801203CA4032038A403208B
:1004C0005BA403203AA4032060070120C8A30320F3
:1004D000D8A3032057A40320C4A3032058A40320B7
:1004E00069E3000000002E4020A403201DE400006A
:1004F0000000000061A40320044B10B51C680CB17F
:10050000204610BD00F01AF8204610BDC4A30320F9
:10051000094B00B583B01B788DF807003BB1012172
:100520000DF10700FFF78AFE03B05DF804FB03F04E
:10053000FF0003B05DF804FB5EA403202DE9F8433F
:100540002D4B1E7866B12D4F3B784BB90123F10737
:100550003B7043D4B20726D400233B70730701D409
:10056000BDE8F883264B1A68002AF9D0EFF305821C
:10057000002AF5D1EFF3108572B61868002834D040
:10058000204C2178002930D10122227042691A6062
:10059000002A2ED0916105B962B60025836845779F
:1005A00098472570DCE7DFF8648098F80030002B6E
:1005B000D2D00025DFF858902B4659F8234001355A
:1005C000236820461B69984710B163699B68984768
:1005D00098F80020EBB29A42EFD8BDE7FFF78CFF06
:1005E0000028B7D0AFF30080B4E7002DB8D162B6D1
:1005F000B6E7054B1A60CEE761A4032054A403209C
:10060000AC5D02204FA40320B85D022053A4032058
:10061000645E02202DE9F041074608462DED068B69
:10062000B7F800E07A684FEA5E0100EB8E085FEAF7
:10063000DE0E00F0B0808B00103200F1100608F1E1
:1006400010051033C418434455ED046ABEF1010E81
:1006500056ED044A04F1100415ED037A06F1100674
:1006600074EEA69A55ED027A55ED012A74EEE64A2B
:1006700053ED040A02F1100213ED035A05F11005BF
:1006800013ED023A03F1100354ED063A14ED054A56
:1006900013ED056A33EE838A56ED076A16ED052AD7
:1006A00034EE060A54ED085A76EE87AA14ED071ABE
:1006B00036EEC77A56ED061A35EEA09A46ED089A40
:1006C00071EE058A31EEA7AA46ED07AA72EE229ACC
:1006D00070EEE55A35EE415A06ED06AA46ED059A4A
:1006E00036EE446A04ED089A71EEE71A44ED078A83
:1006F00072EE627A04ED068A73EE632A04ED050A4F
:1007000012ED084A52ED076A24EE843A27EE262AB3
:1007100064EEA64A65EEA63A27EE047A65EE845AA0
:1007200065EE266A25EE045A37EE647A76EEA56AFF
:1007300033EE024A33EEC55A05ED077A05ED084A55
:1007400003ED085A43ED076A52ED066A12ED057A89
:1007500061EEA64A27EE874A61EE875A67EEA67ACF
:1007600022EE875A26EE077A26EE266A62EEA66AFF
:1007700074EE844A77EEE57A35EE466A37EE267AED
:1007800045ED064A45ED057A03ED066A03ED057A67
:100790007FF45AAF7A688CB20223214600F014FD30
:1007A00021467A6840460223BDEC068BBDE8F04145
:1007B00000F00ABD2DE9F04F2DED068B04888FB0B7
:1007C00091ED006A0A46640891ED017A0191A30057
:1007D000416864080C90059201F1100625460B94BF
:1007E00001F1080402960794D418AA1E01F1180515
:1007F000E018D4ED004A94ED014AA646D0ED006A17
:10080000C718D0ED017AA04676EE265A97ED005A29
:1008100076EE666A04460695054675EEA42A0A90A9
:10082000019837EE276A77EE677A97ED013A72EE14
:10083000852ABC4676EE843A049736EE447ACDF8A3
:100840000CE012EE909A75EEE45A76EEC46A3E1F02
:1008500040F8089B37EEE44ADEED012A77EEA47AF1
:1008600073EEC33ADCED014A36EE226A019075EE72
:10087000C55A059813EE909A37EE437A36EE246AFD
:10088000AEF1040774EE054A76EE836A80ED016AE4
:1008900077EEC57A48F8089BCEED014A15EE90EA4E
:1008A00044F808EB16EE90EA08942C4685ED017AA0
:1008B000049D4CF808EBC5ED017A5508099500F048
:1008C00030810598083BAB46A4F10C0200F11005FD
:1008D00001F1200901F1300EDDF808A03344103495
:1008E00060464146CDF834C054ED026ABBF1010BBD
:1008F00055ED025A0AF1080AD1ED007A05F1080512
:1009000075EEA63AD0ED002A14ED017A75EEE65A9E
:1009100055ED036AA2F1080273EEA74A90ED012A91
:1009200036EE875A91ED016A36EEC77A09F1100961
:1009300074EEA26A04F1080473EEE73A0EF1180EA1
:1009400037EE673AA3F1080345ED046A37EE277ADC
:10095000D1ED016A75EE861AD0ED014A33EE223AE6
:1009600075EE266A35EE465A35EEC66A76EEA46A0C
:1009700071EEC21A35EE425A45ED036A36EE022A8E
:10098000D6ED007A73EEE23A97ED001A77EE622A1E
:1009900092ED048A71EE278A93ED04AA16ED017A8E
:1009A00071EE677A57ED010A38EE4A1A38EE886A16
:1009B000D3ED039A30EE870A92ED039A78EEC85A87
:1009C00036EE0A6A30EEC77A37EEC94A16EE10CA1A
:1009D00030EE496A77EE014A47F808C934EE294AF1
:1009E000D2ED038A39EEC99A93ED038A71EE470A74
:1009F00030EE280A39EE671A36EE696A30EE080AD8
:100A000075EECA5A87ED010A1AED040A5AED036A17
:100A100021EE808A23EE267A64EE267A61EEA61A0B
:100A200024EE004A23EE003A64EEA66A24EE800A21
:100A300038EE077A76EE846A37EEC00A33EE613A12
:100A400017EE10CA41F808CB01ED013A82ED040A15
:100A5000C2ED036A59ED086A59ED077A25EEE67A88
:100A600023EEA64A65EE274A65EEA75A63EEA73A3B
:100A700066EE277A25EE265A66EE266A77EE677AC4
:100A800034EE246A75EEE66A35EE635A17EE90CAC4
:100A900004ED046A04ED035A46F808C9C6ED016A7C
:100AA0005EED0C7A1EED0B7A62EE275A22EE876A13
:100AB00022EE072A62EEA72A61EE076A20EE877A05
:100AC00060EEA70A61EE277A35EE866A72EEC22AD8
:100AD00076EEE00A77EE277A16EE10CA40F808CBD9
:100AE00040ED012AC3ED040AC3ED037A7FF4FCAEA6
:100AF00009990298CB00DDF834C001EB410200EB0C
:100B0000011198449C44029101991944019107995B
:100B10001944079108991944069B03EBC2030891F5
:100B20000693019A0423089ED2ED007A96ED007A8E
:100B3000D8ED002A77EE875A9CED003A92ED016AD3
:100B400037EEC77AD6ED016A75EEA24A9CED012A0E
:100B500036EE265AD8ED017A76EE666A029D34EEBC
:100B6000836ABDF82C4037EE274A059876EEE24AB4
:100B7000214682ED006A35EEE26AD8ED013A75EE63
:100B8000675ADCED011A34EE424A75EE233A74EEF0
:100B9000834A76EEA26A33EEA15A37EE677A36EED2
:100BA000436A82ED015A75EEC25A079A77EE027ACD
:100BB00036EEC37AD2ED002A92ED015A64EE223A63
:100BC00024EE054A24EE855A64EEA24A33EE855A95
:100BD00074EEC44A88ED005AC8ED014AD5ED014AC9
:100BE000D5ED006A069D26EE265A26EE246A65EEAD
:100BF000A66A65EEA45A36EEC66A75EE255A86EDEB
:100C0000016AC6ED005AD5ED015AD5ED006A0C9E79
:100C100027EEA66A67EE266A67EEA57A27EE257AA2
:100C200076EEE77A36EE077ACCED017A8CED007A33
:100C3000726800F0C9FA039821467268042300F034
:100C4000C3FA0A9821467268042300F0BDFA2146CF
:100C50007268042304980FB0BDEC068BBDE8F04F1A
:100C600000F0B2BA012A2DE9F041064617460C46BB
:100C70009846058853D0B5F5807F4BD016D9B5F589
:100C8000806F1AD05AD9B5F5006F43D0B5F5805FA3
:100C900005D1012372682946204600F095FAB8F183
:100CA000000F11D1012F16D0BDE8F081202D31D0D9
:100CB00048D9402DEDD0802DF1D121463046FFF7A7
:100CC000A9FCB8F1000FEDD0B2682046B18900F060
:100CD0001BFA012FE8D107EE905AB7EE007AF8EE32
:100CE000677AC7EE276A002DDED004F108010023E1
:100CF00011ED027A013351ED017A08319D4227EE60
:100D0000267A67EEE67A01ED047A41ED037AEFD1B7
:100D1000BDE8F08121463046FFF74CFDBFE7A5B1A5
:100D200001F10C03002253ED027A01320833F1EE97
:100D3000677A954243ED047AF5D19CE7B5F5007FDB
:100D4000A7D0ACE7102DB8D0A9E7B5F5807F96D82D
:100D5000ACE700BFF8B5079FB7FBF2F402FB1474D1
:100D600094B98E4616466FF040420546724469803B
:100D7000436021463A440698920002F04FFA069BDF
:100D80002E702046AB60F8BD6FF00100F8BD00BFCB
:100D90002DE9F04F047883468DB04088DBF804508D
:100DA0006FF040499646089202952A46DBF80860A3
:100DB0008144099006EB8909B3FBF4F39D08A3EB8A
:100DC00085030A950B93002D00F0F880830800F04E
:100DD00003002F46CDF810B005931B0106900EF1CD
:100DE000100A1A449B46484603970792CDF8049090
:100DF000A4000A46234652F8045B013B40F8045B1A
:100E0000F9D1049BA400059F93F800802144019B25
:100E10004FEA88089FEDBB1A234406EB080E0193A6
:100E20000EEB080C0CEB0809002F00F06181029B0F
:100E3000F0EE415AB0EE415A06F11004F0EE414A8C
:100E400003F110050EF110000CF1100209F110036E
:100E500055ED046A013F13ED046A05F1100514ED28
:100E6000044A00F1100050ED081A04F1100452ED8C
:100E7000042A26EE844A66EEA11A15ED077A66EE7C
:100E8000A22A54ED073A66EE866A10ED072A13EDA2
:100E9000036A74EE244A12ED033A31EE855A72EE7B
:100EA000A55A55ED067A67EE233A14ED064A27EE69
:100EB000022A50ED061A27EE033A52ED022A76EE88
:100EC000816A10ED050A27EE067A13ED026A73EEC9
:100ED000A43A15ED051A67EE844A52ED010A32EE86
:100EE000052A14ED054A27EEA15A53ED011A33EEF7
:100EF000253A02F1100267EEA25A03F1100367EEE1
:100F0000867A37EE267A34EEA36A61EE044A75EEED
:100F1000023A35EE834A21EE005A61EE205A77EE0E
:100F2000877A21EE211A74EE864A35EE235A75EE41
:100F3000845A31EE271A8BD15E44DE44DC4409EB3F
:100F40000B00079A069BDBB1B2EC016A013BF6ECA1
:100F5000016ABEEC017AFCEC017A66EE266AB0EC1E
:100F6000014A26EE077A66EE277A26EE046A74EEC8
:100F7000A64A35EE075A75EEA75A31EE061AE3D1A6
:100F8000039B09EB08064AED044A0AF1100A013BEB
:100F90000AED075A4AED065A0AED051A039303D0E3
:100FA000049B01981C7823E7089B0A9ADDF80490BB
:100FB00003EB0213DDF810B008930B9B002B61D0FC
:100FC000099A9846DDF820A0950802F00307029AD6
:100FD0004FEA051E02EB0E0C9BF8004048460A46FD
:100FE0002346F2EC017A013BE0EC017AF9D1A4004E
:100FF000A1442144002D76D0029B2846DFED417AA2
:1010000003F1100206F1100352ED046A013813EDEA
:10101000047A02F1100212ED075A03F1100366EE92
:10102000875A13ED077A12ED066A25EE075A13ED7B
:10103000067A75EEA76A52ED055A26EE076A13ED99
:10104000057A75EE266A25EE877A76EE267A77EEB1
:10105000277AD9D106EB0E02604657B13B46F0EC39
:10106000016A013BB2EC017A26EE877A77EE877A45
:10107000F5D19BF80030B8F10108EAEC017A06EBF3
:101080008306A9D1099BDBF80840591E8F081DD0A3
:1010900004F1100206F11003384653F8105C0138D1
:1010A00003F1100302F1100242F8205C53F81C5CBB
:1010B00042F81C5C53F8185C42F8185C53F8145C56
:1010C00042F8145CE9D13B011C441E4411F00303B7
:1010D00006D0224656F8041B013B42F8041BF9D106
:1010E0000DB0BDE8F08F02983246DFED067AB4E726
:1010F0004846029AF0EE415AB0EE415AF0EE414AAB
:1011000020E700BF000000004B1C012B98BF704778
:101110002DE9F003911C9B08B1F80480B1F802900E
:101120000A8831F802CC8044814402448444D9F8CE
:101130000070D8F800601568DCF80040C9F800605D
:10114000C8F80070CCF800501460D9F80470D8F8D2
:1011500004605568DCF80440C9F80460C8F80470FD
:10116000CCF8045054600831013BD5D1BDE8F00300
:1011700070474B1C012B98BF70472DE9F003911C61
:101180009B08B1F80480B1F802900A8831F802CCCB
:1011900000EB580800EB590900EB520200EB5C0C25
:1011A000D9F80070D8F800601568DCF80040C9F87C
:1011B0000060C8F80070CCF8005014600831013BA2
:1011C000DFD1BDE8F00370472DE9F04F9E4603469E
:1011D0008A468B4604332DED108B9C469DB09FEDC7
:1011E000C39A19901A921B934FEADB034FF0000841
:1011F0001A4611934FEACB0311464FEAC2090093F6
:101200005300D51801931301199A4C1902EB0906E2
:10121000029302EBC50513460A1906EB090703EB17
:10122000C404881803EBC2020144043203EBC0007B
:1012300003EBC101009B04315CED017AD84490EDD1
:10124000007A94ED005AC245D7ED003A96ED006A57
:1012500037EE851A52ED016A73EE874A37EEC55AAA
:10126000D5ED007A73EEC73A11ED017A36EE262AF3
:1012700037EE874A76EE666A71EE245A32EE046AD9
:1012800037EEC77A31EE641A75EE864A76EEC77A83
:1012900075EEC65A4CED014A32EE442A67EE897A61
:1012A00094ED010AC4ED005A36EE877AD6ED015A64
:1012B000D5ED012A75EE271A92ED004A75EE677A90
:1012C000D1ED004A27EE097A35EEC43A9CED006A6A
:1012D00072EEE46AD0ED010A97ED015A35EE844AC8
:1012E00072EEA44A73EE265A76EE002A73EE666A10
:1012F00036EE406A35EE200A65EE895A35EE605AC0
:1013000032EE803A74EE240A66EE896A74EE644A1C
:1013100032EEC04A75EE252A33EE200A75EE655A84
:1013200033EE603A36EE265A8CED000A76EE666AA7
:101330009C4433EE876A84ED013A33EEC77A1C444D
:1013400071EE243A71EE644A31EEA23AC7ED003AEA
:1013500034EE421AC0ED004A77EEA53A75EE464AE1
:1013600077EEE57A87ED011A76EEC75A1F4432EE22
:10137000044A71EEE21A36EE056A37EE267A80EDFF
:10138000014A86ED003A184441ED011A42ED013A56
:10139000C5ED007AC6ED014A1E4481ED006A19448C
:1013A000C2ED005A1A4485ED017A1D443FF644AF60
:1013B0000093119B072B40F2F48101990EEB4E0430
:1013C000029D4FEACE02013104EB0E00E400083525
:1013D000194400EB0E0C1394C0005E1817461892C7
:1013E00009F108099C19199B1A9A12905D19119814
:1013F0003A440C9598462044119DD71903EBC40438
:10140000054403EBC00010970CEB0E074FEACC0C21
:1014100004340430C844CDF854C0199B0A94099090
:1014200003EBC1011A9C03EBC5051598CDF8348078
:1014300007EB0E0804EB0009F8004FEAC80C04356E
:10144000074617900B91184603EBC601129BCDF887
:1014500050C0E3180895149D0E91214604EB050831
:101460000493E5194FEA0E13139C16930B19109F62
:101470000595039300F10803079738460F9301235E
:101480000693009B90ED00FAD0ED01BA0398039902
:1014900090ED01BA0498D1ED00EAD0ED01AA0598CB
:1014A0000599D0ED017A91ED00DA0D99049CCDED0E
:1014B000017AD8ED017A0091D2ED00FA94ED00EABC
:1014C00092ED01CADDF820E0099F0A9E0B9DD9ED3F
:1014D00000DA0C9CD8ED00CA0E990F9ADDF818C0FE
:1014E00099ED01AACDED027A009801E0F304353FB1
:1014F000D5ED003ADC4491ED007AD4ED008AE24566
:1015000057ED017A90ED005A56ED015A38EEA76A70
:1015100092ED001A78EEE74A1EED014A75EE259A23
:1015200031EE073A92ED018A73EE846A75EE655AE0
:1015300033EEC44A73EE061A39EEA65A75EE847A73
:1015400031EE471A31EE857A67EE897A33EE463A04
:1015500082ED007A79EEE69A96ED006A34EEA72ADB
:10156000D5ED013A74EEE78A90ED017A35EEC44A82
:10157000DEED004A31EEC55A77EE462AD1ED016A1A
:1015800073EEE47AD7ED000A77EE065A94ED017A0D
:1015900033EEA46A32EEE70A78EE664A78EE263A2F
:1015A00072EEA72A77EE206A24EE094A37EE607AB7
:1015B00020EE098A75EE860A33EEA60A62EE892AC3
:1015C00035EEC66A73EEE63A77EE627A74EE885AC2
:1015D00034EEC88A77EE224A71EE042A31EE447A5C
:1015E00030EE601A73EE061A33EE466A33EEE93ACD
:1015F00079EEA36A38EE684A75EEC23A72EE255A61
:1016000032EEA42A72EEE44A77EE272A37EE677AA2
:1016100078EE887A6EEE058A2AEE818A2AEE855A5D
:101620002EEE011A6FEE219A70EE200A6BEEA11ACF
:101630002BEE830A2FEE033AC2ED010A38EE888AB8
:101640001A446CEE238A31EE455A6FEEA33A81EDCF
:10165000008A39EE800A33EE613A81ED015A6FEE6D
:10166000820ACDED003A9DED025A2DEE068ADDED9F
:10167000013A6CEEA49A84ED000A65EE244A84EDEA
:10168000013A23EEA61A23EE866ADDED003A25EE36
:10169000255A19442DEEA20A1C446AEE041A70EE73
:1016A000A80A2EEE873A6BEE278A2CEE022A6DEE00
:1016B000266A6CEEA55A6AEE222A2DEE844A2BEE9B
:1016C000077A6EEEA77A73EEC23A38EE018A36EEEA
:1016D000C66A39EE855A75EEE44A07ED018A30EEA6
:1016E000210A87ED006A74EE622AC0ED000A33EE2B
:1016F000283AC0ED013A37EEC77A0EED015ACEED29
:10170000004A184406ED010A1F44C6ED002A9E4413
:1017100085ED003A1E4485ED017A1D443FF6E8AEA2
:10172000069A1698013211460692079A02441398B7
:101730000792039A024412980392049A024417985B
:101740000492159A9144059A02440592149A904481
:101750000F9A08320F920E9A08320E920D9A0832A2
:101760000D920C9A08320C920B9A08320B920A9A3C
:1017700008320A92099A08320992089A08320892A5
:10178000109C11982246884205D0189821460144A1
:101790000798109176E68346BDF860E0DDF86CC0EE
:1017A00022E51DB0BDEC108BBDE8F08F08B52DED26
:1017B000028BB0EE408A00F06FFFB4EE488AF1EE83
:1017C00010FA0FD6B5EEC08AF1EE10FA0AD8B5EECF
:1017D000408AF1EE10FA08D101F02AFA22239FED97
:1017E000090A0360BDEC028B08BD01F021FABDECD3
:1017F000028B034621221A600348BDE8084000F02E
:1018000031BD00BF000080FFA47B002008B52DED96
:10181000028BB0EE408A00F02BFDB4EE488AF1EE68
:1018200010FA06D6DFED098AB4EEE88AF1EE10FA76
:1018300002D4BDEC028B08BD01F0FAF988EEA80ACB
:10184000BDEC028B2123036008BD00BF0000000037
:1018500070B410EE902A6FF47273C2F30A55EB184D
:101860003E2B85B044D8664B93ED026B93ED007B25
:10187000B0EE461BA7EE001B11EE100A31EE461B20
:1018800000F07F0293ED064B921893ED043B02F1BA
:101890000F0103EBC20292ED1C7BA3EE010BA4EE41
:1018A000010B03EBC10293ED0A5B20EE001B30EE4F
:1018B000077B93ED082B93ED0E6BA5EE002B21EE2D
:1018C000015B93ED0C4BA2EE017B53F8314056685F
:1018D000A6EE004B00210A1906EB4033A5EE047B6F
:1018E000EDB143EC102BA7EE000B05B070BC7047B8
:1018F000002B56DBB5F5816F2DD910EE101A0020A4
:1019000012F5801F08BF814268D040F2FF74A542E3
:1019100047D082425EDB05B070BC00F099B88842C7
:1019200044DAB7EE004B03F17F5101F50011104688
:1019300041EC160B27EE067B36EE070BB4EEC40B1C
:10194000F1EE10FA09D49FED287B20EE070B05B0CD
:1019500070BC00F0ADB8002585E730EE043B36EEF4
:10196000406B34EE435B36EE076B35EE007B37EEB3
:10197000067B37EE037B37EE447BB5EE407BF1EE22
:1019800010FA24D09FED180B27EE000B9FED166B7D
:101990008DED006B9DED007B27EE067B8DED027BD0
:1019A000D5E7B7EE007B30EE070B9EE703F1404131
:1019B0009FED0F6B01F57001104641EC100BA7EE87
:1019C000000B20EE060B05B070BC00F07DB89FED5B
:1019D0000A0BDBE705B070BC00F032B89FED060BD8
:1019E00083E700BFAFF3008000000000000010009C
:1019F000000000000000007F000000000000000068
:101A00008002002010B582B08DED000B044601F07D
:101A10000FF99DED000B046002B010BD82B058B10B
:101A2000B1EE407B8DED007B9DED007B222020EE12
:101A3000070B02B0FFF7E6BFB0EE407BF2E700BF56
:101A40009FED010BFFF7EABF00000000000000104F
:101A50009FED010BFFF7E2BF0000000000000070E7
:101A600082B00028B7EE006BBFEE007B06FE077B5E
:101A70008DED007B9DED000B9FED037B222080EE22
:101A8000070B02B0FFF7BEBF00000000000000001F
:101A9000B4EE400BF1EE10FA30EE407B87EE076BB0
:101AA000B0EE460B02D62120FFF7ACBF704700BF57
:101AB000B5EE400BF1EE10FA00D070472220FFF790
:101AC000A1BF00BF000000009FED076BB0EEC07B20
:101AD000B4EE467BF1EE10FA00DC70472220FFF7EF
:101AE00091BF00BFAFF30080FFFFFFFFFFFFEF7F5D
:101AF00070B553EC102B784C03F1404C4FF0FF3590
:101B00000CF5901C954274EB0C042DED068B10EE39
:101B1000100A1E4652D24FEA134EAEF1100547F698
:101B2000DF74A54200F29F80BFEE008B06F14043B8
:101B300003F5D013C3F346324FEA135C1B1507EECF
:101B4000903A664B03EB021493ED006B94ED261B69
:101B50004FEA0C5C93ED0C4BB8EEE79B93ED025B08
:101B6000A6EE091B93ED042B93ED083B93ED067B4A
:101B700094ED240B93ED0A6B021EA6EB0C0343ECD1
:101B80001A2BAAEE008BA4EE086BA3EE087B28EEBE
:101B9000084BA6EE047B38EE016B31EE460B30EEBF
:101BA000080B28EE048BA5EE090BA2EE040BA8EEA1
:101BB000070B30EE060BBDEC068B70BD484CA34204
:101BC00008BF002A79D0B7EE001B30EE411B434915
:101BD00021EE01AB91ED123B91ED184B91ED107B95
:101BE00091ED166BA3EE017BA4EE016B91ED1E3B14
:101BF00091ED1C4B91ED0E8BA3EE014B9FED309BB5
:101C000091ED145B91ED200BA5EE0A7BB0EE415BEC
:101C100091ED1A2BA0EE0A4BA1EE095B91ED223B50
:101C2000A1EE495BA2EE0A6BB0EE410B21EE0AABCE
:101C3000A3EE0A4BA4EE0A6B25EE054BA6EE0A7B3B
:101C4000A4EE080B31EE456B31EE055B28EE066B1A
:101C500031EE401BA4EE081BA6EE051BA7EE0A1BE7
:101C600030EE010BA7E7941843EB03052C431DD07E
:101C70001C4CA34208BF002A9DD01EF4004F0DD17A
:101C800047F6F07131EA0E0108D09FED0F7B20EE90
:101C9000077B51EC170BA1F1507645E7BDEC068BA5
:101CA00043EC102BBDE87040FFF7F2BEBDEC068B95
:101CB0000120BDE87040FFF7D3BE9FED050B7AE72A
:101CC000000000000000A0410000000000003043C0
:101CD0000000000000000000FF080300F00A0020E0
:101CE0000000F03F0000F07F2DE9F04F5BEC10ABFF
:101CF0002DED0A8B4FEA1B5C11EE90EA0CF1FF36DA
:101D000040F2FD70864210EE101A11EE103A89B0C2
:101D10005A4665464FEA1E5400F2C680C4F30A06CE
:101D2000A6F2BE367F2E98BF002000F2BD80BFEE27
:101D3000000BE14CE14B1444C4F3463503EB45166C
:101D400093ED006B93ED027B96ED128B96ED189B55
:101D500096ED162B260D241505EE904A360593EDCB
:101D60000C4BB8EEE55B951BA5EE062BA5EE079B8D
:101D700093ED04AB93ED105B93ED08BB93ED067B05
:101D800093ED0A6B93ED0E3B0C1E45EC1C4BACEE39
:101D9000080BA0EE053BA0EE046B20EE0A5B30EED4
:101DA000024B20EE058BA0EE0B7BA8EE036B32EE10
:101DB000442BA8EE067B32EE002BB0EE483B39EE0A
:101DC000022B95EE003B34EE085B20EE080B34EE60
:101DD000454B32EE036B34EE084B36EE046BA0EE4F
:101DE000076B35EE064B21EE048B18EE902AB0EE11
:101DF000487BC2F30A556FF47273EB183E2B91EED9
:101E0000047B35EE445B35EE065BA1EE057B00F20C
:101E10009380AB4B93ED024B93ED005BB0EE441B14
:101E200093ED042BA8EE051B93ED066B11EE101A33
:101E300031EE441B01F07F0293ED0E4BA1EE028BBD
:101E4000A1EE068B93ED0C6B37EE087B27EE072B8C
:101E5000921802F10F0403EBC202A7EE046B92ED9D
:101E60001C4B03EBC40293ED0A3B93ED085B53F864
:101E700034605768A7EE035B4018002422EE023B53
:101E800037EE047BA219A2EE057B07EB4033A3EEED
:101E9000067B002D5FD043EC102BA7EE000B09B0A2
:101EA000BDEC0A8BBDE8F08FD8184EEB0E09461E2C
:101EB00037466FF0010849F1FF36B8456FF4001757
:101EC00077EB0606C0F02081481842EB0209461E57
:101ED000374669F10006B8456FF4001777EB060640
:101EE000C0F03981002A6ADB0020C4F30A06A6F29A
:101EF000BE337F2B40F2FF774FD9724B00209A42BE
:101F000008BF814200F0FD8040F2BD35AE4240F294
:101F10009180012972EB030334BF01230023BC42EB
:101F20008CBF00240124A3420ED109B0BDEC0A8B62
:101F3000BDE8F04FFFF784BD002BC0F2CE80B5F5B1
:101F4000816F75D9002AF0DB09B0BDEC0A8BBDE8C2
:101F5000F04FFFF77DBDA14280F21381B7EE003B49
:101F600003F17F5101F50011104641EC150B27EEEE
:101F7000057B35EE076BB0EEC64BB4EEC34BF1EE0E
:101F800010FA61D49FED480B26EE000B09B0BDECB2
:101F90000A8BBDE8F04FFFF78BBD002D7FF4C7AE75
:101FA0009FED437B4BEC16AB26EE077B53EC172BD8
:101FB00023F0004217EE101AA2F15072B7E6C4F3F4
:101FC0000A0640F2FE3086427EDD40F23340864211
:101FD00000F3FA80801BA0F120054FF0FF374FF08F
:101FE000FF39874009FA05F9C0F12008019547EA51
:101FF00009054FF0FF3727FA08F945EA0905874038
:1020000023EA07072EEA05053D435DD1019DC34044
:102010000EFA08F843EA08032EFA05FE43EA0E0317
:1020200003F00103980422F00042CCF30A055EE7B6
:102030000025EEE688429341B7EE000B34BF31EE47
:10204000000B30EE410B2AE7B5EEC06BF1EE10FA53
:1020500035EE465BBFEE004B35EE075B58BFB0EE8A
:10206000434B36EE043B34EE437B37EE067B37EED4
:10207000057B37EE037B37EE446BB5EE406BF1EE3C
:1020800010FA04D12A4601F0004343EC162B9FEDD1
:10209000065B8DED045B9DED047B27EE057B8DEDEE
:1020A000067B6FE7AFF30080000000000000100027
:1020B0000000000000003043AB6A19C0A0140020EB
:1020C000800200200000F03F4BEC10AB09B0BDECEB
:1020D0000A8BBDE8F04FFFF7DBBCB7EE000B38EE24
:1020E000000B00283FF4DBAEB1EE400BD7E64918F9
:1020F000594B82F400224FF0000052418842934134
:102100005DD3B7EE000BCAE650EA0904EFD0534C9A
:102110000025A24208BFA94247D04918504B52415E
:102120008D4273EB02044AD3994508BFA84246D1B9
:1021300003F100439A4208BFA942E2D09A426FEAF3
:102140000E0E34BF002201224FEADE7E724577D0A8
:102150009FED3D0BA3E64BEC17AB002A27EE070BD8
:1021600034DB002250EA09095DD1BEF1000FBFF651
:1021700096AE104609B0BDEC0A8BBDE8F04FFFF7F4
:102180006FBC03F140419FED326B01F570011046C9
:1021900041EC100BA7EE000B20EE060B09B0BDECD6
:1021A0000A8BBDE8F04FFFF78FBCDB182A4A8EF48C
:1021B000002E4EEB0E0E9D4272EB0E02A1D24BECA6
:1021C00017AB37EE010B6AE600202CE7C4F30A02D6
:1021D000A2F2FF313429C4D8C2F586624FF0FF3134
:1021E000A2F11D05033201FA05F701FA02F4C2F16A
:1021F00020063C4321FA06F73C43914023EA0101C3
:102200002EEA04042143ACD123FA02F20EFA06F6B8
:1022100032432EFA05F52A4312F00102A2D0B1EEA4
:10222000400B01229EE7BEF1000FBFF638AEB7EEBD
:10223000006B86EE007B8DED027B9DED020B2EE6A2
:1022400021EE010B2BE600BF0000000000000000A3
:10225000000000000000007F0000F0FF0000F03FE1
:102260000000E0FF9FED010A704700BF0000C07F43
:10227000B1EEC00A704700BF30B510EE104AC4F38B
:102280000A53B3F57D7FB7EEC06A83B01BD226EE4A
:10229000065BB3F5667F6ED326EE052B25EE021B9B
:1022A000734B93ED1A3B93ED187B93ED164BA5EE14
:1022B000037BA2EE046BB0EE460BA7EE010BB7EE6C
:1022C000C00B03B030BD40F22E4293425ED8684945
:1022D00091ED087B26EE077BFDEEC77B91ED0A5B57
:1022E00017EE903A03F500031B1613F0020F07EEEA
:1022F000903A01F1700208BF0A46D807B8EEE77BB2
:10230000A7EE456B26EE067B1BD403F0030301EB1F
:10231000C30192ED1A4B91ED002B92ED185B26EE66
:10232000026B92ED163BA7EE045B26EE074B27EE01
:10233000047BA4EE036BA5EE076BB7EEC60B03B0F0
:1023400030BD92ED142B27EE075B92ED126B92EDF0
:102350000E3BA7EE026B92ED0C0B92ED104BA7EE2D
:10236000030B27EE057BA5EE040BA6EE070BB7EEDD
:10237000C00B03B030BD220D12F4FF6FDFD1B7EEFA
:10238000C55B00EE104A8DED015AD8E7B3F5FF6F3B
:102390004BD2384BC4F3836203EB820053F8222004
:1023A0000569C4F31603C4F3C25143F400038B4020
:1023B000016A03FB02F2A3FB0110E3FB050202F139
:1023C00000518D0F01F04041511A00F0BDFB2A4B26
:1023D0009FED257B05EBD47441EC160B14F0020F36
:1023E000A3F1700208BF1346E90726EE077B27EE2C
:1023F000076B1FD404F0030402EBC40293ED1A4BE5
:1024000092ED002B93ED185B27EE027B93ED163BCC
:10241000A6EE045B27EE064B26EE046BA4EE037BD0
:10242000A5EE067BB7EEC70B89E703B0BDE83040E9
:1024300000F022B993ED142B26EE065B93ED127B90
:1024400093ED0E3BA6EE027B93ED0C0B93ED104B40
:10245000A6EE030B26EE056BA5EE040BA7EE060B0E
:10246000B7EEC00B6BE700BF182D4454FB21193C9D
:10247000E8240020947F0020582500200000000060
:1024800038B510EE104AC4F30A53B3F57D7FB7EEAA
:10249000C07A1ED227EE077BB3F5667F6FD327EE97
:1024A000071B634B93ED142B93ED125B93ED0E3BE7
:1024B000A7EE025B93ED0C0B93ED104BA7EE030B15
:1024C00027EE017BA1EE040BA5EE070BB7EEC00BC8
:1024D00038BD40F22E42934254D8554991ED086BD5
:1024E00027EE066BFDEEC66B91ED0A5B16EE903A99
:1024F00003F500031B1613F0020F06EE903A01F1EC
:10250000700208BF0A46D807B8EEE66BA6EE457B18
:1025100027EE076B1AD503F0030301EBC30191ED1E
:10252000002B92ED1A4B92ED185B92ED163BA6EE46
:10253000045B27EE027B27EE064B26EE046BA4EE2F
:10254000037BA5EE067BB7EEC70B38BD92ED142BCF
:1025500092ED127B92ED0E3B92ED0C0B92ED104B37
:1025600026EE065BA6EE027BA6EE030B26EE056BBF
:10257000A5EE040BA7EE060BB7EEC00B38BDB7EE09
:10258000000A38BDB3F5FF6F3DD22A4BC4F3836216
:1025900003EB820053F822200569C4F31603C4F349
:1025A000C25143F400038B40016A03FB02F2A3FB18
:1025B0000110E3FB050202F100518D0F01F04041D3
:1025C000511A00F0C1FA1C4B9FED177B05EBD47438
:1025D00041EC160B14F0020FA3F1700208BF134672
:1025E000E90726EE077B27EE076B10D504F00304FE
:1025F00002EBC40292ED002B93ED1A4B93ED185BA6
:1026000093ED163B93E7BDE8384000F035B893ED05
:10261000142B93ED127B93ED0E3B93ED0C0B93ED8E
:10262000104B9DE7AFF30080182D4454FB21193C5B
:10263000E8240020947F00205825002010B582B0A7
:102640008DED010A044600F0F3FA9DED010A0460E5
:1026500002B010BD9FED070AFFEE007AB7EE007AD8
:1026600000284FF0220047FE277A87EE800AFFF706
:10267000E5BF00BF0000000070EE407AB4EE400AF3
:1026800087EEA77AF1EE10FAB0EE470A02D62120C3
:10269000FFF7D4BF704700BF08B510EE103A33F013
:1026A00000422DED028B2BD0002B32DBB3F1FF4F1C
:1026B00041DAB3F5000F35DB0021DA157F3A0A4421
:1026C000D10FC1F17F0102EBD272C3F3160307EE03
:1026D000902A43EAC15300EE103AB8EEE78A00F0C0
:1026E0003BF8DFED177A9FED177A20EE270ADFED32
:1026F000167AA8EE070AA8EE270ABDEC028B08BDE1
:10270000BDEC028B9FED117ADFED117A87EE270A7F
:1027100008BDBDEC028B70EE407A9FED0D7A87EE1E
:10272000870A08BDDFED0B7A60EE277A6FF018019B
:1027300017EE903AC1E7BDEC028B30EE000A08BDFF
:10274000D95BDE3EDB27543580209A3E000000CC6A
:10275000000000000000004C10EE103AB3F17E5F64
:1027600010EE102A38D0A3F50001B1F1FE4F36D299
:10277000BFEE000B02F14043264903F54D03C3F3BE
:10278000C34001EB001091ED404B91ED445B91EDA6
:10279000467B91ED426BD90DC90590ED002B521A85
:1027A00003EE902A90ED021BDB15B7EEE33AA2EEA2
:1027B000030B03EE903A20EE002BA5EE007BB8EE63
:1027C000E33BA6EE027BA3EE041B30EE010BA2EE70
:1027D000070BB7EEC00B70479FED0F0A704759000B
:1027E00014D0B3F1FF4F14D0002B0BDBB1F17F4FAE
:1027F00008D2DFED0A7A60EE277A17EE903AA3F15D
:102800003862B5E700EE103AFFF736BF0120FFF758
:1028100021BF704780130020000000000000004B23
:1028200003460846194600F04BBD00BF81F0004149
:1028300002E000BF83F0004330B54FEA41044FEAA5
:10284000430594EA050F08BF90EA020F1FBF54EA40
:10285000000C55EA020C7FEA645C7FEA655C00F0DC
:10286000E2804FEA5454D4EB5555B8BF6D420CDDAD
:102870002C4480EA020281EA030382EA000083EA30
:10288000010180EA020281EA0303362D88BF30BDD0
:1028900011F0004F4FEA01314FF4801C4CEA113126
:1028A00002D0404261EB410113F0004F4FEA033385
:1028B0004CEA133302D0524263EB430394EA050F10
:1028C00000F0A780A4F10104D5F1200E0DDB02FA7F
:1028D0000EFC22FA05F2801841F1000103FA0EF213
:1028E000801843FA05F359410EE0A5F120050EF1D9
:1028F000200E012A03FA0EFC28BF4CF0020C43FA0A
:1029000005F3C01851EBE37101F0004507D54FF016
:10291000000EDCF1000C7EEB00006EEB0101B1F566
:10292000801F1BD3B1F5001F0CD349085FEA3000AC
:102930004FEA3C0C04F101044FEA445212F5800FB7
:1029400080F09A80BCF1004F08BF5FEA500C50F154
:10295000000041EB045141EA050130BD5FEA4C0C37
:10296000404141EB0101013C28BFB1F5801FE9D294
:1029700091F0000F04BF01460020B1FA81F308BFB7
:102980002033A3F10B03B3F120020CDA0C3208DD83
:1029900002F1140CC2F10C0201FA0CF021FA02F15E
:1029A0000CE002F11402D8BFC2F1200C01FA02F1CE
:1029B00020FA0CFCDCBF41EA0C019040E41AA2BFF3
:1029C00001EB0451294330BD6FEA04041F3C1CDABB
:1029D0000C340EDC04F11404C4F1200220FA04F0DB
:1029E00001FA02F340EA030021FA04F345EA030185
:1029F00030BDC4F10C04C4F1200220FA02F001FA47
:102A000004F340EA0300294630BD21FA04F02946C8
:102A100030BD94F0000F83F4801306BF81F4801161
:102A20000134013D4EE77FEA645C18BF7FEA655CD4
:102A300029D094EA050F08BF90EA020F05D054EAA6
:102A4000000C04BF1946104630BD91EA030F1EBFAB
:102A50000021002030BD5FEA545C05D140004941AF
:102A600028BF41F0004130BD14F580043CBF01F5A2
:102A7000801130BD01F0004545F0FE4141F4700188
:102A80004FF0000030BD7FEA645C1ABF1946104663
:102A90007FEA655C1CBF0B46024650EA013406BF64
:102AA00052EA033591EA030F41F4002130BD00BF23
:102AB00090F0000F04BF0021704730B54FF48064E0
:102AC00004F132044FF000054FF0000150E700BF61
:102AD00090F0000F04BF0021704730B54FF48064C0
:102AE00004F1320410F0004548BF40424FF00001AD
:102AF0003EE700BF42004FEAE2014FEA31014FEAF0
:102B000002701FBF12F07F4393F07F4F81F060513E
:102B1000704732F07F4208BF704793F07F4F04BF89
:102B200041F40021704730B54FF4607401F0004566
:102B300021F000411CE700BF50EA010208BF7047C6
:102B400030B54FF000050AE050EA010208BF7047B7
:102B500030B511F0004502D5404261EB41014FF420
:102B6000806404F132045FEA915C3FF4D8AE4FF028
:102B700003025FEADC0C18BF03325FEADC0C18BF0B
:102B8000033202EBDC02C2F1200300FA03FC20FA5C
:102B900002F001FA03FE40EA0E0021FA02F11444A9
:102BA000BDE600BF002A3ED040EA01039B0730B5D6
:102BB00084462FD1032A2DD90B4608E0043A8446D7
:102BC000194625D01EF0803F22D1032A22D904685D
:102BD000194653F8045BA4F1013EAC4284462EEA48
:102BE000040E00F10400E9D09CF800000C78A0422B
:102BF0001BD1E64668B11EF8010F11F8014FA2EB98
:102C00000E03A04203F1FF330FD11CEB0303F1D1FC
:102C1000002030BD9CF800000C78844205D1012AC8
:102C2000F6D0E646E6E710467047001B30BD00BF11
:102C3000014B1868704700BF14FA0020024B014690
:102C4000186800F00BB800BF14FA0020024B0146D0
:102C5000186800F03BBC00BF14FA00202DE9F04FCB
:102C600001F10B06162E83B0044624D8102900F279
:102C7000BA8000F053FB102618220220B54F3A44C8
:102C8000A2F1080153688B4200F0BA805A68D968F3
:102C900022F003021A449D68E9608D60516841F09A
:102CA00001012046516003F1080500F03DFB284674
:102CB00003B0BDE8F08F36F0070600F19480B14212
:102CC00000F2918000F02AFBB6F5FC7FC0F09A81FB
:102CD000730A00F08F80042B00F26F81B30903F1B7
:102CE000390003F1380CC3009A4F3B44A3F10805A7
:102CF0005B689D4206D10CE0002980F22781DB68E9
:102D00009D4206D05A6822F00302911B0F29F3DD81
:102D100060463D69DFF850C265457CD06A6822F0A4
:102D20000302931B0F2B00F37B81002BC7E904CC1C
:102D300080F26C81B2F5007F80F01A81D308796847
:102D400001334FEA521E012202FA0EF20A4357F8EB
:102D500033E0C5F808E007EBC3010839E9607A60A1
:102D600047F83350CEF80C5083100121994091421E
:102D700057D8114206D120F003004900114200F15A
:102D80000400FAD007EBC0094D468646D5F80C8002
:102D9000454508D11DE1002B80F22481D8F80C8034
:102DA000454500F01681D8F8042022F00302931B59
:102DB0000F2BF0DD2046D8E9025408EB060146F05F
:102DC0000106C8F80460EC60A56043F00104C7E99F
:102DD0000411C1E902CC4C6048F8023000F0A4FABA
:102DE00008F1080502E00C2323600025284603B003
:102DF000BDE8F08F4FF4007340204FF03F0C73E7B5
:102E0000D3689A4208BF02307FF440AF3D69DFF8D3
:102E100058C1654582D17A68831001219940914259
:102E2000A7D9BD686B6823F003094E4503D8A9EB09
:102E300006030F2B7ADCDFF834B1474BDBF80020B8
:102E40001B680132334405EB090A00F0338103F5B6
:102E500080530F3323F47F6828F00F084146204643
:102E600000F03AFC411C024600F0F380824500F27B
:102E7000EE803A4B196841441960084600F04E81D3
:102E8000DBF80010019301311BBFA2EB0A01091806
:102E9000CBF80020196012F0070B00F01781CBF17E
:102EA00008010A44CBF5805190440831A1EB080198
:102EB000C1F30B0A51462046009200F00DFC421C63
:102EC000DDE9002300F04F81801A00EB0A08196841
:102ED000BA6048F001005144BD425060196000F0F2
:102EE0002981B9F10F0F40F227816868A9F10C0C14
:102EF0002CF0070C00F0010040EA0C0068604FF075
:102F0000050E05EB0C00BCF10F0FC0E901EE00F25D
:102F1000328150681546124B1A688A4238BF1960D0
:102F2000104B1A688A4238BF196094E0AA1943F01E
:102F3000010346F001066E602046BA60536000F05F
:102F4000F3F90835284603B0BDE8F08FD9681A4474
:102F5000A1E600BF04F6002060600220306002207D
:102F6000586002205C6002200CF600200CFA002061
:102F7000B2F5206F4FEA522363D3142B00F2B780CF
:102F800003F15C01C9005B3307EB010E7958AEF128
:102F9000080E8E4500F091804B6823F003039342A6
:102FA00002D989688E45F7D1D1F80CE07A68C5E975
:102FB000021ECEF80850CD60D6E6142B59D9542BFA
:102FC00000F29D80330B03F16F0003F16E0CC30020
:102FD0008AE60EF1010E1EF0030F05F108057FF4DD
:102FE000D5AE51E0424445465368D8F80C1043F042
:102FF0000103536055F8083F2046D9608B6000F00C
:1030000093F9F3E6F00806F1080237E62A44204671
:10301000536843F001035360083500F085F9E5E695
:10302000A919204646F0010643F001046E60C7E985
:103030000411C1E902CC4C60AB5000F075F90835C1
:10304000D4E6930903F13901C90038339CE7BD4246
:103050005FD0BD68686820F003084645A8EB06030A
:1030600002D80F2B3FF762AF204600F05DF9002534
:10307000BCE603F15C0003F15B0CC30034E659F8D5
:1030800008394B4540F0968010F0030F00F1FF30F7
:10309000F5D17B6823EA01037B60490099423FF642
:1030A000C0AE19B9BDE649000EF1040E1942FAD0BE
:1030B000704667E603F11008D0E69A104FF0010859
:1030C0007B6808FA02F21A437A6070E702EB0801A3
:1030D0004942C1F30B0A51462046009200F0FCFA27
:1030E000431CDDE900237FF4EFAEDA46EFE6542B14
:1030F00025D8130B03F16F01C9006E3344E7B3F514
:10310000AA7F25D8F30B03F1780003F1770CC300F5
:10311000EAE5294B186840441860B1E6CAF30B0C85
:10312000BCF1000F7FF4ACAEBD68C84448F00100AC
:103130006860F0E61546EEE60123536094E7B3F5C8
:10314000AA7F23D8D30B03F17801C90077331BE79B
:1031500040F25452934223D8B30C03F17D0003F1A3
:103160007C0CC300C0E5ABF1080BD844A8EB020807
:103170004FF0000AABE605F108012046009300F08D
:10318000A5F9BD68009B68681968C4E640F254510F
:103190008B420BD8930C03F17D01C9007C33F3E61D
:1031A0004FF47E737F204FF07E0C9DE54FF47E71CF
:1031B0007E23E9E67B6870E730600220032A70B561
:1031C00014D940EA01039B0722D104460B46194655
:1031D00020460E680568B54204F1040403F10403B7
:1031E00016D1043A032A20461946F0D8541E9AB143
:1031F000421E013901E0C3180CD012F801EF11F89A
:1032000001CFE645A4EB0203F5D0AEEB0C0070BD98
:10321000541EEDE7184670BD104670BD830730B5EB
:1032200048D0541E002A3FD0CAB2034601E0013CF8
:103230003AD303F8012B9D07F9D1032C2DD9CDB238
:1032400045EA05250F2C45EA054536D9A4F11002BB
:1032500022F00F0C03F1200EE6444FEA121C03F19A
:10326000100242E9045542E9025510327245F8D184
:103270000CF1010214F00C0F03EB021204F00F0C1E
:1032800013D0ACF1040323F003030433134442F8D6
:10329000045B9342FBD10CF003042CB1C9B21C4473
:1032A00003F8011B9C42FBD130BD64461346002C41
:1032B000F4D1F9E703461446BFE71A46A446E0E70F
:1032C00013460A460146022000F018BA70B50D4EAA
:1032D0000D4D761BB61006D0002455F8043B013482
:1032E0009847A642F9D1094E094D761B00F058FACD
:1032F000B61006D0002455F8043B01349847A64286
:10330000F9D170BD001C0060001C0060881C0060CA
:10331000001C0060704700BF704700BF0148FFF706
:10332000F9BF00BF2C6002200148FFF7F5BF00BFC6
:103330002C600220000000000000000000000000DF
:10334000000000000000000000000000000000007D
:1033500090F800F06DE9024520F007016FF0000CD5
:1033600010F0070491F820F040F049804FF000047D
:103370006FF00700D1E9002391F840F000F1080058
:1033800082FA4CF2A4FA8CF283FA4CF3A2FA8CF390
:103390004BBBD1E9022382FA4CF200F10800A4FAF7
:1033A0008CF283FA4CF3A2FA8CF3E3B9D1E904234B
:1033B00082FA4CF200F10800A4FA8CF283FA4CF382
:1033C000A2FA8CF37BB9D1E9062301F1200182FA3C
:1033D0004CF200F10800A4FA8CF283FA4CF3A2FA42
:1033E0008CF3002BC6D0002A04BF04301A4612BA50
:1033F000B2FA82F2FDE8024500EBD2007047D1E953
:10340000002304F00305C4F100004FEAC50514F0E1
:10341000040F91F840F00CFA05F562EA05021CBFB2
:1034200063EA050362464FF00004A9E7F8B5244FAC
:103430000C460646FFF772FFBB685D68C4F57E6107
:103440000F3125F003054B1923F47F6323F00F039D
:10345000A3F58054B4F5805F07DB0021304600F00F
:103460003BF9BB682B44984204D03046FFF75CFF21
:103470000020F8BD6142304600F02EF901300DD039
:10348000104ABB682D1B45F001055D60136830468E
:103490001B1B1360FFF748FF0120F8BD00213046D9
:1034A00000F01AF9BA68831A0F2BDEDD43F001032E
:1034B0005360054B03491B68C01A0860D5E700BF7D
:1034C00004F60020306002200CFA0020002961D0B0
:1034D000F8B50C460646FFF721FF54F8042C7B4F45
:1034E000A4F1080522F0010105EB010CB868DCF835
:1034F0000430604523F0030300F08B80D207CCF842
:10350000043032D454F8082CAD1A1144AA6807F1DB
:10351000080082426AD00CEB0304D4F804E0EC68A3
:10352000D4601EF0010FA26000F0978041F001030B
:103530006B60CCF80010B1F5007F35D27868CB080D
:103540000122490901338A40024357F833107A6057
:1035500007EBC302083AC5E9021247F83350CD60C1
:103560003046BDE8F840FFF7DFBE0CEB03025268BF
:10357000D00710D4194407F10800DCF80830834262
:1035800073D0DCF80C20DA60936041F001036B60CB
:103590006950D0E7704741F00103B1F5007F44F86E
:1035A000043CCCF80010C9D3B1F5206F4FEA512389
:1035B00048D28B0903F1390003F13802C300F8182F
:1035C000FB580838984259D05A6822F003028A42C0
:1035D00002D99B689842F7D1D868C5E90230856066
:1035E000DD603046BDE8F840FFF79EBE0CEB0302FD
:1035F0005268D20763D40B44DCE90212CA609160BE
:1036000043F001026A603046EB50BDE8F840FFF736
:103610008BBE0B44D10707D454F8082CAD1A1344C1
:10362000D5E90212CA60916043F001026A60284A3B
:10363000BD6012689A4293D8264B30461968FFF74E
:10364000F5FE8DE7142B0AD9542B1FD80B0B03F171
:103650006F0003F16E02C300B1E719448DE703F177
:103660005C0003F15B02C300A9E741F00103C7E975
:103670000455C5E902006B60695071E779689210E2
:10368000012404FA02F20A437A60A6E7B3F5AA7F9E
:1036900006D8CB0B03F1780003F17702C3008EE765
:1036A00040F25452934206D88B0C03F17D0003F193
:1036B0007C02C30083E74FF47E737E227FE741F0F4
:1036C00001036B60CCF800104AE700BF04F600204D
:1036D00010FA00206060022038B5074D0022044631
:1036E00008462A60FBF7E4FF431C00D038BD2B6876
:1036F000002BFBD0236038BD48A303202DE9F04701
:10370000DFF87CA00646DAF8000098460F4691469E
:10371000FFF700FE184B1C6824B365681F2D24DCDE
:103720005EB96B1C0235DAF80000636044F825705E
:10373000FFF7F2FD0020BDE8F08704EB85010123CF
:10374000C1F88890D4F88821AB401A43022EC4F8FF
:103750008821C1F80881E4D1D4F88C211A43C4F837
:103760008C21DEE7054C1C60D7E7DAF80000FFF794
:10377000D3FD4FF0FF30DEE7945E0220985E02201A
:10378000F8F50020000000005FF800F0F91A006072
:103790005FF800F0691600605FF800F01516006031
:1037A0005FF800F0A11B00600000000000000000B6
:0437B000F8B500BFA9
:0837B4006CF0FF7F0100000032
:1037BC0000000000000000000000000000000000FD
:1037CC0000000000000000000000000000000000ED
:1037DC0000000000000000000000000000000000DD
:1037EC0000000000000000000000000000000000CD
:1037FC0000000000000000000000000000000000BD
:10380C0000000000000000000000000000000000AC
:10381C00000000000000000000000000000000009C
:10382C00000000000000000000000000000000008C
:10383C00000000000000000000000000000000007C
:10384C00000000000000000000000000000000006C
:10385C00000000000000000000000000000000005C
:10386C00000000000000000000000000000000004C
:10387C00000000000000000000000000000000003C
:10388C00000000000000000000000000000000002C
:10389C00000000000000000000000000000000001C
:1038AC00000000000000000000000000000000000C
:1038BC0000000000000000000000000000000000FC
:1038CC0000000000000000000000000000000000EC
:1038DC0000000000000000000000000000000000DC
:1038EC0000000000000000000000000000000000CC
:1038FC0000000000000000000000000000000000BC
:10390C0000000000000000000000000000000000AB
:10391C00000000000000000000000000000000009B
:10392C00000000000000000000000000000000008B
:10393C00000000000000000000000000000000007B
:10394C00000000000000000000000000000000006B
:10395C00000000000000000000000000000000005B
:10396C00000000000000000000000000000000004B
:10397C00000000000000000000000000000000003B
:10398C00000000000000000000000000000000002B
:10399C00000000000000000000000000000000001B
:1039AC00000000000000000000000000000000000B
:1039BC0000000000000000000000000000000000FB
:1039CC0000000000000000000000000000000000EB
:1039DC0000000000000000000000000000000000DB
:1039EC0000000000000000000000000000000000CB
:1039FC0000000000000000000000000000000000BB
:103A0C0000000000000000000000000000000000AA
:103A1C00000000000000000000000000000000009A
:103A2C00000000000000000000000000000000008A
:103A3C00FE822B65471567400000000000003843EC
:103A4C000000FAFE422E76BF3A3B9EBC9AF70CBDA4
:103A5C00BDFDFFFFFFFFDF3F3C5455555555C53F9E
:103A6C00912B17CF5555A53F17D0A4671111813F46
:103A7C00000000000000C842EF39FAFE422EE63F7B
:103A8C0024C482FFBDBFCE3FB5F40CD7086BAC3F4E
:103A9C00CC5046D2ABB2833F843A4E9BE0D7553FD5
:103AAC000000000000000000000000000000F03FDB
:103ABC006EBF881A4F3B9B3C3533FBA93DF6EF3F5D
:103ACC005DDCD89C136071BC6180773E9AECEF3F53
:103ADC00D16687107A5E90BC857F6EE815E3EF3F68
:103AEC0013F6673552D28C3C748515D3B0D9EF3FA1
:103AFC00FA8EF92380CE8BBCDEF6DD296BD0EF3F3E
:103B0C0061C8E6614EF7603CC89B751845C7EF3F2E
:103B1C0099D3335BE4A3903C83F3C6CA3EBEEF3F1C
:103B2C006D7B835DA69A973C0F89F96C58B5EF3F76
:103B3C00FCEFFD921AB58E3CF747722B92ACEF3F1F
:103B4C00D19C2F703DBE3E3CA2D1D332ECA3EF3FB3
:103B5C000B6E908934036ABC1BD3FEAF669BEF3FA0
:103B6C000EBD2F2A525695BC515B12D00193EF3FDC
:103B7C0055EA4E8CEF8050BCCC316CC0BD8AEF3F07
:103B8C0016F4D5B923C991BCE02DA9AE9A82EF3FAA
:103B9C00AF555CE9E3D3803C518EA5C8987AEF3FD2
:103BAC004893A5EA151B80BC7B517D3CB872EF3F56
:103BBC003D32DE55F01F8FBCEA8D8C38F96AEF3F31
:103BCC00BF53133F8C898B3C75CB6FEB5B63EF3F23
:103BDC0026EB11769CD996BCD45C0484E05BEF3F59
:103BEC00602F3A3EF7EC9A3CAAB968318754EF3F04
:103BFC009D3886CB82E78FBC1DD9FC22504DEF3F00
:103C0C008DC3A644416F8A3CD68C62883B46EF3FFD
:103C1C007D04E4B0057A803C96DC7D91493FEF3F12
:103C2C0094A8A8E3FD8E963C3862756E7A38EF3F07
:103C3C007D4874F2185E873C3FA6B24FCE31EF3F01
:103C4C00F2E71F982B47803CDD7CE265452BEF3F6C
:103C5C005E08713F7BB896BC8163F5E1DF24EF3FD2
:103C6C0031AB096DE1F7823CE1DE1FF59D1EEF3FA4
:103C7C00FABF6F1A9B213DBC90D9DAD07F18EF3F69
:103C8C00B40A0C7282378B3C0B03E4A68512EF3F0F
:103C9C008FCBCE8992146E3C562F3EA9AF0CEF3FC2
:103CAC00B6ABB04D754D833C15B7310AFE06EF3FF0
:103CBC004C74ACE20142863C31D84CFC7001EF3FB5
:103CCC004AF8D35D39DD8F3CFF1664B208FCEE3F39
:103CDC00045B8E3B80A386BCF19F925FC5F6EE3FE2
:103CEC0068504BCCED4A92BCCBA93A37A7F1EE3FCA
:103CFC008E2D511BF80799BC66D8056DAEECEE3FC6
:103D0C00D236943EE8D171BCF79FE534DBE7EE3F49
:103D1C00151BCEB3191999BCE5A813C32DE3EE3FBF
:103D2C006D4C2AA7489F853C2234124CA6DEEE3FF0
:103D3C008A69287A601293BC1C80AC0445DAEE3F89
:103D4C005B8917488FA758BC2A2EF7210AD6EE3F5D
:103D5C001B9A49679B2C7CBC97A850D9F5D1EE3F98
:103D6C0011ACC260ED63433C2D89616008CEEE3F1F
:103D7C00EF64063B0966963C57001DED41CAEE3FC9
:103D8C007903A1DAE1CC6E3CD03CC1B5A2C6EE3FC2
:103D9C0030120F3F8EFF933CDED3D7F02AC3EE3F99
:103DAC00B0AF7ABBCE90763C272A36D5DABFEE3F41
:103DBC0077E054EBBD1D933C0DDDFD99B2BCEE3F9D
:103DCC008EA3710034948FBCA72C9D76B2B9EE3FB4
:103DDC0049A393DCCCDE87BC4266CFA2DAB6EE3FB9
:103DEC005F380FBDC6DE78BC824F9D562BB4EE3FBC
:103DFC00F65C7BEC461286BC0F925DCAA4B1EE3F1A
:103E0C008ED7FD180535933CDA27B53647AFEE3F14
:103E1C00059B8A2FB7987B3CFDC797D412ADEE3F1C
:103E2C0009541CE2E163903C295448DD07ABEE3F9A
:103E3C00EAC6195085C7343CB746598A26A9EE3FC5
:103E4C0035C0642BE632943C4821AD156FA7EE3F8C
:103E5C009F7699614AE48CBC09DC76B9E1A5EE3F0A
:103E6C00A84DEF3BC5338CBC85553AB07EA4EE3FD4
:103E7C00AEE92B89785384BC20C3CC3446A3EE3FE7
:103E8C0058585678DDCE93BC2522558238A2EE3F89
:103E9C0064197E80AA10573C73A94CD455A1EE3FEF
:103EAC0028225EBFEFB393BCCD3B7F669EA0EE3F56
:103EBC0082B93487AD126ABCBFDA0B7512A0EE3F23
:103ECC00EEA96DB8EF6763BC2F1A653CB29FEE3F4D
:103EDC005188E0543DDC80BC849451F97D9FEE3FC9
:103EEC00CF3E5A7E641F78BC745FECE8759FEE3F42
:103EFC00B07D8BC04AEE86BC7481A5489A9FEE3F7C
:103F0C008AE6551E321986BCC9674256EB9FEE3FB6
:103F1C00D3D4095ECB9C903C3F5DDE4F69A0EE3F55
:103F2C001DA54DB9DC327BBC8701EB7314A1EE3FB0
:103F3C006BC06754FDEC943C32C13001EDA1EE3FF7
:103F4C00556CD6ABE1EB653C624ECF36F3A2EE3F3F
:103F5C0042CFB32FC5A188BC121A3E5427A4EE3F02
:103F6C0034373BF1B66993BC13CE4C9989A5EE3F1F
:103F7C001EFF193A845E80BCADC723461AA7EE3FDC
:103F8C006E5772D850D494BCED92449BD9A8EE3F96
:103F9C00008A0E5B67AD903C99668AD9C7AAEE3F42
:103FAC00B4EAF0C12FB78D3CDBA02A42E5ACEE3F62
:103FBC00FFE7C59C60B665BC8C44B51632AFEE3FCE
:103FCC00445FF35983F67B3C36771599AEB1EE3FDF
:103FDC00833D1EA71F0993BCC6FF910B5BB4EE3F3C
:103FEC00291E6C8BB8A95DBCE5C5CDB037B7EE3FCB
:103FFC0059B9907CF9236CBC0F52C8CB44BAEE3F34
:10400C00AAF9F422434392BC504EDE9F82BDEE3F90
:10401C004B8E66D76CCA85BCBA07CA70F1C0EE3F2E
:10402C0027CE912BFCAF713C90F0A38291C4EE3F54
:10403C00BB730AE135D26D3C2323E31963C8EE3F11
:10404C006322622204C587BC65E55D7B66CCEE3FCE
:10405C00D531E2E3861C8B3C332D4AEC9BD0EE3FF2
:10406C0015BBBCD3D1BB91BC5D253EB203D5EE3F95
:10407C00D231EE9C31CC903C58B330139ED9EE3FEC
:10408C00B35A736E8469843CBFFD79556BDEEE3F89
:10409C00B49D8E97CDDF82BC7AF3D3BF6BE3EE3F3A
:1040AC008733CB92771A8C3CADD35A999FE8EE3F6D
:1040BC00FAD9D14A8F7B90BC66B68D2907EEEE3FBC
:1040CC00BAAEDC56D9C355BCFB154FB8A2F3EE3FC4
:1040DC0040F6A63D0EA490BC3A59E58D72F9EE3F20
:1040EC003493AD38F4D668BC475EFBF276FFEE3FF6
:1040FC00358A586BE2EE91BC4A06A130B005EF3F11
:10410C00CDDD5F0AD7FF743CD2C14B901E0CEF3F44
:10411C00AC9892FAFBBD91BC091ED75BC212EF3F63
:10412C00B30CAF30AE6E733C9C5285DD9B19EF3FE8
:10413C0094FD9F5C32E38E3C7AD0FF5FAB20EF3F67
:10414C00AC5909D18FE0843C4BD1572EF127EF3F6E
:10415C00671A4E38AFCD633CB5E706946D2FEF3F31
:10416C006819926C2C6B673C6990EFDC2037EF3F41
:10417C00D2B5CC83188A80BCFAC35D550B3FEF3F98
:10418C006FFAFF3F5DAD8FBC7C89074A2D47EF3F2F
:10419C0049A97538AE0D90BCF2890D08874FEF3FD9
:1041AC00A7073DA685A3743C87A4FBDC1858EF3FFA
:1041BC000F2240209E9182BC9883C916E360EF3F8A
:1041CC00AC92C1D5505A8E3C8532DB03E669EF3F89
:1041DC004B6B01AC593A843C60B401F32173EF3F53
:1041EC001F3EB40721D582BC5F9B7B33977CEF3F8E
:1041FC00C90D473BB92A89BC29A1F5144686EF3F66
:10420C00D3883A6004B6743CF63F8BE72E90EF3FB0
:10421C0071729D51ECC5833C834CC7FB519AEF3FA7
:10422C00F091D38F12F78FBCDA90A4A2AFA4EF3F1A
:10423C007D7423E298AE8DBCF1678E2D48AFEF3FB5
:10424C000820AA41BCC38E3C275A61EE1BBAEF3F33
:10425C0032EBA9C3942B843C97BA6B372BC5EF3F39
:10426C00EE85D131A9648A3C40456E5B76D0EF3F38
:10427C00EDE33BE4BA378EBC14BE9CADFDDBEF3FE7
:10428C009DCD914D3B89773CD8909E81C1E7EF3F06
:10429C0089CC6041C105533CF1718F2BC2F3EF3FC8
:1042AC000038FAFE422EE63F3067C79357F32E3D97
:1042BC00010000000000E0BF5B3051555555D53F63
:1042CC009045EBFFFFFFCFBF1101F124B399C93F1C
:1042DC009FC806E57555C5BF000000000000E0BF93
:1042EC00775555555555D53FCBFDFFFFFFFFCFBF3C
:1042FC000CDD95999999C93FA74567555555C5BF8B
:10430C0030DE44A32449C23F653D42A4FFFFBFBF3A
:10431C00CAD62A288471BC3FFF68B043EB99B9BF59
:10432C0085D0AFF78281B73FCD45D1751352B5BF5C
:10433C009FDEE0C3F034F73F0090E6797FCCD7BF27
:10434C001FE92C6A7813F73F00000DC2EE6FD7BF40
:10435C00A0B5FA0860F2F63F00E05113E313D7BFA3
:10436C007D8C131FA6D1F63F007828385BB8D6BFDA
:10437C00D1B4C50B49B1F63F00788090555DD6BFDE
:10438C00BA0C2F334791F63F00001876D002D6BFF7
:10439C00234222189F71F63F00909086CAA8D5BF81
:1043AC00D91EA5994F52F63F00500356434FD5BF27
:1043BC00C4248FAA5633F63F00406BC337F6D4BFE4
:1043CC0014DC9D6BB314F63F0050A8FDA79DD4BF21
:1043DC004C5CC65264F6F53F00A889399245D4BFAF
:1043EC004F2C91B567D8F53F00B8B039F4EDD3BF79
:1043FC00DE905BCBBCBAF53F00708F44CE96D3BF3A
:10440C00781AD9F2619DF53F00A0BD171E40D3BFAD
:10441C00875646125680F53F008046EFE2E9D2BF40
:10442C00D36BE7CE9763F53F00E030381B94D2BFD7
:10443C00937FA7E22547F53F0088DA8CC53ED2BFB3
:10444C0083450642FF2AF53F00902729E1E9D1BFB9
:10445C00DFBDB2DB220FF53F00F8482B6D95D1BFC5
:10446C00D7DE34478FF3F43F00F8B99A6741D1BFD8
:10447C004028DECF43D8F43F0098EF94D0EDD0BF66
:10448C00C8A378C03EBDF43F0010DB18A59AD0BF7E
:10449C008A25E0C37FA2F43F00B86352E647D0BF41
:1044AC003484D4240588F43F00F0864522EBCFBF3A
:1044BC000B2D191BCE6DF43F00B017754A47CFBFBB
:1044CC00541839D3D953F43F0030103D44A4CEBF17
:1044DC005A84B444273AF43F00B0E9440D02CEBFED
:1044EC00FBF81541B520F43F00F07729A260CDBF51
:1044FC00B1F43EDA8207F43F0090950401C0CCBFC2
:10450C008FFE575D8FEEF33F001089562920CCBFEC
:10451C00E94C0BA0D9D5F33F0010818D1781CBBF8F
:10452C002BC110C060BDF33F00D0D3CCC9E2CABFD1
:10453C00B8DA752B24A5F33F0090122E4045CABF64
:10454C0002D09FCD228DF33F00F01D6877A8C9BF24
:10455C001C7A84C55B75F33F003048696D0CC9BF8C
:10456C00E236AD49CE5DF33F00C045A62071C8BF11
:10457C0040D44D987946F33F003014B48FD6C7BF62
:10458C0024CBFFCE5C2FF33F0070623CB83CC7BF1E
:10459C00490DA1757718F33F0060379B9AA3C6BFEE
:1045AC0090393E37C801F33F00A0B754310BC6BF5A
:1045BC0041F895BB4EEBF23F003024767D73C5BFBE
:1045CC00D1A919020AD5F23F0030C28F7BDCC4BFDF
:1045DC002AFDB7A8F9BEF23F0000D2512C46C4BF49
:1045EC00AB1B0C7A1CA9F23F000083BC8AB0C3BF82
:1045FC0030B514607293F23F0000496B991BC3BF36
:10460C00F5A15757FA7DF23F0040A4905487C2BFE2
:10461C00BF3B1D9BB368F23F00A079F8B9F3C1BF53
:10462C00BDF58F839D53F23F00A02C25C860C1BF00
:10463C003B08C9AAB73EF23F0020F7577FCEC0BF58
:10464C00B640A92B012AF23F00A0FE49DC3CC0BFBA
:10465C003241CC967915F23F00804BBCBD57BFBFA1
:10466C009BFCD21D2001F23F004040960837BEBF94
:10467C000B484D49F4ECF13F0040F93E9817BDBF93
:10468C0069658F52F5D8F13F00A0D84E67F9BBBFD2
:10469C007C7E571123C5F13F00602F2079DCBABF17
:1046AC00E926CB747CB1F13F008028E7C3C0B9BFC9
:1046BC00B61A2C0C019EF13F00C072B346A6B8BFCF
:1046CC00BD70B67BB08AF13F0000ACB3018DB7BFB3
:1046DC00B6BCEF258A77F13F00003845F174B6BFC0
:1046EC00DA314C358D64F13F0080876D0E5EB5BFBD
:1046FC00DD5F2790B951F13F00E0A1DE5C48B4BF0B
:10470C004CD232A40E3FF13F00A06A4DD933B3BF57
:10471C00DAF910728B2CF13F0060C5F87920B2BF2A
:10472C0031B5EC28301AF13F00206298460EB1BF2B
:10473C00AF3484DAFB07F13F0000D26A6CFAAFBFEA
:10474C00B36B4E0FEEF5F03F0040774A8DDAADBFFC
:10475C00CE9F2A5D06E4F03F000085E4ECBCABBFC5
:10476C0021A52C6344D2F03F00C0124089A1A9BFFF
:10477C001A98E27CA7C0F03F00C002335888A7BF4C
:10478C00D136C6832FAFF03F0080D6675E71A5BFD0
:10479C003913A098DB9DF03F008065498A5CA3BF6C
:1047AC00DFE752AFAB8CF03F00401564E349A1BF8B
:1047BC00FB284E2F9F7BF03F0080EB82C0729EBF88
:1047CC00198F358CB56AF03F00805252F1559ABF63
:1047DC002CF9ECA5EE59F03F008081CF623D96BFDD
:1047EC00902CD1CD4949F03F0000AA8CFB2892BFF8
:1047FC00A9ADF0C6C638F03F0000F9207B318CBF64
:10480C00A93279136528F03F0000AA5D351984BFE1
:10481C004873EA272418F03F0000ECC2031278BF5B
:10482C0095B114060408F03F00002479090460BF18
:10483C001AFA26F71FE0EF3F00009084F3EF6F3F6A
:10484C0074EA61C21CA1EF3F00003D3541DC873F9B
:10485C002E9981B01063EF3F0080C2C4A3CE933F6A
:10486C00CDADEE3CF625EF3F00008914C19F9B3F78
:10487C00E7139103C8E9EE3F000011CED8B0A13F79
:10488C00ABB1CB7880AEEE3F00C001D05B8AA53FC8
:10489C009B0C9DA21A74EE3F0080D840835CA93F0C
:1048AC00B5990A83913AEE3F008057EF6A27AD3FE6
:1048BC00569A6009E001EE3F00C098E59875B03F4C
:1048CC0098BB77E501CAED3F00200DE3F553B23FED
:1048DC0003917C0BF292ED3F0000388BDD2EB43F40
:1048EC00CE5CFB66AC5CED3F00C057875906B63F0B
:1048FC009DDE5EAA2C27ED3F00006A3576DAB73FC5
:10490C00CD2C6B3E6EF2EC3F00601C4E43ABB93FBE
:10491C000279A7A26DBEEC3F00600DBBC778BB3F10
:10492C006D08376D268BEC3F0020E7321343BD3FFB
:10493C0004585DBD9458EC3F0060DE71310ABF3FF6
:10494C008C9FBB33B526EC3F0040912B1567C03FC5
:10495C003FE7ECEE83F5EB3F00B092828547C13F19
:10496C00C196DB75FDC4EB3F0030CACD6E26C23F4D
:10497C00284A860C1E95EB3F0050C5A6D703C33FB3
:10498C002C3EEFC5E265EB3F0010333CC3DFC33F69
:10499C008B88C9674837EB3F00807A6B36BAC43FC7
:1049AC004A301D214B09EB3F00F0D1283993C53F0C
:1049BC007EEFF285E8DBEA3F00F01824CD6AC63FB3
:1049CC00A23D60311DAFEA3F009066ECF840C73F56
:1049DC00A758D33FE682EA3F00F01AF5C015C83F4E
:1049EC008B7309EF4057EA3F0080F65429E9C83F22
:1049FC00274BAB902A2CEA3F0040F80236BBC93F4C
:104A0C00D1F29313A001EA3F00002C1CED8BCA3F9E
:104A1C001B3CDB249FD7E93F00D0015C515BCB3FB3
:104A2C0090B1C70525AEE93F00C0BCCC6729CC3F8F
:104A3C002FCE97F22E85E93F006048D535F6CC3F56
:104A4C00754BA4EEBA5CE93F00C04634BDC1CD3F06
:104A5C003848E79DC634E93F00E0CFB8018CCE3F23
:104A6C00E652672F4F0DE93F009017C00955CF3F15
:104A7C009DD7FF8E52E6E83F00B81F126C0ED03F58
:104A8C007C00CC9FCEBFE83F00D0930EB871D03FD6
:104A9C000EC3BEDAC099E83F0070869E6BD4D03F3F
:104AAC00FB1723AA2774E83F00D04B338736D13F3E
:104ABC00089AB3AC004FE83F004823670D98D13FEC
:104ACC00553E65E8492AE83F0080CCE0FFF8D13F2D
:104ADC006002F4950106E83F006863D75F59D23F46
:104AEC0029A3E06325E2E73F00A8140930B9D23FBF
:104AFC00ADB5DC77B3BEE73F006043107218D33F0F
:104B0C00C2259767AA9BE73F0018EC6D2677D33F29
:104B1C00570617F20779E73F0030AFFB4FD5D33F6D
:104B2C000C13D6DBCA56E73F00E02FE3EE32D43F3E
:104B3C00BEF3F879EC61F63FDEAA8C80F77BD5BF2B
:104B4C003D88AF4AED71F53FDB6DC0A7F0BED2BF1B
:104B5C00B010F0F03995F43F673A517FAE1ED0BFDC
:104B6C008503B8B095C9F33FE92482A6D831CBBFF1
:104B7C00A564880C190DF33F5877C00A4F57C6BF70
:104B8C00A08E0B7B225EF23F00819CC72BAAC1BF7B
:104B9C003F341A4A4ABBF13F5E0E8CCE764EBABFFA
:104BAC00BAE58AF05823F13FCC1C615A3C97B1BF4F
:104BBC00A70099413F95F03F1E0CE138F452A2BF7B
:104BCC00000000000000F03F0000000000000000AA
:104BDC00AC479AFD8C60EE3F8459F25DAAA5AA3FC2
:104BEC00A06A021FB3A4EC3FB42E36AA535EBC3F9E
:104BFC00E6FC6A573620EB3F08DB2077E526C53FFD
:104C0C002DAAA163D1C2E93F7047220D86C2CB3FCA
:104C1C00ED417803E686E83FE17EA0C88B05D13FE5
:104C2C00624853F5DC67E73F09EEB6573004D43FD2
:104C3C00EF39FAFE422EE63F3483B848A30ED0BFBC
:104C4C006A0BE00B5B57D53F23410AF2FEFFDFBF37
:104C5C000038FAFE422EE63F3067C79357F32E3DDD
:104C6C00000000000000E0BF605555555555E5BFEC
:104C7C00060000000000E03F4E5559999999E93F14
:104C8C007AA429555555E5BFE945489B5B49F2BFC8
:104C9C00C33F268B2B00F03F0000000000A0F63F26
:104CAC00000000000000000000C8B9F2822CD6BF42
:104CBC008056372824B4FA3C000000000080F63FF0
:104CCC000000000000000000000858BFBDD1D5BF97
:104CDC0020F7E0D808A51CBD000000000060F63FDE
:104CEC000000000000000000005845177776D5BF83
:104CFC006D50B6D5A46223BD000000000040F63F05
:104D0C00000000000000000000F82D87AD1AD5BF90
:104D1C00D567B09EE484E6BC000000000020F63F9E
:104D2C000000000000000000007877955FBED4BF43
:104D3C00E03E2993691B04BD000000000000F63F13
:104D4C00000000000000000000601CC28B61D4BF9A
:104D5C00CC844C482FD8133D0000000000E0F53FF8
:104D6C00000000000000000000A886863004D4BFBC
:104D7C003A0B82EDF342DC3C0000000000C0F53F32
:104D8C000000000000000000004869554CA6D3BF8D
:104D9C0060945186C6B1203D0000000000A0F53F94
:104DAC0000000000000000000080989ADD47D3BF8F
:104DBC009280C5D44D59253D000000000080F53F80
:104DCC0000000000000000000020E1BAE2E8D2BFC1
:104DDC00D82BB7991E7B263D000000000060F53FE4
:104DEC0000000000000000000088DE135A89D2BFCA
:104DFC003FB0CFB614CA153D000000000060F53F6F
:104E0C0000000000000000000088DE135A89D2BFA9
:104E1C003FB0CFB614CA153D000000000040F53F6E
:104E2C0000000000000000000078CFFB4129D2BF39
:104E3C0076DA5328245A16BD000000000020F53FF6
:104E4C000000000000000000009869C198C8D1BFA4
:104E5C000454E768BCAF1FBD000000000000F53F24
:104E6C00000000000000000000A8ABAB5C67D1BFE5
:104E7C00F0A88233C61F1F3D0000000000E0F43F85
:104E8C0000000000000000000048AEF98B05D1BF07
:104E9C00665A05FDC4A826BD0000000000C0F43F02
:104EAC000000000000000000009073E224A3D0BFBB
:104EBC000E03F47EEE6B0CBD0000000000A0F43F6E
:104ECC00000000000000000000D0B4942540D0BFCA
:104EDC007F2DF49EB836F0BC0000000000A0F43F1B
:104EEC00000000000000000000D0B4942540D0BFAA
:104EFC007F2DF49EB836F0BC000000000080F43F1B
:104F0C00000000000000000000405E6D18B9CFBF2B
:104F1C00873C99AB2A570D3D000000000060F43F20
:104F2C0000000000000000000060DCCBADF0CEBF44
:104F3C0024AF869CB7262B3D000000000040F43FB8
:104F4C00000000000000000000F02A6E0727CEBF12
:104F5C0010FF3F544F2F17BD000000000020F43FFE
:104F6C00000000000000000000C04F6B215CCDBFB2
:104F7C001B68CABB91BA213D000000000000F43F41
:104F8C00000000000000000000A09AC7F78FCCBF03
:104F9C0034849F684F79273D000000000000F43FE7
:104FAC00000000000000000000A09AC7F78FCCBFE3
:104FBC0034849F684F79273D0000000000E0F33FE8
:104FCC00000000000000000000902D7486C2CBBFD2
:104FDC008FB78B31B04E193D0000000000C0F33F7D
:104FEC00000000000000000000C0804EC9F3CABFE2
:104FFC006690CD3F634EBA3C0000000000A0F33F2A
:10500C00000000000000000000B0E21FBC23CABF7B
:10501C00EAC146DC648C25BD0000000000A0F33F13
:10502C00000000000000000000B0E21FBC23CABF5B
:10503C00EAC146DC648C25BD000000000080F33F13
:10504C0000000000000000000050F49C5A52C9BF40
:10505C00E3D4C104D9D12ABD000000000060F33FA5
:10506C00000000000000000000D02065A07FC8BF39
:10507C0009FADB7FBFBD2B3D000000000040F33F71
:10508C00000000000000000000E0100289ABC7BF68
:10509C00584A537290DB2B3D000000000040F33F58
:1050AC00000000000000000000E0100289ABC7BF48
:1050BC00584A537290DB2B3D000000000020F33F58
:1050CC00000000000000000000D019E70FD6C6BF9A
:1050DC0066E2B2A36AE410BD000000000000F33FDA
:1050EC0000000000000000000090A77030FFC5BF5A
:1050FC003950109F439E1EBD000000000000F33F7E
:10510C0000000000000000000090A77030FFC5BF39
:10511C003950109F439E1EBD0000000000E0F23F7E
:10512C00000000000000000000B0A1E3E526C5BFB0
:10513C008F5B07908BDE20BD0000000000C0F23FAB
:10514C0000000000000000000080CB6C2B4DC4BFA1
:10515C003C783561C10C173D0000000000C0F23FE7
:10516C0000000000000000000080CB6C2B4DC4BF81
:10517C003C783561C10C173D0000000000A0F23FE7
:10518C00000000000000000000901E20FC71C3BF56
:10519C003A54274D8678F13C000000000080F23F25
:1051AC00000000000000000000F01FF85295C2BF84
:1051BC0008C47117308D24BD000000000060F23F60
:1051CC00000000000000000000602FD52AB7C1BF0E
:1051DC0096A31118A4802EBD000000000060F23FC1
:1051EC00000000000000000000602FD52AB7C1BFEE
:1051FC0096A31118A4802EBD000000000040F23FC1
:10520C0000000000000000000090D07C7ED7C0BFE2
:10521C00F45BE88896690A3D000000000040F23F0C
:10522C0000000000000000000090D07C7ED7C0BFC2
:10523C00F45BE88896690A3D000000000020F23F0C
:10524C00000000000000000000E0DB3191ECBFBF6B
:10525C00F233A35C547525BD000000000000F23F42
:10526C00000000000000000000002B6E0727BEBFEE
:10527C003C00F02A2C342A3D000000000000F23FD4
:10528C00000000000000000000002B6E0727BEBFCE
:10529C003C00F02A2C342A3D0000000000E0F13FD5
:1052AC00000000000000000000C05B8F545EBCBF1B
:1052BC0006BE5F58570C1DBD0000000000C0F13F3A
:1052CC00000000000000000000E04A3A6D92BABFF6
:1052DC00C8AA5BE83539253D0000000000C0F13F4D
:1052EC00000000000000000000E04A3A6D92BABFD6
:1052FC00C8AA5BE83539253D0000000000A0F13F4D
:10530C00000000000000000000A031D645C3B8BF6B
:10531C0068562F4D297C133D0000000000A0F13F82
:10532C00000000000000000000A031D645C3B8BF4B
:10533C0068562F4D297C133D000000000080F13F82
:10534C0000000000000000000060E58AD2F0B6BF4B
:10535C00DA7333C9379726BD000000000060F13FB7
:10536C0000000000000000000020063F071BB5BF36
:10537C00575EC6615B021F3D000000000060F13FFC
:10538C0000000000000000000020063F071BB5BF16
:10539C00575EC6615B021F3D000000000040F13FFC
:1053AC00000000000000000000E01B96D741B3BFD6
:1053BC00DF13F9CCDA5E2C3D000000000040F13F19
:1053CC00000000000000000000E01B96D741B3BFB6
:1053DC00DF13F9CCDA5E2C3D000000000020F13F19
:1053EC0000000000000000000080A3EE3665B1BF95
:1053FC0009A38F765E7C143D000000000000F13F95
:10540C000000000000000000008011C0300AAFBF97
:10541C00918E36839E592D3D000000000000F13F17
:10542C000000000000000000008011C0300AAFBF77
:10543C00918E36839E592D3D0000000000E0F03F18
:10544C00000000000000000000801971DD42ABBFBD
:10545C004C70D6E57A821C3D0000000000E0F03F65
:10546C00000000000000000000801971DD42ABBF9D
:10547C004C70D6E57A821C3D0000000000C0F03F65
:10548C00000000000000000000C032F65874A7BFF6
:10549C00EEA1F23446FC2CBD0000000000C0F03F31
:1054AC00000000000000000000C032F65874A7BFD6
:1054BC00EEA1F23446FC2CBD0000000000A0F03F31
:1054CC00000000000000000000C0FEB9879EA3BFD2
:1054DC00AAFE26F5B702F53C0000000000A0F03F44
:1054EC00000000000000000000C0FEB9879EA3BFB2
:1054FC00AAFE26F5B702F53C000000000080F03F44
:10550C0000000000000000000000780E9B829FBF8E
:10551C00E4097E7C268029BD000000000080F03F5D
:10552C0000000000000000000000780E9B829FBF6E
:10553C00E4097E7C268029BD000000000060F03F5D
:10554C0000000000000000000080D5071BB997BFC9
:10555C0039A6FA93548D28BD000000000040F03F9E
:10556C0000000000000000000000FCB0A8C08FBFCD
:10557C009CA6D3F67C1EDFBC000000000040F03F70
:10558C0000000000000000000000FCB0A8C08FBFAD
:10559C009CA6D3F67C1EDFBC000000000020F03F70
:1055AC0000000000000000000000106B2AE07FBF2C
:1055BC00E440DA0D3FE219BD000000000020F03F8E
:1055CC0000000000000000000000106B2AE07FBF0C
:1055DC00E440DA0D3FE219BD000000000000F03F8E
:1055EC0000000000000000000000000000000000AF
:1055FC000000000000000000000000000000F03F70
:10560C00000000000000000000000000000000008E
:10561C0000000000000000000000000000C0EF3F90
:10562C000000000000000000000089751510803F8C
:10563C00E82B9D996BC710BD000000000080EF3F68
:10564C000000000000000000008093585620903F9E
:10565C00D2F7E2065BDC23BD000000000040EF3F08
:10566C0000000000000000000000C9282549983FF8
:10567C00340C5A32BAA02ABD000000000000EF3FE3
:10568C0000000000000000000040E7895D41A03FE1
:10569C0053D7F15CC011013D0000000000C0EE3F8B
:1056AC00000000000000000000002ED4AE66A43FF5
:1056BC0028FDBD7573162CBD000000000080EE3F68
:1056CC00000000000000000000C09F14AA94A83F36
:1056DC007D265AD0957919BD000000000040EE3FA0
:1056EC00000000000000000000C0DDCD73CBAC3F1B
:1056FC000728D847F2681ABD000000000020EE3FD2
:10570C00000000000000000000C006C031EAAE3FFF
:10571C007B3BC94F3E110EBD0000000000E0ED3F89
:10572C000000000000000000006046D13B97B13F34
:10573C009B9E0D565D3225BD0000000000A0ED3F84
:10574C00000000000000000000E0D1A7F5BDB33F51
:10575C00D74EDBA55EC82C3D000000000060ED3F7D
:10576C00000000000000000000A0974D5AE9B53F72
:10577C001E1D5D3C06692CBD000000000040ED3F85
:10578C00000000000000000000C0EA0AD300B73F90
:10579C0032ED9DA98D1EEC3C000000000000ED3F99
:1057AC0000000000000000000040595D5E33B93F6E
:1057BC00DA47BD3A5C11233D0000000000C0EC3F0D
:1057CC0000000000000000000060AD8DC86ABB3F07
:1057DC00E568F72B809013BD0000000000A0EC3FA3
:1057EC0000000000000000000040BC015888BC3FD5
:1057FC00D3AC5AC6D146263D000000000060EC3FF9
:10580C00000000000000000000200A8339C7BE3FE2
:10581C00E045E6AF68C02DBD000000000040EC3F45
:10582C00000000000000000000E0DB3991E8BF3F01
:10583C00FD0AA14FD63425BD000000000000EC3F4E
:10584C00000000000000000000E027828E17C13F1E
:10585C00F2072DCE78EF213D0000000000E0EB3F79
:10586C00000000000000000000F0237E2BAAC13FC6
:10587C00349938448EA72C3D0000000000A0EB3F6B
:10588C0000000000000000000080860C61D1C23FC7
:10589C00A1B481CB6C9D033D000000000080EB3F68
:1058AC000000000000000000009015B0FC65C33F34
:1058BC0089724B23A82FC63C000000000040EB3F30
:1058CC00000000000000000000B033833D91C43F95
:1058DC0078B6FD547983253D000000000020EB3F95
:1058EC00000000000000000000B0A1E4E527C53F67
:1058FC00C77D69E5E833263D0000000000E0EA3F83
:10590C00000000000000000000108CBE4E57C63F87
:10591C00782E3C2C8BCF193D0000000000C0EA3FD4
:10592C0000000000000000000070758B12F0C63FF4
:10593C00E1219CE58D1125BD0000000000A0EA3F8F
:10594C000000000000000000005044858D89C73F16
:10595C000543917010661CBD000000000060EA3F1A
:10596C000000000000000000000039EBAFBEC83F93
:10597C00D12CE9AA543D07BD000000000040EA3FCD
:10598C0000000000000000000000F7DC5A5AC93F7C
:10599C006FFFA05828F2073D000000000000EA3F0E
:1059AC00000000000000000000E08A3CED93CA3FBC
:1059BC0069215650437228BD0000000000E0E93F09
:1059CC00000000000000000000D05B57D831CB3F36
:1059DC00AAE1AC4E8D350CBD0000000000C0E93FC3
:1059EC00000000000000000000E03B3887D0CB3FF7
:1059FC00B6125459C44B2DBD0000000000A0E93F65
:105A0C0000000000000000000010F0C6FB6FCC3F4F
:105A1C00D22B96C572ECF1BC000000000060E93F8F
:105A2C0000000000000000000090D4B03DB1CD3F5C
:105A3C0035B015F72AFF2ABD000000000040E93FF1
:105A4C0000000000000000000010E7FF0E53CE3FE6
:105A5C0030F441602712C23C000000000020E93FF6
:105A6C0000000000000000000000DDE4ADF5CE3FBA
:105A7C00118EBB651521CABC000000000000E93F77
:105A8C00000000000000000000B0B36C1C99CF3F78
:105A9C0030DF0CCAECCB1B3D0000000000C0E83F1F
:105AAC00000000000000000000584D603871D03F2D
:105ABC00914EED16DB9CF83C0000000000A0E83F86
:105ACC000000000000000000006061672DC4D03FA2
:105ADC00E9EA3C168B18273D000000000080E83FE7
:105AEC00000000000000000000E827828E17D13F64
:105AFC001CF0A5630E212CBD000000000060E83FE7
:105B0C00000000000000000000F8ACCB5C6BD13F43
:105B1C008116A5F7CD9A2B3D000000000040E83F10
:105B2C00000000000000000000685A6399BFD13FDC
:105B3C00B7BD4751EDA62C3D000000000020E83F0A
:105B4C00000000000000000000B80E6D4514D23FAC
:105B5C00EABA46BADE870A3D0000000000E0E73FE3
:105B6C0000000000000000000090DC7CF0BED23F82
:105B7C00F404504AFA9C2A3D0000000000C0E73FA4
:105B8C0000000000000000000060D3E1F114D33FDE
:105B9C00B83C21D37AE228BD0000000000A0E73F0A
:105BAC0000000000000000000010BE76676BD33FC1
:105BBC00C877F1B0CD6E113D000000000080E73FCA
:105BCC0000000000000000000030337752C2D33FC9
:105BDC005CBD06B6543B183D000000000060E73F7A
:105BEC00000000000000000000E8D523B419D43FE9
:105BFC009DE090EC36E4083D000000000040E73FDB
:105C0C00000000000000000000C871C28D71D43F7C
:105C1C0075D66709CE272FBD000000000020E73F96
:105C2C0000000000000000000030179EE0C9D43FC7
:105C3C00A4D80A1B89202EBD000000000000E73FFD
:105C4C00000000000000000000A03807AE22D53F85
:105C5C0059C7648170BE2E3D0000000000E0E63F95
:105C6C00000000000000000000D0C853F77BD53FB7
:105C7C00EF405DEEEDAD1F3D0000000000C0E63FC3
:105C8C000000000000000000006059DFBDD5D53FCA
:105C9C00DC65A4082A0B0ABD000000000000F03FE0
:105CAC00000000000000F0BF000000000000F0BF8A
:105CBC00000000000000F03F83C8C96D305F6441F4
:105CCC00182D4454FB21F93F000000000000F03F68
:105CDC001C620CFDFFFFDFBF198F06E15355A53F7A
:105CEC009D359AE887C056BFC3F87B024393F93EB3
:105CFC0003A695595455C5BFC40B23057610813F97
:105D0C0024CF7437EB9429BF000000000000F03F53
:105D1C00000000000000F0BF000000000000F0BF19
:105D2C00000000000000F03F83C8C96D305F644183
:105D3C00182D4454FB21F93F000000000000F0BF77
:105D4C001C620CFDFFFFDF3F198F06E15355A5BF09
:105D5C009D359AE887C0563FC3F87B024393F9BE42
:105D6C0003A695595455C5BFC40B23057610813F26
:105D7C0024CF7437EB9429BFFF00780180014302D4
:105D8C00880187018C018B01920191019501F6012B
:105D9C00990198019A013D029E012002A801A701D8
:105DAC00AD01AC01B001AF01B901B801BD01BC013D
:105DBC00BF01F701C601C401C901C701CC01CA0169
:105DCC00DD018E01F301F101F501F4013A02652CBC
:105DDC003C023B023E02662C42024102530281010C
:105DEC00540286015602890157028A0159028F0119
:105DFC005B029001600293016302940168029701B7
:105E0C00690296016B02622C6F029C0172029D0169
:105E1C0075029F017D02642C8002A6018302A901F8
:105E2C008802AE01890244028A02B1018B02B201DE
:105E3C008C0245029202B7017B03FD037C03FE0337
:105E4C007D03FF03AC038603C203A303CC038C03C3
:105E5C00CD038E03CE038F03F203F903F803F7038C
:105E6C00FB03FA03CF04C0047D1D632C511F591F83
:105E7C00531F5B1F551F5D1F571F5F1F781FF81F98
:105E8C00791FF91FB31FBC1FCC1FC31FE51FEC1FCD
:105E9C00FC1FF31F4E21322184218321612C602CA5
:105EAC00762C752C01000D0010000200110014005E
:105EBC0003001500190004001A0020000500210041
:105ECC00290006002A0034000700350041000800B4
:105EDC00420052000900530068000A006900830068
:105EEC000B008400A6000C00A700D1000D00D2000E
:105EFC00070100000E00210029000F002A003300CA
:105F0C0010003400410011004200520012005300F6
:105F1C00670013006800820014008300A4001500C1
:105F2C00A500CF001600D00005011700060148019E
:105F3C00180049019E0119009F0109021A000A026A
:105F4C0090021B0091023A031C003B030F041D003E
:105F5C0010041F051E00200572061F007306FF07A4
:105F6C000000A0410000000000409C460000000022
:105F7C000000A041E0BE4A400000C841D5E7924075
:105F8C000000FC416891E14000002042A1D6604035
:105F9C000000484225751E4000007C42DC6804402D
:105FAC000000A042C9E5D73F0000C84248504C3F12
:105FBC000000FA42C217863E00002043D200FE3E8B
:105FCC0000004843F38EF33E00007A436688833E1C
:105FDC0000809D4393A9823E0000C8436744E93D7D
:105FEC000000FA4350FC18BE00801D44107A763E27
:105FFC0000004844705F473F00007A44DFE08B3D6F
:10600C0000409C44D57869BD0000C844E4141DBE12
:10601C000000FA44166AADBE00401C453B708EBEB3
:10602C0000E04445795838BF00007A45EE5AB2BFBB
:10603C0000409C4539B400C000E0C4459FCD12C05F
:10604C000000FA45849E4DC000401C463867FAC0DB
:10605C0000504346105833C100007A46137283C176
:10606C0000409C467FFBC9C10000A0411E16524057
:10607C000000C8419CA243400000FC41C139814052
:10608C0000002042C4427D3F00004842E5F26F3FD1
:10609C0000007C428351993F0000A042984C853F00
:1060AC000000C8428638B63E0000FA422F6E233DEF
:1060BC00000020433E79B83E0000484380B7103FB3
:1060CC0000007A434BEA843E00809D433F575B3E81
:1060DC000000C8436C09393E0000FA434D158CBCD6
:1060EC0000801D44091BBE3E00004844E3A51B3F35
:1060FC0000007A44E9B7CF3E00409C44B00367BC33
:10610C000000C8440C9329BE0000FA4460E5D03D61
:10611C0000401C455EBA09BE00E044454DF36EBF1D
:10612C0000007A45FA7E7ABF00409C45AA6094BF75
:10613C0000E0C445B459D5BF0000FA45128350C0E5
:10614C0000401C463D9BCFC00050434632550DC10C
:10615C0000007A46D8F034C100409C462DB273C181
:10616C000000803FD37E86288410832C503BC92EA0
:10617C00551F6D30885FA431514FA232EA057D3333
:10618C0013A3253451ACBD34EA60433539C2B8355C
:10619C0041DB2236FE618736C33DD6367189223704
:1061AC003FE06D37E7B6A837CEE5E83798F51C38F1
:1061BC00C3284F38902E863849F6AA380A9CD63810
:1061CC0072E90439D4A722390DE4443922F96B3928
:1061DC00F6208C39630CA539AAEBC0391FEBDF39DB
:1061EC003E1B013A66FC133A26AE283A2E453F3A3E
:1061FC00B4D5573A6E73723AC498873A4E11973A9F
:10620C0059ACA73A9C72B93A7B6CCC3A0EA2E03AE4
:10621C00181BF63A846F063B7E7A123BDD311F3B2E
:10622C00DD982C3B8CB23A3BD181493B6A09593BF6
:10623C00EA4B693BBD4B7A3B9405863B25468F3B2D
:10624C008BE8983BB1EDA23B6C56AD3B8223B83B3F
:10625C00A855C33B7FEDCE3B9BEBDA3B7F50E73B36
:10626C00A01CF43B31A8003C0F76073C0E780E3C8A
:10627C004EAE153CE6181D3CE8B7243C618B2C3C1B
:10628C005893343CCFCF3C3CC340453C2BE64D3C73
:10629C00FCBF563C25CE5F3C9010693C2687723C77
:1062AC00CA317C3C2E08833C5D11883C5E348D3CAD
:1062BC001D71923C85C7973C7D379D3CEEC0A23C3E
:1062CC00BF63A83CD31FAE3C11F5B33C5CE3B93CB7
:1062DC0095EABF3CA00AC63C5D43CC3CAC94D23C96
:1062EC006DFED83C8080DF3CC21AE63C13CDEC3C02
:1062FC004F97F33C5479FA3C7FB9003D1642043D6C
:10630C005BD6073D3D760B3DAA210F3D90D8123D43
:10631C00DC9A163D7B681A3D5A411E3D6825223D8C
:10632C009214263DC40E2A3DEC132E3DF723323D2C
:10633C00D23E363D6A643A3DAC943E3D86CF423DFA
:10634C00E414473DB4644B3DE2BE4F3D5C23543DE9
:10635C000E92583DE70A5D3DD38D613DC01A663DF6
:10636C009AB16A3D4F526F3DCCFC733DFFB0783D06
:10637C00D66E7D3D1E1B813D9183833DBAF0853DDC
:10638C008F62883D07D98A3D1B548D3DBFD38F3D0D
:10639C00EC57923D98E0943DBA6D973D49FF993D7D
:1063AC003D959C3D8C2F9F3D2DCEA13D1871A43D5C
:1063BC004418A73DA8C3A93D3B73AC3DF526AF3DA2
:1063CC00CCDEB13DB99AB43DB25AB73DAF1EBA3D21
:1063DC00A8E6BC3D93B2BF3D6882C23D1F56C53D89
:1063EC00B02DC83D1209CB3D3CE8CD3D26CBD03D70
:1063FC00C8B1D33D1A9CD63D138AD93DAC7BDC3D4C
:10640C00DB70DF3D9969E23DDE65E53DA165E83D68
:10641C00DA68EB3D826FEE3D9179F13DFD86F43DFE
:10642C00C197F73DD2ABFA3D2AC3FD3DE16E003E6C
:10643C00C8FD013E468E033E5820053EFAB3063E8B
:10644C002849083EDEDF093E18780B3ED2110D3E7E
:10645C0009AD0E3EB949103EDEE7113E7487133E7E
:10646C007728153EE5CA163EB86E183EEE131A3E56
:10647C0082BA1B3E71621D3EB80B1F3E52B6203EC7
:10648C003C62223E720F243EF2BD253EB66D273E85
:10649C00BC1E293E00D12A3E7E842C3E33392E3E32
:1064AC001CEF2F3E34A6313E795E333EE617353E67
:1064BC0079D2363E2D8E383E004B3A3EEE083C3EAD
:1064CC00F4C73D3E0E883F3E3849413E700B433E7B
:1064DC00B2CE443EFA92463E4558483E911E4A3E44
:1064EC00D9E54B3E1BAE4D3E52774F3E7C41513E63
:1064FC00960C533E9CD8543E8BA5563E5F73583E2B
:10650C0016425A3EAD115C3E1FE25D3E6BB35F3EE0
:10651C008C85613E8158633E442C653ED400673EB9
:10652C002ED6683E4DAC6A3E30836C3ED35A6E3EDE
:10653C003333703E4D0C723E1DE6733EA2C0753E69
:10654C00D89B773EBC77793E4A547B3E81317D3E69
:10655C005D0F7F3EEE76803E7C66813E5956823ED4
:10656C008346833EF836843EB727853EBE18863E6A
:10657C000C0A873EA0FB873E78ED883E93DF893E70
:10658C00F0D18A3E8CC48B3E67B78C3E80AA8D3E80
:10659C00D49D8E3E63918F3E2B85903E2B79913E00
:1065AC00626D923ECE61933E6E56943E414B953E4B
:1065BC004440963E7835973EDB2A983E6B20993EB8
:1065CC0027169A3E0E0C9B3E1F029C3E58F89C3E92
:1065DC00B8EE9D3E3EE59E3EE9DB9F3EB7D2A03E27
:1065EC00A7C9A13EB8C0A23EE9B7A33E39AFA43EAD
:1065FC00A5A6A53E2E9EA63ED295A73E908DA83E62
:10660C006785A93E557DAA3E5975AB3E736DAC3E70
:10661C00A065AD3EE15DAE3E3356AF3E964EB03E0C
:10662C000847B13E893FB23E1738B33EB230B43E54
:10663C005829B53E0722B63EC01AB73E8113B83E64
:10664C00490CB93E1605BA3EE9FDBA3EBFF6BB3E53
:10665C0098EFBC3E72E8BD3E4DE1BE3E28DABF3E2F
:10666C0002D3C03ED9CBC13EAEC4C23E7DBDC33EFB
:10667C0048B6C43E0CAFC53EC9A7C63E7EA0C73EB9
:10668C002A99C83ECC91C93E638ACA3EEE82CB3E63
:10669C006C7BCC3EDC73CD3E3E6CCE3E9064CF3EEC
:1066AC00D25CD03E0255D13E214DD23E2C45D33E3C
:1066BC00233DD43E0535D53ED12CD63E8724D73E3E
:1066CC00261CD83EAC13D93E1A0BDA3E6D02DB3ECB
:1066DC00A6F9DB3EC3F0DC3EC4E7DD3EA7DEDE3EC2
:1066EC006DD5DF3E14CCE03E9CC2E13E03B9E23EE8
:1066FC0049AFE33E6EA5E43E709BE53E4E91E63E0F
:10670C000987E73E9E7CE83E0F72E93E5867EA3EF9
:10671C007B5CEB3E7751EC3E4A46ED3EF33AEE3E67
:10672C00732FEF3EC923F03EF317F13EF20BF23E0E
:10673C00C4FFF23E68F3F33EDFE6F43E28DAF53EA2
:10674C0041CDF63E2AC0F73EE4B2F83E6BA5F93EC9
:10675C00C297FA3EE689FB3ED77BFC3E946DFD3E2C
:10676C001E5FFE3E7250FF3EC920003F3D99003F28
:10677C009711013FD589013FF701023FFD79023F97
:10678C00E6F1023FB369033F63E1033FF658043F70
:10679C006BD0043FC347053FFDBE053F1836063F8F
:1067AC0015AD063FF323073FB29A073F5111083F3F
:1067BC00D187083F32FE083F7274093F92EA093FC5
:1067CC0092600A3F70D60A3F2E4C0B3FCBC10B3F59
:1067DC0046370C3FA0AC0C3FD7210D3FED960D3F3B
:1067EC00E00B0E3FB1800E3F5FF50E3FEA690F3FA5
:1067FC0052DE0F3F9752103FB7C6103FB53A113FCC
:10680C008EAE113F4322123FD395123F4009133FE6
:10681C00877C133FA9EF133FA762143F7FD5143F2A
:10682C003148153FBEBA153F252D163F669F163FC2
:10683C008111173F7583173F43F5173FEA66183FE1
:10684C006AD8183FC449193FF6BA193F012C1A3FB0
:10685C00E49C1A3F9F0D1B3F337E1B3F9FEE1B3F5B
:10686C00E35E1C3FFFCE1C3FF23E1D3FBCAE1D3F06
:10687C005E1E1E3FD88D1E3F28FD1E3F4F6C1F3FD6
:10688C004DDB1F3F224A203FCDB8203F4E27213FF2
:10689C00A695213FD403223FD871223FB2DF223F7D
:1068AC00624D233FE8BA233F4328243F7495243F8D
:1068BC007A02253F556F253F05DC253F8B48263F47
:1068CC00E5B4263F1421273F188D273FF1F8273FC9
:1068DC009E64283F1FD0283F753B293FA0A6293F27
:1068EC009E112A3F707C2A3F17E72A3F91512B3F7C
:1068FC00E0BB2B3F02262C3FF78F2C3FC1F92C3FDE
:10690C005E632D3FCECC2D3F12362E3F299F2E3F5E
:10691C0013082F3FD0702F3F61D92F3FC441303F18
:10692C00FBA9303F0412313FE079313F8FE1313F19
:10693C001149323F66B0323F8D17333F867E333F6D
:10694C0052E5333FF14B343F62B2343FA518353F2B
:10695C00BB7E353FA3E4353F5D4A363FE9AF363F5A
:10696C000000803F45A52534D3E26D37AEEA0439EB
:10697C00511C013AA1ADA73A179A2C3B91E9983BCF
:10698C002C1EF43B6F94343C3E337C3CAD64A83CF1
:10699C0094FFD83C0DD7073D6515263DD915473DCD
:1069AC00B3B26A3D2E63883DEF959C3D92DFB13DBD
:1069BC00892EC83DC871DF3DC298F73DB349083EEA
:1069CC000C29153EDB62223EC5EF2F3EA8C83D3E8A
:1069DC0097E64B3EDE425A3EFFD6683EB39C773E6E
:1069EC00F546833E67D28A3EDE6D923EA7169A3EEE
:1069FC002BCAA13EEF85A93E9547B13ED90CB93EB5
:106A0C0096D3C03EC299C83E6D5DD03EC41CD83EE4
:106A1C000FD6DF3EAD87E73E1B30EF3EEBCDF63EAB
:106A2C00CA5FFE3E3EF2023F6DAD063FEB600A3F91
:106A3C003B0C0E3FE9AE113F8D48153FC7D8183FB0
:106A4C00405F1C3FABDB1F3FC14D233F44B5263F8E
:106A5C00FD112A3FBD632D3F5BAA303FB3E5333FA9
:106A6C00A815373F223A3A3F10533D3F6460403FF0
:106A7C001462433F1C58463F7C42493F34214C3FF3
:106A8C004DF44E3FCFBB513FC777543F4328573F40
:106A9C0055CD593F11675C3F8BF55E3FDD78613F0B
:106AAC001EF1633F6A5E663FDDC0683F94186B3F22
:106ABC00AE656D3F4AA86F3F89E0713F8C0E743F05
:106ACC007432763F634C783F7D5C7A3FE4627C3F66
:106ADC00BC5F7E3F9429803FA61E813F250F823FDD
:106AEC0025FB823FB6E2833FEAC5843FD4A4853FB1
:106AFC00857F863F0E56873F8228883FF1F6883F78
:106B0C006CC1893F06888A3FCE4A8B3FD5098C3FA2
:106B1C002DC58C3FE47C8D3F0D318E3FB5E18E3F12
:106B2C00ED8E8F3FC638903F4DDF903F9282913F64
:106B3C00A322923F90BF923F6759933F36F0933F09
:106B4C000B84943FF314953FFCA2953F332E963F54
:106B5C00A5B6963F603C973F6EBF973FDE3F983F90
:106B6C00BABD983F1039993FE9B1993F52289A3FE5
:106B7C00579C9A3F010E9B3F5C7D9B3F73EA9B3F6A
:106B8C004F559C3FFBBD9C3F81249D3FEB889D3F17
:106B9C0042EB9D3F904B9E3FDDA99E3F34069F3FAD
:106BAC009C609F3F1FB99F3FC50FA03F9664A03FBD
:106BBC009BB7A03FDB08A13F5F58A13F2EA6A13F8A
:106BCC004FF2A13FCA3CA23FA785A23FEBCCA23F0C
:106BDC009F12A33FC956A33F7099A33F99DAA33FD5
:106BEC004D1AA43F9058A43F6995A43FDFD0A43F11
:106BFC00F60AA53FB543A53F227BA53F41B1A53F72
:106C0C0019E6A53FAE19A63F074CA63F277DA63F28
:106C1C0015ADA63FD5DBA63F6B09A73FDD35A73FDA
:106C2C002F61A73F668BA73F86B4A73F94DCA73F95
:106C3C009303A83F8929A83F784EA83F6672A83FC6
:106C4C005695A83F4CB7A83F4BD8A83F58F8A83F3B
:106C5C007717A93FAA35A93FF552A93F5C6FA93F09
:106C6C00E28AA93F8AA5A93F58BFA93F4FD8A93F9F
:106C7C0072F0A93FC507AA3F491EAA3F0234AA3F9A
:106C8C00F348AA3F1F5DAA3F8970AA3F3383AA3FEE
:106C9C002095AA3F52A6AA3FCDB6AA3F93C6AA3FBB
:106CAC00A6D5AA3F09E4AA3FBFF1AA3FC8FEAA3F56
:106CBC00290BAB3FE316AB3FF921AB3F6C2CAB3F41
:106CCC003F36AB3F743FAB3F0D48AB3F0C50AB3F37
:106CDC007357AB3F445EAB3F8264AB3F2D6AAB3F17
:106CEC00486FAB3FD573AB3FD677AB3F4B7BAB3FDE
:106CFC00387EAB3F9E80AB3F7E82AB3FDB83AB3FAE
:106D0C00B584AB3F0F85AB3FE984AB3F4784AB3FCA
:106D1C002883AB3F8F81AB3F7D7FAB3FF47CAB3F98
:106D2C00F579AB3F8176AB3F9A72AB3F426EAB3F8E
:106D3C007869AB3F4064AB3F9A5EAB3F8858AB3F42
:106D4C000A52AB3F224BAB3FD243AB3F1A3CAB3F5B
:106D5C00FB33AB3F772BAB3F9022AB3F4519AB3F9F
:106D6C00990FAB3F8C05AB3F1FFBAA3F54F0AA3FDA
:106D7C002BE5AA3FA6D9AA3FC5CDAA3F8AC1AA3FF7
:106D8C00F6B4AA3F09A8AA3FC59AAA3F2A8DAA3FE2
:106D9C003A7FAA3FF570AA3F5C62AA3F7153AA3FA3
:106DAC003344AA3FA534AA3FC624AA3F9814AA3F4D
:106DBC001B04AA3F51F3A93F3AE2A93FD6D0A93F01
:106DCC0028BFA93F2FADA93FEC9AA93F6088A93FE6
:106DDC008C75A93F7062A93F0E4FA93F663BA93F36
:106DEC007827A93F4613A93FD0FEA83F16EAA83F33
:106DFC001AD5A83FDCBFA83F5DAAA83F9E94A83F28
:106E0C009E7EA83F5F68A83FE251A83F263BA83F63
:106E1C002D24A83FF80CA83F86F5A73FD8DDA73F47
:106E2C00EFC5A73FCCADA73F6F95A73FD97CA73F38
:106E3C000964A73F024BA73FC331A73F4D18A73F9B
:106E4C00A0FEA63FBDE4A63FA4CAA63F56B0A63FEF
:106E5C00D495A63F1E7BA63F3460A63F1745A63FA0
:106E6C00C829A63F460EA63F93F2A53FAFD6A53F35
:106E7C009ABAA53F549EA53FDF81A53F3B65A53F30
:106E8C006848A53F662BA53F360EA53FD9F0A43F19
:106E9C004ED3A43F97B5A43FB497A43FA479A43F85
:106EAC00695BA43F033DA43F731EA43FB8FFA33FFF
:106EBC00D3E0A33FC5C1A33F8DA2A33F2D83A33F26
:106ECC00A463A33FF443A33F1C24A33F1C04A33F90
:106EDC00F6E3A23FA9C3A23F36A3A23F9E82A23FE4
:106EEC00E061A23FFC40A23FF41FA23FC8FEA13FBD
:106EFC0077DDA13F03BCA13F6B9AA13FB078A13FC6
:106F0C00D356A13FD334A13FB112A13F6DF0A03FA6
:106F1C0007CEA03F81ABA03FD988A03F1166A03F10
:106F2C002943A03F2120A03FF9FC9F3FB2D99F3FAE
:106F3C004BB69F3FC6929F3F236F9F3F614B9F3F36
:106F4C0081279F3F84039F3F69DF9E3F31BB9E3F5C
:106F5C00DD969E3F6C729E3FDF4D9E3F35299E3FD6
:106F6C0070049E3F90DF9D3F94BA9D3F7D959D3F61
:106F7C004C709D3F004B9D3F9A259D3F1B009D3FB4
:106F8C0081DA9C3FCEB49C3F028F9C3F1D699C3F95
:106F9C0020439C3F0A1D9C3FDBF69B3F95D09B3FBB
:106FAC0037AA9B3FC1839B3F355D9B3F91369B3FEF
:106FBC00D60F9B3F05E99A3F1EC29A3F209B9A3FF2
:106FCC000D749A3FE34C9A3FA5259A3F51FE993F89
:106FDC00E8D6993F6AAF993FD887993F3160993F7E
:106FEC007638993FA810993FC5E8983FCFC0983F95
:106FFC00C598983FA970983F7948983F3720983F9B
:10700C00E2F7973F7BCF973F01A7973F767E973F5D
:10701C00D955973F2B2D973F6B04973F99DB963FA4
:10702C00B7B2963FC489963FC160963FAD37963F45
:10703C00890E963F54E5953F10BC953FBC92953F09
:10704C005969953FE63F953F6516953FD4EC943FC3
:10705C0034C3943F8699943FC96F943FFE45943F47
:10706C00251C943F3EF2933F49C8933F479E933F64
:10707C003774933F1A4A933FEF1F933FB8F5923FF3
:10708C0074CB923F24A1923FC776923F5D4C923FC6
:10709C00E821923F66F7913FD9CC913F40A2913FB6
:1070AC009C77913FEC4C913F3122913F6BF7903F95
:1070BC009ACC903FBEA1903FD876903FE74B903F43
:1070CC00EC20903FE7F58F3FD8CA8F3FBF9F8F3F93
:1070DC009C748F3F70498F3F3A1E8F3FFBF28E3F5F
:1070EC00B3C78E3F629C8E3F08718E3FA6458E3F84
:1070FC003A1A8E3FC7EE8D3F4BC38D3FC7978D3FDE
:10710C003B6C8D3FA7408D3F0B158D3F67E98C3F46
:10711C00BDBD8C3F0A928C3F51668C3F903A8C3FA0
:10712C00C90E8C3FFAE28B3F25B78B3F4A8B8B3FC6
:10713C00685F8B3F7F338B3F91078B3F9CDB8A3F94
:10714C00A1AF8A3FA1838A3F9B578A3F8F2B8A3FEF
:10715C007EFF893F67D3893F4BA7893F2B7B893FB4
:10716C00054F893FDA22893FABF6883F76CA883FC4
:10717C003E9E883F0172883FC045883F7A19883F00
:10718C0031ED873FE3C0873F9294873F3D68873F4F
:10719C00E53B873F890F873F29E3863FC7B6863F8C
:1071AC00618A863FF85D863F8C31863F1D05863FA0
:1071BC00ACD8853F38AC853FC27F853F4953853F6E
:1071CC00CD26853F50FA843FD0CD843F4FA1843FDC
:1071DC00CC74843F4648843FBF1B843F37EF833FCA
:1071EC00ADC2833F2296833F9569833F073D833F22
:1071FC007810833FE8E3823F57B7823FC68A823FCD
:10720C00335E823FA031823F0D05823F79D8813FAA
:10721C00E5AB813F507F813FBB52813F2726813FA9
:10722C0092F9803FFECC803F69A0803FD573803FB0
:10723C004247803FAF1A803F38DC7F3F15837F3F4A
:10724C00F3297F3FD2D07E3FB4777E3F971E7E3F9F
:10725C007DC57D3F656C7D3F4F137D3F3DBA7C3FC7
:10726C002D617C3F20087C3F17AF7B3F10567B3F46
:10727C000EFD7A3F0FA47A3F144B7A3F1DF2793FF3
:10728C002A99793F3C40793F52E7783F6D8E783FA1
:10729C008C35783FB1DC773FDB83773F0A2B773F28
:1072AC003ED2763F7879763FB820763FFEC7753F61
:1072BC004A6F753F9C16753FF4BD743F5365743F20
:1072CC00B90C743F25B4733F985B733F1303733F42
:1072DC0094AA723F1D52723FAEF9713F46A1713FA5
:1072EC00E648713F8EF0703F3E98703FF63F703F1E
:1072FC00B7E76F3F808F6F3F52376F3F2CDF6E3F8A
:10730C000F876E3FFC2E6E3FF1D66D3FF07E6D3FCA
:10731C00F8266D3F0ACF6C3F26776C3F4B1F6C3FB6
:10732C007AC76B3FB36F6B3FF7176B3F45C06A3F34
:10733C009D686A3F00116A3F6DB9693FE561693F1D
:10734C00690A693FF7B2683F905B683F3504683F54
:10735C00E5AC673FA155673F68FE663F3BA7663FBC
:10736C001A50663F05F9653FFCA1653FFF4A653F32
:10737C000FF4643F2B9D643F5446643F89EF633F99
:10738C00CB98633F1A42633F76EB623FDF94623FD8
:10739C00553E623FD9E7613F6A91613F083B613FCF
:1073AC00B4E4603F6E8E603F3638603F0CE25F3F66
:1073BC00F08B5F3FE2355F3FE2DF5E3FF0895E3F7F
:1073CC000D345E3F39DE5D3F73885D3FBC325D3FFF
:1073DC0014DD5C3F7A875C3FF0315C3F75DC5B3FD2
:1073EC0009875B3FAC315B3F5FDC5A3F21875A3FDB
:1073FC00F3315A3FD5DC593FC687593FC732593F05
:10740C00D9DD583FFA88583F2B34583F6DDF573F32
:10741C00BF8A573F2136573F94E1563F178D563F51
:10742C00AB38563F50E4553F0590553FCB3B553F4D
:10743C00A3E7543F8B93543F853F543F90EB533F0E
:10744C00AC97533FD943533F18F0523F699C523F7E
:10745C00CB48523F3EF5513FC4A1513F5B4E513F8B
:10746C0005FB503FC0A7503F8D54503F6D01503F1E
:10747C005EAE4F3F625B4F3F79084F3FA2B54E3F28
:10748C00DD624E3F2B104E3F8BBD4D3FFE6A4D3F94
:10749C0084184D3F1DC64C3FC9734C3F88214C3F4F
:1074AC0059CF4B3F3E7D4B3F362B4B3F41D94A3F4B
:1074BC0060874A3F92354A3FD7E3493F3092493F74
:1074CC009D40493F1DEF483FB09D483F584C483FB9
:1074DC0013FB473FE2A9473FC558473FBC07473F0F
:1074EC00C7B6463FE765463F1A15463F61C4453F60
:1074FC00BD73453F2D23453FB2D2443F4B82443FA1
:10750C00F831443FBAE1433F9191433F7C41433FC3
:10751C007CF1423F90A1423FBA51423FF801423FB9
:10752C004BB2413FB362413F3113413FC3C3403F74
:10753C006A74403F2725403FF8D53F3FDF863F3FE9
:10754C00DB373F3FEDE83E3F149A3E3F504B3E3F0A
:10755C00A2FC3D3F09AE3D3F865F3D3F19113D3FCB
:10756C00C1C23C3F7F743C3F52263C3F3CD83B3F22
:10757C003B8A3B3F503C3B3F7BEE3A3FBCA03A3F03
:10758C0013533A3F80053A3F03B8393F9C6A393F61
:10759C004B1D393F10D0383FEC82383FDE35383F39
:1075AC00E6E8373F059C373F394F373F8502373F79
:1075BC00E6B5363F5E69363FED1C363F92D0353F1F
:1075CC004E84353F2038353F09EC343F09A0343F19
:1075DC001F54343F4C08343F90BC333FEB70333F67
:1075EC005C25333FE5D9323F848E323F3A43323FFC
:1075FC0007F8313FEBAC313FE661313FF816313FD4
:10760C0021CC303F6181303FB936303F27EC2F3FE2
:10761C00ACA12F3F49572F3FFD0C2F3FC8C22E3F27
:10762C00AB782E3FA52E2E3FB6E42D3FDE9A2D3F94
:10763C001E512D3F75072D3FE3BD2C3F69742C3F28
:10764C00072B2C3FBCE12B3F88982B3F6C4F2B3FDB
:10765C0067062B3F7ABD2A3FA5742A3FE72B2A3FAA
:10766C0040E3293FB29A293F3B52293FDB09293F8E
:10767C0094C1283F6479283F4C31283F4BE9273F80
:10768C0062A1273F9159273FD811273F37CA263F80
:10769C00AD82263F3B3B263FE1F3253F9FAC253F88
:1076AC007565253F631E253F68D7243F8690243F90
:1076BC00BB49243F0903243F6EBC233FEC75233F99
:1076CC00812F233F2EE9223FF3A2223FD15C223FA0
:1076DC00C616223FD3D0213FF98A213F3645213FA0
:1076EC008CFF203FF9B9203F7F74203F1D2F203F96
:1076FC00D3E91F3FA1A41F3F875F1F3F851A1F3F80
:10770C009BD51E3FCA901E3F104C1E3F6F071E3F5D
:10771C00E6C21D3F757E1D3F1D3A1D3FDCF51C3F2B
:10772C00B4B11C3FA46D1C3FAC291C3FCCE51B3FE6
:10773C0004A21B3F555E1B3FBE1A1B3F3FD71A3F8F
:10774C00D8931A3F8A501A3F530D1A3F35CA193F26
:10775C002F87193F4244193F6C01193FAFBE183FA8
:10776C000A7C183F7E39183F09F7173FADB4173F15
:10777C006972173F3E30173F2AEE163F2FAC163F6B
:10778C004C6A163F8128163FCFE6153F34A5153FAE
:10779C00B263153F4922153FF7E0143FBE9F143FDB
:1077AC009D5E143F941D143FA3DC133FCB9B133FF2
:1077BC000B5B133F631A133FD3D9123F5B99123FF4
:1077CC00FC58123FB518123F86D8113F6F98113FE5
:1077DC007158113F8A18113FBCD8103F0699103FC1
:1077EC006859103FE319103F75DA0F3F209B0F3F8C
:1077FC00E35B0F3FBE1C0F3FB1DD0E3FBC9E0E3F47
:10780C00DF5F0E3F1B210E3F6EE20D3FDAA30D3FF3
:10781C005D650D3FF9260D3FADE80C3F79AA0C3F95
:10782C005D6C0C3F592E0C3F6DF00B3F9AB20B3F29
:10783C00DE740B3F3A370B3FAEF90A3F3ABC0A3FB6
:10784C00DF7E0A3F9B410A3F6F040A3F5BC7093F3B
:10785C005F8A093F7B4D093FAF10093FFBD3083FBF
:10786C005F97083FDA5A083F6E1E083F19E2073F40
:10787C00DDA5073FB869073FAB2D073FB6F1063FC3
:10788C00D8B5063F137A063F653E063FCF02063F4A
:10789C0050C7053FEA8B053F9B50053F6415053FDC
:1078AC0045DA043F3D9F043F4D64043F7529043F76
:1078BC00B4EE033F0BB4033F7A79033F003F033F21
:1078CC009E04033F54CA023F2190023F0556023FDB
:1078DC00011C023F15E2013F40A8013F836E013FAE
:1078EC00DD34013F4FFB003FD8C1003F7888003F9B
:1078FC00304F003F0016003FCDB9FF3EC947FF3E59
:10790C00F4D5FE3E4D64FE3ED5F2FD3E8C81FD3E2F
:10791C007110FD3E859FFC3EC82EFC3E39BEFB3EE1
:10792C00D84DFB3EA6DDFA3EA26DFA3ECCFDF93EEB
:10793C00258EF93EAC1EF93E61AFF83E4440F83E50
:10794C0056D1F73E9662F73E03F4F63E9F85F63E1F
:10795C006917F63E60A9F53E863BF53EDACDF43E5E
:10796C005B60F43E0AF3F33EE785F33EF218F33E18
:10797C002AACF23E903FF23E24D3F13EE566F13E56
:10798C00D4FAF03EF08EF03E3A23F03EB1B7EF3E23
:10799C00564CEF3E28E1EE3E2776EE3E530BEE3E84
:1079AC00ADA0ED3E3436ED3EE8CBEC3EC961EC3E8D
:1079BC00D7F7EB3E128EEB3E7A24EB3E0FBBEA3E42
:1079CC00D151EA3EC0E8E93EDB7FE93E2417E93EAF
:1079DC0098AEE83E3A46E83E08DEE73E0376E73EE0
:1079EC002B0EE73E7EA6E63EFF3EE63EABD7E53EDF
:1079FC008470E53E8A09E53EBBA2E43E193CE43EB8
:107A0C00A3D5E33E596FE33E3C09E33E4AA3E23E75
:107A1C00843DE23EEBD7E13E7D72E13E3B0DE13E23
:107A2C0025A8E03E3A43E03E7CDEDF3EE979DF3ECE
:107A3C008115DF3E45B1DE3E354DDE3E50E9DD3E83
:107A4C009785DD3E0922DD3EA6BEDC3E6F5BDC3E4B
:107A5C0063F8DB3E8295DB3ECD32DB3E42D0DA3E34
:107A6C00E36DDA3EAE0BDA3EA5A9D93EC647D93E48
:107A7C0012E6D83E8984D83E2B23D83EF8C1D73E97
:107A8C00EF60D73E1100D73E5D9FD63ED43ED63E2A
:107A9C0076DED53E427ED53E381ED53E58BED43E0F
:107AAC00A35ED43E18FFD33EB89FD33E8140D33E55
:107ABC0074E1D23E9282D23ED923D23E4BC5D13E06
:107ACC00E666D13EAB08D13E9AAAD03EB34CD03E2E
:107ADC00F5EECF3E6191CF3EF633CF3EB5D6CE3EDE
:107AEC009E79CE3EB01CCE3EEBBFCD3E5063CD3E1C
:107AFC00DE06CD3E95AACC3E754ECC3E7EF2CB3EFC
:107B0C00B196CB3E0C3BCB3E91DFCA3E3E84CA3E87
:107B1C001429CA3E13CEC93E3B73C93E8B18C93ECD
:107B2C0004BEC83EA663C83E7009C83E63AFC73EDC
:107B3C007E55C73EC2FBC63E2EA2C63EC248C63EBE
:107B4C007EEFC53E6396C53E6F3DC53EA4E4C43E84
:107B5C00018CC43E8633C43E32DBC33E0783C33E36
:107B6C00032BC33E27D3C23E737BC23EE723C23EE8
:107B7C0082CCC13E4475C13E2E1EC13E40C7C03EA4
:107B8C007970C03ED919C03E60C3BF3E0F6DBF3E79
:107B9C00E516BF3EE2C0BE3E066BBE3E5115BE3E74
:107BAC00C3BFBD3E5C6ABD3E1C15BD3E02C0BC3EA3
:107BBC000F6BBC3E4316BC3E9EC1BB3E1F6DBB3E15
:107BCC00C718BB3E95C4BA3E8A70BA3EA51CBA3ED5
:107BDC00E6C8B93E4E75B93EDB21B93E8FCEB83EF4
:107BEC00697BB83E6928B83E8FD5B73EDB82B73E7D
:107BFC004D30B73EE5DDB63EA28BB63E8539B63E7E
:107C0C008EE7B53EBC95B53E1044B53E8AF2B43E07
:107C1C0028A1B43EED4FB43ED6FEB33EE5ADB33E27
:107C2C00195DB33E730CB33EF1BBB23E946BB23EE6
:107C3C005D1BB23E4ACBB13E5D7BB13E942BB13E57
:107C4C00F0DBB03E718CB03E163DB03EE0EDAF3E89
:107C5C00CF9EAF3EE24FAF3E1901AF3E75B2AE3E86
:107C6C00F663AE3E9A15AE3E63C7AD3E5079AD3E5F
:107C7C00612BAD3E97DDAC3EF08FAC3E6D42AC3E21
:107C8C000FF5AB3ED4A7AB3EBD5AAB3EC90DAB3ED8
:107C9C00FAC0AA3E4E74AA3EC527AA3E61DBA93E95
:107CAC001F8FA93E0143A93E07F7A83E30ABA83E63
:107CBC007C5FA83EEB13A83E7DC8A73E337DA73E54
:107CCC000C32A73E07E7A63E269CA63E6751A63E71
:107CDC00CB06A63E52BCA53EFC71A53EC927A53ECF
:107CEC00B8DDA43EC993A43EFD49A43E5400A43E75
:107CFC00CDB6A33E686DA33E2624A33E06DBA23E72
:107D0C000892A23E2C49A23E7200A23EDBB7A13ED5
:107D1C00656FA13E1127A13EDFDEA03ECF96A03EAF
:107D2C00E14EA03E1407A03E69BF9F3EDF779F3E09
:107D3C0078309F3E31E99E3E0CA29E3E085B9E3EF3
:107D4C0026149E3E65CD9D3EC5869D3E47409D3E7C
:107D5C00E9F99C3EADB39C3E916D9C3E97279C3EB1
:107D6C00BDE19B3E049C9B3E6C569B3EF5109B3E9E
:107D7C009ECB9A3E68869A3E53419A3E5EFC993E53
:107D8C008AB7993ED672993E422E993ECFE9983EDB
:107D9C007CA5983E4961983E361D983E44D9973E45
:107DAC007195973EBF51973E2C0E973EB9CA963EA1
:107DBC006687963E3344963E2001963E2CBE953EF9
:107DCC00587B953EA338953E0EF6943E99B3943E5F
:107DDC004371943E0C2F943EF4EC933EFCAA933EDC
:107DEC002369933E6927933ECFE5923E53A4923E7E
:107DFC00F662923EB821923E99E0913E999F913E57
:107E0C00B85E913EF61D913E52DD903ECC9C903E6C
:107E1C00665C903E1E1C903EF4DB8F3EE99B8F3ED1
:107E2C00FC5B8F3E2D1C8F3E7DDC8E3EEB9C8E3E94
:107E3C00775D8E3E211E8E3EE9DE8D3ED09F8D3EBF
:107E4C00D4608D3EF6218D3E36E38C3E94A48C3E60
:107E5C000F668C3EA9278C3E60E98B3E34AB8B3E83
:107E6C00266D8B3E362F8B3E63F18A3EADB38A3E38
:107E7C0015768A3E9A388A3E3CFB893EFCBD893E8B
:107E8C00D880893ED243893EE906893E1CCA883E89
:107E9C006D8D883EDB50883E6514883E0CD8873E3D
:107EAC00D09B873EB15F873EAE23873EC8E7863EB8
:107EBC00FEAB863E5170863EC034863E4CF9853E04
:107ECC00F4BD853EB882853E9947853E960C853E2D
:107EDC00AFD1843EE496843E355C843EA221843E40
:107EEC002BE7833ED0AC833E9072833E6D38833E4D
:107EFC0065FE823E79C4823EA98A823EF450823E5F
:107F0C005B17823EDDDD813E7BA4813E346B813E7E
:107F1C000832813EF8F8803E03C0803E2987803EBF
:107F2C006B4E803EC715803E7EBA7F3EA3497F3E96
:107F3C00FED87E3E8F687E3E56F87D3E52887D3E52
:107F4C0084187D3EEBA87C3E88397C3E5ACA7B3E29
:107F5C00615B7B3E9EEC7A3E0F7E7A3EB50F7A3E9D
:107F6C0090A1793EA033793EE4C5783E5C58783ECA
:107F7C000AEB773EEB7D773E0111773E4AA4763EC5
:107F8C00C837763E7ACB753E5F5F753E79F3743EAB
:107F9C00C687743E461C743EFAB0733EE245733E8F
:107FAC00FCDA723E4A70723ECB05723E7F9B713E8C
:107FBC006631713E80C7703ECC5D703E4BF46F3EB7
:107FCC00FD8A6F3EE1216F3EF7B86E3E40506E3E2B
:107FDC00BBE76D3E677F6D3E46176D3E57AF6C3EFF
:107FEC009A476C3E0EE06B3EB4786B3E8B116B3E49
:107FFC0094AA6A3ECF436A3E3ADD693ED776693E23
:10800C00A510693EA3AA683ED344683E33DF673EA1
:10801C00C579673E8614673E79AF663E9C4A663EDC
:10802C00EFE5653E7281653E261D653E0AB9643EEC
:10803C001D55643E61F1633ED58D633E782A633EE7
:10804C004BC7623E4D64623E7F01623EE09E613EE4
:10805C00713C613E31DA603E2078603E3E16603EF7
:10806C008BB45F3E07535F3EB1F15E3E8A905E3E3D
:10807C00922F5E3EC9CE5D3E2D6E5D3EC10D5D3EC6
:10808C0082AD5C3E724D5C3E8FED5B3EDB8D5B3EAC
:10809C00542E5B3EFCCE5A3ED16F5A3ED4105A3E03
:1080AC0004B2593E6253593EEDF4583EA696583EE2
:1080BC008C38583E9FDA573EDF7C573E4C1F573E5C
:1080CC00E6C1563EAC64563EA007563EC0AA553E8D
:1080DC000C4E553E85F1543E2B95543EFD38543E86
:1080EC00FBDC533E2581533E7B25533EFDC9523E5E
:1080FC00AB6E523E8513523E8BB8513EBC5D513E29
:10810C001903513EA1A8503E554E503E34F44F3EFB
:10811C003E9A4F3E73404F3ED4E64E3E5F8D4E3EF0
:10812C0015344E3EF7DA4D3E03824D3E39294D3E15
:10813C009AD04C3E26784C3EDC1F4C3EBCC74B3E86
:10814C00C76F4B3EFC174B3E5BC04A3EE4684A3E51
:10815C0097114A3E74BA493E7A63493EAB0C493E8C
:10816C0005B6483E885F483E3509483E0BB3473E4E
:10817C000B5D473E3407473E86B1463E015C463EAA
:10818C00A506463E72B1453E685C453E8607453EB7
:10819C00CEB2443E3D5E443ED609443E97B5433E86
:1081AC008061433E920D433ECBB9423E2D66423E2A
:1081BC00B712423E69BF413E436C413E4519413EB8
:1081CC006EC6403EBF73403E3821403ED8CE3F3E47
:1081DC00A07C3F3E8F2A3F3EA6D83E3EE3863E3EE5
:1081EC0048353E3ED4E33D3E87923D3E61413D3EA7
:1081FC0062F03C3E899F3C3ED74E3C3E4CFE3B3EA3
:10820C00E8AD3B3EAA5D3B3E920D3B3EA0BD3A3EE7
:10821C00D56D3A3E301E3A3EB2CE393E597F393E8C
:10822C002630393E19E1383E3292383E7143383EA1
:10823C00D5F4373E5FA6373E0F58373EE409373E3C
:10824C00DEBB363EFE6D363E4320363EADD2353E6D
:10825C003C85353EF037353ECAEA343EC89D343E47
:10826C00EB50343E3204343E9FB7333E2F6B333EDB
:10827C00E51E333EBFD2323EBD86323EE03A323E40
:10828C0027EF313E92A3313E2158313ED40C313E82
:10829C00ABC1303EA776303EC52B303E08E12F3EB9
:1082AC006F962F3EF94B2F3EA6012F3E77B72E3EF1
:1082BC006C6D2E3E83232E3EBFD92D3E1D902D3E40
:1082CC009E462D3E43FD2C3E0AB42C3EF56A2C3EB8
:1082DC0002222C3E32D92B3E85902B3EFB472B3E67
:1082EC0093FF2A3E4EB72A3E2B6F2A3E2B272A3E5F
:1082FC004DDF293E9197293EF74F293E8008293EB4
:10830C002AC1283EF779283EE532283EF6EB273E77
:10831C0028A5273E7C5E273EF117273E89D1263EB5
:10832C00418B263E1C45263E17FF253E34B9253E83
:10833C007373253ED22D253E53E8243EF4A2243EF1
:10834C00B75D243E9B18243EA0D3233EC58E233E0E
:10835C000B4A233E7205233EFAC0223EA27C223EEB
:10836C006A38223E53F4213E5DB0213E876C213E9B
:10837C00D128213E3BE5203EC5A1203E705E203E2B
:10838C003A1B203E25D81F3E2F951F3E59521F3EAB
:10839C00A30F1F3E0CCD1E3E958A1E3E3E481E3E30
:1083AC0006061E3EEEC31D3EF5811D3E1C401D3EC5
:1083BC0061FE1C3EC6BC1C3E4A7B1C3EED391C3E7D
:1083CC00AFF81B3E90B71B3E90761B3EAF351B3E65
:1083DC00EDF41A3E49B41A3EC4731A3E5E331A3E8B
:1083EC0016F3193EECB2193EE172193EF532193E04
:1083FC0026F3183E76B3183EE473183E7034183EDC
:10840C001BF5173EE3B5173EC976173ECD37173E21
:10841C00EFF8163E2FBA163E8C7B163E073D163EE5
:10842C00A0FE153E56C0153E2A82153E1B44153E35
:10843C002906153E55C8143E9E8A143E044D143E22
:10844C00870F143E28D2133EE594133EBF57133EBC
:10845C00B71A133ECBDD123EFCA0123E4964123E0D
:10846C00B427123E3BEB113EDEAE113E9E72113E26
:10847C007B36113E73FA103E89BE103EBA82103E16
:10848C000847103E720B103EF8CF0F3E9A940F3EE9
:10849C0058590F3E321E0F3E28E30E3E3AA80E3EB0
:1084AC00676D0E3EB1320E3E16F80D3E96BD0D3E7A
:1084BC0032830D3EEA480D3EBD0E0D3EACD40C3E53
:1084CC00B69A0C3EDB600C3E1B270C3E77ED0B3E48
:1084DC00EEB30B3E807A0B3E2D410B3EF5070B3E67
:1084EC00D8CE0A3ED5950A3EEE5C0A3E21240A3EC1
:1084FC006FEB093ED8B2093E5B7A093EF941093E61
:10850C00B109093E84D1083E7199083E7961083E53
:10851C009B29083ED7F1073E2DBA073E9E82073EA7
:10852C00284B073ECD13073E8BDC063E64A5063E6A
:10853C00566E063E6337063E8900063EC8C9053EA8
:10854C002293053E955C053E2226053EC8EF043E6F
:10855C0087B9043E6183043E534D043E5F17043ECD
:10856C0084E1033EC2AB033E1A76033E8B40033ECE
:10857C00140B033EB7D5023E73A0023E486B023E7D
:10858C003536023E3C01023E5BCC013E9397013EE8
:10859C00E362013E4D2E013ECEF9003E69C5003E20
:1085AC001C91003EE75C003ECB28003E8EE9FF3D6F
:1085BC00B781FF3D101AFF3D9AB2FE3D544BFE3D74
:1085CC003FE4FD3D597DFD3DA416FD3D1EB0FC3D37
:1085DC00C849FC3DA2E3FB3DAC7DFB3DE517FB3DF3
:1085EC004EB2FA3DE64CFA3DAEE7F93DA482F93DB8
:1085FC00CA1DF93D1FB9F83DA254F83D55F0F73DA1
:10860C00368CF73D4628F73D84C4F63DF160F63DC7
:10861C008CFDF53D559AF53D4D37F53D73D4F43D44
:10862C00C671F43D480FF43DF7ACF33DD44AF33D2D
:10863C00DFE8F23D1887F23D7D25F23D10C4F13D97
:10864C00D162F13DBE01F13DD9A0F03D2140F03D9C
:10865C0096DFEF3D377FEF3D051FEF3D00BFEE3D51
:10866C00285FEE3D7CFFED3DFC9FED3DA840ED3DD0
:10867C0081E1EC3D8682EC3DB723EC3D14C5EB3D2E
:10868C009D66EB3D5208EB3D32AAEA3D3E4CEA3D7D
:10869C0076EEE93DD890E93D6733E93D20D6E83DDB
:1086AC000579E83D151CE83D50BFE73DB562E73D57
:1086BC004606E73D01AAE63DE74DE63DF8F1E53D0E
:1086CC003396E53D993AE53D29DFE43DE383E43D0E
:1086DC00C728E43DD6CDE33D0E73E33D7118E33D71
:1086EC00FDBDE23DB363E23D9209E23D9CAFE13D4D
:1086FC00CE55E13D2BFCE03DB0A2E03D5F49E03DB5
:10870C0037F0DF3D3897DF3D623EDF3DB6E5DE3DBD
:10871C00328DDE3DD634DE3DA4DCDD3D9A84DD3D7C
:10872C00B92CDD3D00D5DC3D6F7DDC3D0726DC3D05
:10873C00C7CEDB3DAF77DB3DBF20DB3DF8C9DA3D73
:10874C005873DA3DE01CDA3D90C6D93D6770D93DCF
:10875C00661AD93D8DC4D83DDB6ED83D5019D83D35
:10876C00EDC3D73DB06ED73D9B19D73DADC4D63DBB
:10877C00E66FD63D461BD63DCDC6D53D7B72D53D6D
:10878C004F1ED53D4ACAD43D6B76D43DB322D43D61
:10879C0021CFD33DB57BD33D7028D33D51D5D23DB0
:1087AC005882D23D842FD23DD7DCD13D508AD13D69
:1087BC00EE37D13DB2E5D03D9C93D03DAB41D03DA1
:1087CC00E0EFCF3D3A9ECF3DBA4CCF3D5FFBCE3D67
:1087DC0029AACE3D1859CE3D2C08CE3D65B7CD3DCE
:1087EC00C366CD3D4616CD3DEDC5CC3DB975CC3DF2
:1087FC00AA25CC3DBFD5CB3DF985CB3D5736CB3DDE
:10880C00DAE6CA3D8197CA3D4C48CA3D3BF9C93DA1
:10881C004EAAC93D855BC93DE00CC93D5EBEC83D55
:10882C000170C83DC721C83DB1D3C73DBE85C73D0A
:10883C00EF37C73D43EAC63DBB9CC63D564FC63DD0
:10884C001402C63DF5B4C53DF967C53D201BC53DB9
:10885C006ACEC43DD781C43D6735C43D1AE9C33DDA
:10886C00EF9CC33DE650C33D0105C33D3DB9C23D40
:10887C009C6DC23D1E22C23DC1D6C13D878BC13D00
:10888C006F40C13D79F5C03DA5AAC03DF35FC03D29
:10889C006215C03DF4CABF3DA780BF3D7C36BF3DCD
:1088AC0072ECBE3D8AA2BE3DC358BE3D1E0FBE3DFE
:1088BC009AC5BD3D377CBD3DF632BD3DD5E9BC3DCD
:1088CC00D6A0BC3DF857BC3D3A0FBC3D9EC6BB3D47
:1088DC00227EBB3DC735BB3D8DEDBA3D73A5BA3D80
:1088EC007A5DBA3DA115BA3DE9CDB93D5186B93D88
:1088FC00D93EB93D82F7B83D4AB0B83D3369B83D71
:10890C003C22B83D65DBB73DAE94B73D174EB73D45
:10891C009F07B73D47C1B63D0F7BB63DF634B63D1C
:10892C00FDEEB53D24A9B53D6A63B53DCF1DB53D02
:10893C0054D8B43DF792B43DBA4DB43D9C08B43D07
:10894C009EC3B33DBE7EB33DFD39B33D5BF5B23D39
:10895C00D8B0B23D736CB23D2D28B23D06E4B13DAA
:10896C000000803FABF89937941D96392B41B63AED
:10897C00110E883B93BE1A3CEDA2933C6EF8F83C6A
:10898C00EA873F3D9E4A893D1D21BA3D5C3BF13D46
:10899C0017AD163E2C97363EB7B9573EDA80793E66
:1089AC0014B68D3E4B889E3E260CAF3E9020BF3EAB
:1089BC0023ADCE3EE2A0DD3EF3F0EB3E6E97F93EEA
:1089CC002749033F4871093FB6450F3FDDC8143FA7
:1089DC00BAFD193FABE71E3F438A233F32E9273FDD
:1089EC002C082C3FD8EA2F3FC494333F5F09373F04
:1089FC00F34B3A3F9F5F3D3F5847403FE705433FAE
:108A0C00EC9D453FDC11483F04644A3F89964C3F3E
:108A1C006DAB4E3F8FA4503FAD83523F674A543FDE
:108A2C0040FA553FA094573FD61A593F1B8E5A3FD8
:108A3C0093EF5B3F4B405D3F41815E3F60B35F3FD7
:108A4C0084D7603F78EE613FFEF8623FC6F7633F24
:108A5C0078EB643FB0D4653F00B4663FEF89673F65
:108A6C00FE56683FA51B693F53D8693F728D6A3F1C
:108A7C00653B6B3F89E26B3F34836C3FB91D6D3FA7
:108A8C0065B26D3F80416E3F4FCB6E3F11506F3FD3
:108A9C0005D06F3F624B703F60C2703F3135713F04
:108AAC0005A4713F0A0F723F6C76723F52DA723F27
:108ABC00E43A733F4698733F9CF2733F054A743F08
:108ACC00A19E743F8FF0743FE93F753FCB8C753F8F
:108ADC004ED7753F8A1F763F9665763F89A9763FBC
:108AEC0077EB763F742B773F9269773FE5A5773F1D
:108AFC007CE0773F6919783FBB50783F8286783F9E
:108B0C00CBBA783FA4ED783F1A1F793F3A4F793FA3
:108B1C000F7E793FA6AB793F09D8793F42037A3F64
:108B2C005C2D7A3F60567A3F587E7A3F4CA57A3F4F
:108B3C0045CB7A3F4AF07A3F65147B3F9C377B3FAD
:108B4C00F7597B3F7C7B7B3F329C7B3F20BC7B3F40
:108B5C004CDB7B3FBBF97B3F74177C3F7C347C3F09
:108B6C00D8507C3F8D6C7C3FA0877C3F17A27C3F0C
:108B7C00F4BB7C3F3ED57C3FF8ED7C3F26067D3F29
:108B8C00CC1D7D3FEE347D3F904B7D3FB5617D3FED
:108B9C0061777D3F968C7D3F59A17D3FACB57D3F84
:108BAC0092C97D3F0EDD7D3F23F07D3FD3027E3F9A
:108BBC0022157E3F11277E3FA3387E3FDB497E3F47
:108BCC00BB5A7E3F456B7E3F7B7B7E3F5F8B7E3F00
:108BDC00F39A7E3F3AAA7E3F35B97E3FE6C77E3F89
:108BEC004ED67E3F70E47E3F4DF27E3FE7FF7E3FE8
:108BFC00400D7F3F581A7F3F31277F3FCE337F3F59
:108C0C002E407F3F554C7F3F42587F3FF7637F3F5D
:108C1C00766F7F3FBF7A7F3FD4857F3FB7907F3F92
:108C2C00679B7F3FE7A57F3F36B07F3F57BA7F3FBB
:108C3C004BC47F3F11CE7F3FACD77F3F1CE17F3FC2
:108C4C0062EA7F3F7FF37F3F73FC7F3FA002803F50
:108C5C00F306803F340B803F610F803F7D13803FD4
:108C6C008717803F7F1B803F661F803F3D23803FDF
:108C7C000327803FB82A803F5E2E803FF531803F2E
:108C8C007C35803FF538803F5E3C803FBA3F803F6B
:108C9C000743803F4746803F7849803F9D4C803F4B
:108CAC00B44F803FBF52803FBD55803FAF58803F8F
:108CBC00945B803F6E5E803F3C61803FFE63803FF3
:108CCC00B566803F6169803F026C803F986E803F43
:108CDC002371803FA573803F1C76803F8978803F4D
:108CEC00EC7A803F457D803F957F803FDC81803FE3
:108CFC001984803F4D86803F7988803F9B8A803FD6
:108D0C00B58C803FC78E803FD090803FD192803F02
:108D1C00CA94803FBB96803FA498803F859A803F41
:108D2C005F9C803F319E803FFC9F803FC0A1803F75
:108D3C007DA3803F32A5803FE1A6803F89A8803F7C
:108D4C002AAA803FC4AB803F58AD803FE6AE803F3F
:108D5C006DB0803FEEB1803F69B3803FDEB4803FA1
:108D6C004CB6803FB5B7803F19B9803F76BA803F8B
:108D7C00CEBB803F20BD803F6DBE803FB4BF803FE7
:108D8C00F6C0803F33C2803F6BC3803F9DC4803FA1
:108D9C00CBC5803FF3C6803F17C8803F36C9803FA4
:108DAC0050CA803F65CB803F76CC803F82CD803FE0
:108DBC0089CE803F8CCF803F8BD0803F85D1803F48
:108DCC007BD2803F6DD3803F5BD4803F44D5803FC6
:108DDC002AD6803F0BD7803FE8D7803FC2D8803F50
:108DEC0097D9803F69DA803F37DB803F01DC803FD9
:108DFC00C7DC803F8ADD803F49DE803F05DF803F56
:108E0C00BDDF803F72E0803F23E1803FD1E1803FB6
:108E1C007BE2803F22E3803FC6E3803F66E4803FF5
:108E2C0004E5803F9EE5803F35E6803FC9E6803F04
:108E3C005AE7803FE8E7803F72E8803FFAE8803FDE
:108E4C007FE9803F01EA803F80EA803FFDEA803F76
:108E5C0076EB803FEDEB803F61EC803FD2EC803FC6
:108E6C0041ED803FACED803F16EE803F7CEE803FC5
:108E7C00E0EE803F42EF803FA1EF803FFDEF803F6F
:108E8C0057F0803FAFF0803F04F1803F57F1803FB7
:108E9C00A7F1803FF5F1803F41F2803F8AF2803F9D
:108EAC00D1F2803F16F3803F58F3803F99F3803F17
:108EBC00D7F3803F13F4803F4CF4803F84F4803F21
:108ECC00BAF4803FEDF4803F1EF5803F4EF5803FB5
:108EDC007BF5803FA6F5803FCFF5803FF6F5803FD0
:108EEC001CF6803F3FF6803F60F6803F80F6803F67
:108EFC009DF6803FB9F6803FD3F6803FEBF6803F7E
:108F0C0001F7803F15F7803F27F7803F38F7803F08
:108F1C0047F7803F54F7803F60F7803F69F7803F09
:108F2C0071F7803F78F7803F7CF7803F7FF7803F79
:108F3C0080F7803F80F7803F7EF7803F7AF7803F55
:108F4C0075F7803F6EF7803F66F7803F5CF7803F98
:108F5C0050F7803F43F7803F34F7803F24F7803F42
:108F6C0012F7803FFFF6803FEBF6803FD4F6803F50
:108F7C00BDF6803FA4F6803F89F6803F6DF6803FBA
:108F8C0050F6803F31F6803F11F6803FEFF5803F81
:108F9C00CDF5803FA8F5803F83F5803F5BF5803FA2
:108FAC0033F5803F09F5803FDEF4803FB2F4803F1B
:108FBC0084F4803F55F4803F25F4803FF4F3803FE8
:108FCC00C1F3803F8DF3803F57F3803F21F3803F07
:108FDC00E9F2803FB0F2803F76F2803F3AF2803F78
:108FEC00FDF1803FC0F1803F80F1803F40F1803F38
:108FFC00FFF0803FBCF0803F78F0803F33F0803F43
:10900C00EDEF803FA6EF803F5EEF803F14EF803F97
:10901C00CAEE803F7EEE803F31EE803FE3ED803F35
:10902C0094ED803F44ED803FF3EC803FA1EC803F1A
:10903C004DEC803FF9EB803FA3EB803F4DEB803F45
:10904C00F5EA803F9DEA803F43EA803FE8E9803FB4
:10905C008DE9803F30E9803FD2E8803F74E8803F63
:10906C0014E8803FB3E7803F51E7803FEFE6803F55
:10907C008BE6803F26E6803FC1E5803F5AE5803F86
:10908C00F3E4803F8AE4803F21E4803FB6E3803FF5
:10909C004BE3803FDFE2803F71E2803F03E2803FA1
:1090AC0094E1803F24E1803FB3E0803F42E0803F89
:1090BC00CFDF803F5BDF803FE7DE803F71DE803FAC
:1090CC00FBDD803F84DD803F0CDD803F93DC803F07
:1090DC0019DC803F9FDB803F23DB803FA7DA803F9A
:1090EC0029DA803FABD9803F2CD9803FADD8803F67
:1090FC002CD8803FAAD7803F28D7803FA5D6803F69
:10910C0021D6803F9CD5803F17D5803F90D4803F9F
:10911C0009D4803F81D3803FF8D2803F6FD2803F0B
:10912C00E4D1803F59D1803FCDD0803F40D0803FAB
:10913C00B2CF803F24CF803F95CE803F05CE803F7D
:10914C0074CD803FE3CC803F50CC803FBDCB803F83
:10915C0029CB803F95CA803FFFC9803F69C9803FBA
:10916C000000803F08893F3D95B68D3E7049033F16
:10917C0069082C3F1C9E453F65FA553FA1D7603FBF
:10918C001657683F78B26D3F15A4713FAF9E743F80
:10919C0083EB763FD5BA783F652D7A3FFE597B3FFE
:1091AC00DE507C3FD21D7D3F97C97D3FC05A7E3F2C
:1091BC0053D67E3F32407F3F6A9B7F3F65EA7F3FBD
:1091CC008817803F7E35803FB64F803FB666803F24
:1091DC00ED7A803FB68C803F609C803F2AAA803F0E
:1091EC004DB6803FF7C0803F50CA803F7CD2803F55
:1091FC0098D9803FBDDF803F04E5803F7FE9803F09
:10920C0041ED803F58F0803FD1F2803FBAF4803F6F
:10921C001CF6803F01F7803F71F7803F75F7803F68
:10922C0012F7803F50F6803F33F5803FC1F3803F0B
:10923C00FDF1803FEDEF803F94ED803FF5EA803FFC
:10924C0014E8803FF2E4803F94E1803FFBDD803FF7
:10925C0029DA803F21D6803FE4D1803F74CD803F16
:10926C00D2C8803F01C4803F00BF803FD3B9803F4C
:10927C0079B4803FF5AE803F46A9803F6EA3803F16
:10928C006E9D803F4697803FF790803F838A803F5A
:10929C00E983803F2B7D803F4976803F436F803F41
:1092AC001A68803FCF60803F6159803FD251803F28
:1092BC00224A803F5142803F603A803F4F32803F8C
:1092CC001E2A803FCE21803F5F19803FD110803F06
:1092DC002408803FB3FE7F3FE2EC7F3FD5DA7F3F2F
:1092EC008DC87F3F0BB67F3F4EA37F3F58907F3F8B
:1092FC00297D7F3FC0697F3F20567F3F46427F3F9D
:10930C00352E7F3FED197F3F6D057F3FB6F07E3FD9
:10931C00C9DB7E3FA5C67E3F4BB17E3FBB9B7E3FEC
:10932C00F6857E3FFB6F7E3FCB597E3F67437E3F8A
:10933C00CE2C7E3F00167E3FFEFE7D3FC9E77D3F73
:10934C005FD07D3FC2B87D3FF2A07D3FEF887D3F6F
:10935C00B8707D3F4F587D3FB33F7D3FE5267D3F45
:10936C00E50D7D3FB3F47C3F4FDB7C3FB9C17C3FC7
:10937C00F1A77C3FF98D7C3FCF737C3F74597C3FC8
:10938C00E83E7C3F2B247C3F3E097C3F21EE7B3F1B
:10939C00D3D27B3F55B77B3FA79B7B3FC97F7B3F9E
:1093AC00BC637B3F7F477B3F132B7B3F780E7B3F20
:1093BC00ADF17A3FB4D47A3F8BB77A3F359A7A3F86
:1093CC00AF7C7A3FFB5E7A3F19417A3F09237A3FA3
:1093DC00CB047A3F5FE6793FC5C7793FFEA8793F5A
:1093EC00098A793FE76A793F984B793F1B2C793F83
:1093FC00720C793F9CEC783F99CC783F6AAC783F03
:10940C000F8C783F876B783FD34A783FF329783FAE
:10941C00E708783FB0E7773F4DC6773FBEA4773F6C
:10942C000483773F1F61773F0F3F773FD41C773F13
:10943C006DFA763FDDD7763F21B5763F3C92763F8D
:10944C002C6F763FF14B763F8D28763FFF04763FAD
:10945C0047E1753F65BD753F5A99753F2575753F59
:10946C00C750753F402C753F9007753FB7E2743F6E
:10947C00B6BD743F8B98743F3873743FBD4D743FC9
:10948C001A28743F4E02743F5BDC733F3FB6733F48
:10949C00FC8F733F9269733FFF42733F461C733FCF
:1094AC0065F5723F5ECE723F2FA7723FDA7F723F37
:1094BC005E58723FBB30723FF208723F03E1713F5E
:1094CC00EEB8713FB290713F5168713FCA3F713F26
:1094DC001D17713F4BEE703F54C5703F389C703F69
:1094EC00F672703F8F49703F0420703F54F66F3F07
:1094FC007FCC6F3F87A26F3F69786F3F284E6F3FDD
:10950C00C3236F3F3AF96E3F8DCE6E3FBCA36E3FC7
:10951C00C8786E3FB14D6E3F77226E3F19F76D3FA5
:10952C0099CB6D3FF69F6D3F30746D3F48486D3F52
:10953C003E1C6D3F11F06C3FC2C36C3F51976C3FAA
:10954C00BF6A6C3F0B3E6C3F35116C3F3EE46B3F8A
:10955C0025B76B3FEC896B3F915C6B3F162F6B3FD4
:10956C007A016B3FBED36A3FE1A56A3FE3776A3F5E
:10957C00C6496A3F881B6A3F2BED693FAEBE693F07
:10958C001290693F5661693F7A32693F8003693FA7
:10959C0066D4683F2EA5683FD775683F6146683F23
:1095AC00CD16683F1AE7673F4AB7673F5B87673F4F
:1095BC004E57673F2427673FDCF6663F76C6663F0B
:1095CC00F395663F5365663F9634663FBC03663F32
:1095DC00C5D2653FB2A1653F8270653F363F653F9E
:1095EC00CD0D653F49DC643FA8AA643FEC78643F2D
:1095FC001447643F2115643F12E3633FE8B0633FB7
:10960C00A37E633F434C633FC919633F33E7623F1B
:10961C0083B4623FB981623FD54E623FD61B623F35
:10962C00BEE8613F8BB5613F3F82613FDA4E613FDF
:10963C005B1B613FC3E7603F12B4603F4880603FF3
:10964C00654C603F6918603F55E45F3F29B05F3F50
:10965C00E47B5F3F88475F3F13135F3F86DE5E3FCF
:10966C00E2A95E3F26755E3F53405E3F690B5E3F4D
:10967C0068D65D3F4FA15D3F206C5D3FDA365D3FA4
:10968C007E015D3F0BCC5C3F82965C3FE3605C3FB0
:10969C002E2B5C3F63F55B3F82BF5B3F8C895B3F4E
:1096AC0080535B3F5F1D5B3F29E75A3FDEB05A3F5B
:1096BC007F7A5A3F0A445A3F810D5A3FE4D6593FAC
:1096CC0032A0593F6C69593F9232593FA4FB583F25
:1096DC00A3C4583F8E8D583F6556583F2A1F583F9C
:1096EC00DBE7573F79B0573F0479573F7C41573FF1
:1096FC00E209573F35D2563F769A563FA562563F00
:10970C00C22A563FCDF2553FC6BA553FAE82553FA1
:10971C00844A553F4812553FFCD9543F9EA1543FB3
:10972C002F69543FB030543F20F8533F7FBF533F15
:10973C00CE86533F0D4E533F3C15533F5ADC523FA0
:10974C0069A3523F686A523F5831523F38F8513F33
:10975C0009BF513FCA85513F7D4C513F2013513FAA
:10976C00B5D9503F3CA0503FB366503F1D2D503FE4
:10977C0078F34F3FC5B94F3F04804F3F35464F3FBD
:10978C00590C4F3F6FD24E3F78984E3F735E4E3F11
:10979C0061244E3F43EA4D3F17B04D3FDE754D3FC0
:1097AC00993B4D3F48014D3FEAC64C3F7F8C4C3FA7
:1097BC0009524C3F87174C3FF9DC4B3F5FA24B3FA4
:1097CC00B9674B3F082D4B3F4CF24A3F85B74A3F98
:1097DC00B27C4A3FD5414A3FED064A3FFACB493F5E
:1097EC00FC90493FF455493FE21A493FC6DF483FD8
:1097FC009FA4483F6F69483F352E483FF1F2473FE1
:10980C00A4B7473F4D7C473FED40473F8405473F5A
:10981C0012CA463F978E463F1353463F8717463F23
:10982C00F2DB453F54A0453FAF64453F0129453F1E
:10983C004BED443F8DB1443FC775443FFA39443F2B
:10984C0025FE433F49C2433F6586433F7B4A433F26
:10985C00890E433F90D2423F9096423F8A5A423FF4
:10986C007D1E423F6AE2413F50A6413F306A413F74
:10987C000A2E413FDEF1403FACB5403F7579403F89
:10988C00383D403FF500403FADC43F3F5F883F3F10
:10989C000D4C3F3FB50F3F3F59D33E3FF7963E3FF0
:1098AC00915A3E3F261E3E3FB7E13D3F44A53D3F0A
:1098BC00CC683D3F502C3D3FD0EF3C3F4CB33C3F40
:1098CC00C5763C3F393A3C3FABFD3B3F18C13B3F73
:1098DC0083843B3FEA473B3F4E0B3B3FAFCE3A3F87
:1098EC000D923A3F68553A3FC1183A3F17DC393F61
:1098FC006B9F393FBC62393F0B26393F58E9383FE3
:10990C00A3AC383FEC6F383F3333383F78F6373FF2
:10991C00BCB9373FFE7C373F3F40373F7F03373F73
:10992C00BDC6363FFB89363F374D363F7210363F4A
:10993C00ADD3353FE796353F215A353F5A1D353F5C
:10994C0093E0343FCBA3343F0467343F3C2A343F8D
:10995C0075ED333FADB0333FE673333F1F37333FC5
:10996C0059FA323F93BD323FCE80323F0944323FE9
:10997C004607323F83CA313FC28D313F0151313FDF
:10998C004214313F85D7303FC89A303F0D5E303F8F
:10999C005421303F9DE42F3FE7A72F3F336B2F3FE0
:1099AC00822E2F3FD2F12E3F25B52E3F7A782E3FB7
:1099BC00D13B2E3F2BFF2D3F87C22D3FE6852D3F00
:1099CC0048492D3FAC0C2D3F14D02C3F7F932C3F9E
:1099DC00EC562C3F5D1A2C3FD1DD2B3F49A12B3F80
:1099EC00C4642B3F43282B3FC5EB2A3F4BAF2A3F88
:1099FC00D5722A3F62362A3FF4F9293F8ABD293FA6
:109A0C002481293FC244293F6508293F0CCC283FBB
:109A1C00B88F283F6853283F1D17283FD6DA273FB9
:109A2C00959E273F5862273F2126273FEEE9263F88
:109A3C00C1AD263F9971263F7635263F59F9253F12
:109A4C0041BD253F2F81253F2245253F1C09253F40
:109A5C001BCD243F2091243F2B55243F3C19243F00
:109A6C0053DD233F70A1233F9465233FBE29233F41
:109A7C00EEED223F25B2223F6376223FA73A223FEA
:109A8C00F2FE213F44C3213F9D87213FFD4B213FE7
:109A9C006310213FD1D4203F4699203FC35D203F26
:109AAC004622203FD1E61F3F64AB1F3FFE6F1F3F96
:109ABC00A0341F3F49F91E3FFABD1E3FB3821E3F23
:109ACC0074471E3F3D0C1E3F0ED11D3FE7951D3FB9
:109ADC00C95A1D3FB21F1D3FA4E41C3F9EA91C3F49
:109AEC00A16E1C3FAC331C3FBFF81B3FDCBD1B3FC2
:109AFC0001831B3F2F481B3F650D1B3FA5D21A3F0F
:109B0C00EE971A3F3F5D1A3F9A221A3FFEE7193F24
:109B1C006BAD193FE172193F6138193FEAFD183FEF
:109B2C007DC3183F1989183FBE4E183F6E14183F5D
:109B3C0027DA173FEA9F173FB765173F8D2B173F63
:109B4C006EF1163F58B7163F4D7D163F4C43163FEE
:109B5C005509163F68CF153F8595153FAD5B153FF1
:109B6C00DF21153F1CE8143F63AE143FB574143F5E
:109B7C00123B143F7901143FEBC7133F678E133F21
:109B8C00EF54133F811B133F1FE2123FC7A8123F34
:109B9C007A6F123F3936123F03FD113FD8C3113F84
:109BAC00B88A113FA451113F9A18113F9DDF103F05
:109BBC00ABA6103FC46D103FE934103F19FC0F3FAA
:109BCC0055C30F3F9D8A0F3FF1510F3F50190F3F67
:109BDC00BCE00E3F33A80E3FB66F0E3F45370E3F2D
:109BEC00E1FE0D3F88C60D3F3B8E0D3FFB550D3FF3
:109BFC00C71D0D3F9FE50C3F83AD0C3F74750C3FAB
:109C0C00713D0C3F7B050C3F91CD0B3FB4950B3F49
:109C1C00E35D0B3F1F260B3F68EE0A3FBDB60A3FC4
:109C2C001F7F0A3F8E470A3F09100A3F92D8093F0F
:109C3C0027A1093FC969093F7932093F35FB083F24
:109C4C00FEC3083FD58C083FB855083FA91E083FF6
:109C5C00A7E7073FB3B0073FCB79073FF142073F78
:109C6C00240C073F65D5063FB39E063F0F68063FA1
:109C7C007831063FEFFA053F73C4053F058E053F6B
:109C8C00A457053F5121053F0CEB043FD5B4043FCD
:109C9C00AB7E043F9048043F8212043F82DC033FBA
:109CAC0090A6033FAC70033FD63A033F0D05033F2C
:109CBC0053CF023FA799023F0A64023F7A2E023F1C
:109CCC00F8F8013F85C3013F208E013FC958013F81
:109CDC008023013F46EE003F1AB9003FFD83003F51
:109CEC00ED4E003FED19003FF5C9FF3E2D60FF3EE4
:109CFC0083F6FE3EF58CFE3E8523FE3E32BAFD3EDB
:109D0C00FC50FD3EE3E7FC3EE87EFC3E0A16FC3EC2
:109D1C004AADFB3EA744FB3E21DCFA3EBA73FA3E49
:109D2C00700BFA3E43A3F93E343BF93E43D3F83E65
:109D3C00706BF83EBB03F83E249CF73EAA34F73E0A
:109D4C004FCDF63E1266F63EF3FEF53EF297F53E2B
:109D5C000F31F53E4ACAF43EA463F43E1CFDF33EBB
:109D6C00B296F33E6730F33E3ACAF23E2B64F23EB3
:109D7C003BFEF13E6A98F13EB732F13E23CDF03E08
:109D8C00AE67F03E5702F03E1F9DEF3E0638EF3EA9
:109D9C000BD3EE3E306EEE3E7309EE3ED5A4ED3E97
:109DAC005640ED3EF6DBEC3EB677EC3E9413EC3EC3
:109DBC0091AFEB3EAD4BEB3EE9E7EA3E4384EA3E26
:109DCC00BD20EA3E56BDE93E0F5AE93EE6F6E83EB6
:109DDC00DD93E83EF430E83E29CEE73E7E6BE73E6D
:109DEC00F308E73E87A6E63E3A44E63E0DE2E53E42
:109DFC000080E53E121EE53E43BCE43E955AE43E2F
:109E0C0005F9E33E9697E33E4636E33E16D5E23E31
:109E1C000674E23E1513E23E44B2E13E9351E13E3C
:109E2C0002F1E03E9090E03E3F30E03E0DD0DF3E50
:109E3C00FB6FDF3E0910DF3E37B0DE3E8550DE3E65
:109E4C00F3F0DD3E8091DD3E2E32DD3EFCD2DC3E79
:109E5C00EA73DC3EF814DC3E26B6DB3E7457DB3E80
:109E6C00E2F8DA3E709ADA3E1F3CDA3EEDDDD93E7E
:109E7C00DC7FD93EEB21D93E1AC4D83E6966D83E68
:109E8C00D808D83E68ABD73E174ED73EE7F0D63E43
:109E9C00D793D63EE836D63E19DAD53E6A7DD53E06
:109EAC00DB20D53E6DC4D43E1E68D43EF10BD43EAF
:109EBC00E3AFD33EF653D33E29F8D23E7C9CD23E40
:109ECC00F040D23E84E5D13E398AD13E0E2FD13EB0
:109EDC0003D4D03E1979D03E4F1ED03EA5C3CF3E01
:109EEC001C69CF3EB30ECF3E6AB4CE3E425ACE3E34
:109EFC003B00CE3E53A6CD3E8D4CCD3EE6F2CC3E45
:109F0C006099CC3EFA3FCC3EB5E6CB3E908DCB3E35
:109F1C008C34CB3EA8DBCA3EE482CA3E412ACA3E00
:109F2C00BED1C93E5C79C93E1A21C93EF9C8C83EAA
:109F3C00F870C83E1719C83E57C1C73EB769C73E2F
:109F4C003712C73ED8BAC63E9963C63E7B0CC63E96
:109F5C007DB5C53EA05EC53EE207C53E46B1C43EDA
:109F6C00C95AC43E6D04C43E31AEC33E1658C33EFE
:109F7C001B02C33E40ACC23E8656C23EEC00C23E03
:109F8C0072ABC13E1956C13EE000C13EC7ABC03EEC
:109F9C00CF56C03EF701C03E3FADBF3EA758BF3EB7
:109FAC003004BF3ED9AFBE3EA25BBE3E8B07BE3E69
:109FBC0095B3BD3EBE5FBD3E080CBD3E72B8BC3E07
:109FCC00FD64BC3EA711BC3E72BEBB3E5D6BBB3E8E
:109FDC006818BB3E93C5BA3EDE72BA3E4920BA3E03
:109FEC00D5CDB93E807BB93E4C29B93E37D7B83E6A
:109FFC004385B83E6E33B83EBAE1B73E2690B73EC5
:10A00C00B13EB73E5DEDB63E289CB63E144BB63E17
:10A01C001FFAB53E4AA9B53E9658B53E0108B53E65
:10A02C008CB7B43E3667B43E0117B43EEBC6B33EB4
:10A03C00F676B33E2027B33E69D7B23ED387B23E05
:10A04C005C38B23E05E9B13ECE99B13EB64AB13E5E
:10A05C00BEFBB03EE5ACB03E2D5EB03E940FB03EC4
:10A06C001AC1AF3EC072AF3E8524AF3E6AD6AE3E3B
:10A07C006F88AE3E933AAE3ED7ECAD3E3A9FAD3EC6
:10A08C00BC51AD3E5E04AD3E1FB7AC3E006AAC3E6B
:10A09C00FF1CAC3E1FD0AB3E5D83AB3EBB36AB3E34
:10A0AC0038EAAA3ED49DAA3E9051AA3E6B05AA3E20
:10A0BC0065B9A93E7E6DA93EB621A93E0DD6A83E36
:10A0CC00848AA83E193FA83ECEF3A73EA1A8A73E7E
:10A0DC00945DA73EA512A73ED6C7A63E257DA63EFB
:10A0EC009332A63E20E8A53ECC9DA53E9753A53EB7
:10A0FC008109A53E89BFA43EB075A43EF62BA43EB3
:10A10C005BE2A33EDE98A33E804FA33E4106A33EF6
:10A11C0020BDA23E1E74A23E3A2BA23E75E2A13E89
:10A12C00CE99A13E4651A13EDC08A13E91C0A03E75
:10A13C006478A03E5530A03E65E89F3E93A09F3EBC
:10A14C00E0589F3E4A119F3ED3C99E3E7A829E3E66
:10A15C00403B9E3E23F49D3E25AD9D3E44669D3E78
:10A16C00821F9D3EDED89C3E58929C3EF04B9C3EFE
:10A17C00A5059C3E79BF9B3E6B799B3E7A339B3EFB
:10A18C00A7ED9A3EF2A79A3E5B629A3EE21C9A3E7B
:10A19C0086D7993E4992993E284D993E2608993E7C
:10A1AC0041C3983E797E983ED039983E43F5973E10
:10A1BC00D4B0973E836C973E4F28973E39E4963E39
:10A1CC0040A0963E645C963EA518963E04D5953EFE
:10A1DC008091953E194E953ED00A953EA3C7943E6C
:10A1EC009484943EA241943ECDFE933E15BC933E86
:10A1FC007A79933EFC36933E9BF4923E56B2923E55
:10A20C002F70923E252E923E37EC913E66AA913EDF
:10A21C00B268913E1B27913EA0E5903E42A4903E31
:10A22C000063903EDB21903ED3E08F3EE79F8F3E54
:10A23C00185F8F3E651E8F3ECFDD8E3E559D8E3E48
:10A24C00F75C8E3EB61C8E3E91DC8D3E889C8D3E1E
:10A25C009C5C8D3ECC1C8D3E18DD8C3E809D8C3ED6
:10A26C00045E8C3EA41E8C3E60DF8B3E38A08B3E81
:10A27C002D618B3E3D228B3E69E38A3EB1A48A3E22
:10A28C0014668A3E94278A3E2FE9893EE6AA893EC7
:10A29C00B96C893EA82E893EB2F0883ED7B2883E72
:10A2AC001875883E7537883EEDF9873E81BC873E30
:10A2BC00307F873EFB41873EE104873EE2C7863E06
:10A2CC00FE8A863E364E863E8911863EF7D4853E02
:10A2DC008098853E255C853EE41F853EBFE3843E29
:10A2EC00B5A7843EC56B843EF12F843E37F4833E84
:10A2FC0098B8833E147D833EAB41833E5D06833E1E
:10A30C0029CB823E1190823E1255823E2F1A823EFC
:10A31C0066DF813EB7A4813E236A813EAA2F813E2F
:10A32C004BF5803E07BB803EDC80803ECD46803EB8
:10A33C00D70C803EF8A57F3E76327F3E28BF7E3E0E
:10A34C000F4C7E3E2AD97D3E79667D3EFDF37C3EE8
:10A35C00B4817C3EA00F7C3EBF9D7B3E122C7B3E8D
:10A36C0099BA7A3E54497A3E42D8793E6467793E2E
:10A37C00B9F6783E4286783EFE15783EEEA5773EDD
:10A38C001036773E66C6763EEF56763EAAE7753EA9
:10A39C009978753EBB09753E0F9B743E962C743EA6
:10A3AC004FBE733E3B50733E5AE2723EAB74723EEC
:10A3BC002F07723EE499713ECC2C713EE6BF703E85
:10A3CC003253703EB0E66F3E607A6F3E420E6F3E87
:10A3DC0055A26E3E9A366E3E11CB6D3EB95F6D3E08
:10A3EC0093F46C3E9E896C3EDB1E6C3E49B46B3E16
:10A3FC00E8496B3EB8DF6A3EB9756A3EEB0B6A3EC4
:10A40C004EA2693EE238693EA6CF683E9C66683E25
:10A41C00C1FD673E1895673E9F2C673E56C4663E4D
:10A42C003D5C663E55F4653E9D8C653E1525653E4E
:10A43C00BDBD643E9556643E9DEF633ED588633E3C
:10A44C003C22633ED4BB623E9A55623E91EF613E24
:10A45C00B689613E0B24613E90BE603E4359603E1E
:10A46C0026F45F3E388F5F3E792A5F3EE8C55E3E3C
:10A47C0087615E3E55FD5D3E51995D3E7C355D3E8E
:10A48C00D5D15C3E5D6E5C3E130B5C3EF8A75B3E2B
:10A49C000B455B3E4CE25A3EBC7F5A3E591D5A3E20
:10A4AC0025BB593E1E59593E45F7583E9A95583E84
:10A4BC001D34583ECED2573EAC71573EB710573E66
:10A4CC00F0AF563E564F563EEAEE553EAB8E553EDD
:10A4DC00992E553EB4CE543EFC6E543E700F543EF5
:10A4EC0012B0533EE150533EDCF1523E0493523EC7
:10A4FC005834523ED9D5513E8777513E6119513E61
:10A50C0067BB503E995D503EF7FF4F3E82A24F3ED7
:10A51C0038454F3E1BE84E3E298B4E3E632E4E3E39
:10A52C00C9D14D3E5A754D3E17194D3EFFBC4C3EA0
:10A53C0013614C3E53054C3EBDA94B3E534E4B3E16
:10A54C0014F34A3E00984A3E173D4A3E59E2493EB2
:10A55C00C587493E5D2D493E1FD3483E0C79483E88
:10A56C00241F483E66C5473ED26B473E6912473EA4
:10A57C002AB9463E1660463E2B07463E6BAE453E1C
:10A58C00D555453E68FD443E26A5443E0D4D443E02
:10A59C001EF5433E599D433EBD45433E4BEE423E68
:10A5AC000297423EE33F423EEDE8413E2092413E5F
:10A5BC007D3B413E02E5403EB18E403E8938403EF7
:10A5CC0089E23F3EB28C3F3E05373F3E7FE13E3E47
:10A5DC00238C3E3EEF363E3EE3E13D3E008D3D3E5C
:10A5EC0046383D3EB3E33C3E498F3C3E073B3C3E48
:10A5FC00EDE63B3EFB923B3E313F3B3E8FEB3A3E22
:10A60C0015983A3EC2443A3E97F1393E949E393EF3
:10A61C00B84B393E04F9383E77A6383E1154383ED3
:10A62C00D301383EBCAF373ECC5D373E030C373ED2
:10A63C0061BA363EE668363E9217363E64C6353E03
:10A64C005E75353E7E24353EC5D3343E3283343E72
:10A65C00C532343E7FE2333E6092333E6642333E37
:10A66C0093F2323EE6A2323E5F53323EFE03323E5E
:10A67C00C3B4313EAD65313EBE16313EF4C7303EFB
:10A68C005079303ED12A303E78DC2F3E458E2F3E1D
:10A69C0037402F3E4EF22E3E8AA42E3EEC562E3ED6
:10A6AC0073092E3E1EBC2D3EEF6E2D3EE5212D3E38
:10A6BC0000D52C3E3F882C3EA33B2C3E2CEF2B3E52
:10A6CC00DAA22B3EAC562B3EA20A2B3EBDBE2A3E36
:10A6DC00FC722A3E60272A3EE8DB293E9390293EF5
:10A6EC006345293E58FA283E6FAF283EAB64283E9E
:10A6FC000B1A283E8FCF273E3685273E013B273E3F
:10A70C00EFF0263E01A7263E365D263E8F13263EF1
:10A71C000BCA253EAB80253E6D37253E53EE243EBD
:10A72C005CA5243E875C243ED613243E48CB233EB6
:10A73C00DC82233E933A233E6DF2223E69AA223EEE
:10A74C008862223ECA1A223E2ED3213EB48B213E71
:10A75C005D44213E28FD203E15B6203E246F203E50
:10A76C005628203EA9E11F3E1E9B1F3EB5541F3E9E
:10A77C006E0E1F3E49C81E3E46821E3E643C1E3E67
:10A78C00A3F61D3E05B11D3E876B1D3E2B261D3EBF
:10A79C00F1E01C3ED79B1C3EDF561C3E08121C3EB3
:10A7AC0052CD1B3EBD881B3E49441B3EF6FF1A3E54
:10A7BC00C4BB1A3EB3771A3EC2331A3EF2EF193EAF
:10A7CC0043AC193EB468193E4525193EF7E1183ED5
:10A7DC00CA9E183EBC5B183ECF18183E03D6173ED7
:10A7EC005693173EC950173E5D0E173E10CC163EC1
:10A7FC00E389163ED647163EE905163E1BC4153EA8
:10A80C006E82153EDF40153E71FF143E21BE143E94
:10A81C00F27C143EE13B143EF0FA133E1EBA133E9A
:10A82C006C79133ED838133E63F8123E0EB8123EC4
:10A83C00D777123EC037123EC7F7113EEDB7113E27
:10A84C003278113E9538113E17F9103EB8B9103ECA
:10A85C00777A103E543B103E50FC0F3E6BBD0F3EC2
:10A86C00A37E0F3EFA3F0F3E6F010F3E02C30E3E1A
:10A87C00B3840E3E82460E3E6E080E3E79CA0D3EE5
:10A88C00A28C0D3EE84E0D3E4C110D3ECED30C3E2F
:10A89C006D960C3E2A590C3E051C0C3EFDDE0B3E03
:10A8AC0012A20B3E44650B3E94280B3E01EC0A3E73
:10A8BC008BAF0A3E32730A3EF7360A3ED8FA093E8F
:10A8CC00D6BE093EF182093E2947093E7E0B093E60
:10A8DC00EFCF083E7D94083E2859083EEF1D083EF8
:10A8EC00D2E2073ED3A7073EEF6C073E2832073E65
:10A8FC007DF7063EEFBC063E7C82063E2648063EB1
:10A90C00EC0D063ECDD3053ECB99053EE55F053EED
:10A91C001A26053E6BEC043ED9B2043E6179043E26
:10A92C000640043EC606043EA1CD033E9894033E69
:10A93C00AB5B033ED922033E22EA023E86B1023EC5
:10A94C000679023EA140023E5708023E28D0013E45
:10A95C001498013E1B60013E3D28013E7AF0003EFA
:10A96C00D1B8003E4481003ED149003E7912003EF0
:10A97C0076B6FF3D3048FF3D1FDAFE3D426CFE3D92
:10A98C009BFEFD3D2891FD3DEA23FD3DE1B6FC3DDE
:10A99C000C4AFC3D6BDDFB3DFE70FB3DC604FB3DF4
:10A9AC00C198FA3DF12CFA3D54C1F93DEB55F93DF6
:10A9BC00B5EAF83DB37FF83DE514F83D4AAAF73DFA
:10A9CC00E23FF73DADD5F63DAB6BF63DDC01F63D18
:10A9DC004098F53DD62EF53DA0C5F43D9B5CF43D6D
:10A9EC00C9F3F33D2A8BF33DBD22F33D82BAF23D10
:10A9FC007952F23DA1EAF13DFC82F13D891BF13D1A
:10AA0C0047B4F03D364DF03D57E6EF3DAA7FEF3DA4
:10AA1C002E19EF3DE3B2EE3DC94CEE3DE0E6ED3DC7
:10AA2C002881ED3DA11BED3D4AB6EC3D2451EC3D9A
:10AA3C002FECEB3D6A87EB3DD522EB3D71BEEA3D39
:10AA4C003C5AEA3D38F6E93D6492E93DBF2EE93DBA
:10AA5C004BCBE83D0668E83DF004E83D0AA2E73D33
:10AA6C00543FE73DCDDCE63D757AE63D4C18E63DBE
:10AA7C0052B6E53D8754E53DEBF2E43D7E91E43D75
:10AA8C003F30E43D2FCFE33D4E6EE33D9B0DE33D68
:10AA9C0016ADE23DBF4CE23D97ECE13D9C8CE13DB7
:10AAAC00D02CE13D31CDE03DC06DE03D7D0EE03D73
:10AABC0068AFDF3D8050DF3DC5F1DE3D3893DE3DB4
:10AACC00D834DE3DA5D6DD3D9F78DD3DC61ADD3D93
:10AADC001ABDDC3D9B5FDC3D4802DC3D22A5DB3D25
:10AAEC002948DB3D5CEBDA3DBB8EDA3D4732DA3D83
:10AAFC00FFD5D93DE379D93DF31DD93D2FC2D83DC2
:10AB0C009766D83D2A0BD83DEAAFD73DD454D73DF4
:10AB1C00EBF9D63D2C9FD63D9A44D63D32EAD53D35
:10AB2C00F58FD53DE435D53DFEDBD43D4282D43D99
:10AB3C00B128D43D4CCFD33D1076D33D001DD33D31
:10AB4C0019C4D23D5E6BD23DCC12D23D65BAD13D1B
:10AB5C002862D13D150AD13D2CB2D03D6D5AD03D65
:10AB6C00D802D03D6CABCF3D2A54CF3D12FDCE3D2B
:10AB7C0023A6CE3D5E4FCE3DC2F8CD3D4FA2CD3D7E
:10AB8C00064CCD3DE5F5CC3DEE9FCC3D204ACC3D71
:10AB9C007AF4CB3DFD9ECB3DA949CB3D7EF4CA3D1D
:10ABAC007B9FCA3DA04ACA3DEEF5C93D64A1C93D93
:10ABBC00024DC93DC9F8C83DB8A4C83DCE50C83DEA
:10ABCC000DFDC73D73A9C73D0156C73DB702C73D33
:10ABDC0094AFC63D995CC63DC509C63D19B7C53D88
:10ABEC009464C53D3612C53DFFBFC43DF06DC43DF8
:10ABFC00071CC43D45CAC33DAA78C33D3627C33D97
:10AC0C00E8D5C23DC184C23DC133C23DE7E2C13D7E
:10AC1C003392C13DA641C13D3FF1C03DFEA0C03DB8
:10AC2C00E350C03DEE00C03D1FB1BF3D7561BF3D5F
:10AC3C00F211BF3D94C2BE3D5C73BE3D4924BE3D86
:10AC4C005CD5BD3D9586BD3DF237BD3D75E9BC3D3E
:10AC5C001D9BBC3DEA4CBC3DDCFEBB3DF3B0BB3D9B
:10AC6C002F63BB3D9015BB3D16C8BA3DC07ABA3DAB
:10AC7C008F2DBA3D82E0B93D9A93B93DD646B93D88
:10AC8C0036FAB83DBBADB83D6461B83D3115B83D41
:10AC9C0022C9B73D377DB73D6F31B73DCCE5B63DE9
:10ACAC004C9AB63DF04EB63DB803B63DA3B8B53D93
:10ACBC00B16DB53DE322B53D38D8B43DB18DB43D51
:10ACCC004D43B43D0BF9B33DEDAEB33DF264B33D32
:10ACDC001A1BB33D64D1B23DD187B23D613EB23D4A
:10ACEC0014F5B13DE9ABB13DE162B13DFB19B13DAC
:10ACFC0037D1B03D9688B03D1740B03DBAF7AF3D67
:10AD0C007FAFAF3D6667AF3D6F1FAF3D9AD7AE3D8E
:10AD1C00E78FAE3D5548AE3DE500AE3D97B9AD3D34
:10AD2C006A72AD3D5F2BAD3D76E4AC3DAD9DAC3D67
:10AD3C000657AC3D8010AC3D1BCAAB3DD883AB3D38
:10AD4C00B53DAB3DB3F7AA3DD2B1AA3D126CAA3DBD
:10AD5C007326AA3DF5E0A93D979BA93D5956A93DFF
:10AD6C003C11A93D40CCA83D6487A83DA842A83D14
:10AD7C000DFEA73D92B9A73D3675A73DFB30A73D0B
:10AD8C00E0ECA63DE5A8A63D0965A63D4E21A63DF5
:10AD9C00B2DDA53D369AA53DD956A53D9C13A53DE2
:10ADAC007FD0A43D818DA43DA24AA43DE307A43DE0
:10ADBC0043C5A33DC282A33D6040A33D1DFEA23D01
:10ADCC00F9BBA23DF479A23D0E38A23D47F6A13D58
:10ADDC009FB4A13D1573A13DAA31A13D5DF0A03DED
:10ADEC002FAFA03D206EA03D2F2DA03D5CEC9F3DD4
:10ADFC00A7AB9F3D116B9F3D982A9F3D3EEA9E3D20
:10AE0C0002AA9E3DE4699E3DE4299E3D01EA9D3DDA
:10AE1C003DAA9D3D966A9D3D0C2B9D3DA1EB9C3D15
:10AE2C0053AC9C3D226D9C3D0F2E9C3D19EF9B3DE0
:10AE3C0041B09B3D86719B3DE8329B3D67F49A3D4A
:10AE4C0003B69A3DBD779A3D93399A3D86FB993D61
:10AE5C0097BD993DC37F993D0D42993D7404993D31
:10AE6C00F7C6983D9689983D524C983D2B0F983DCE
:10AE7C0020D2973D3195973D5F58973DA91B973D43
:10AE8C000FDF963D91A2963D2F66963DE929963DA2
:10AE9C00C0ED953DB2B1953DC075953DEA39953DF6
:10AEAC002FFE943D91C2943D0E87943DA64B943D4C
:10AEBC005A10943D29D5933D149A933D1B5F933DB5
:10AECC003C24933D79E9923DD1AE923D4474923D40
:10AEDC00D239923D7CFF913D40C5913D1F8B913DF8
:10AEEC001951913D2E17913D5EDD903DA9A3903DEA
:10AEFC000E6A903D8D30903D28F78F3DDCBD8F3D27
:10AF0C00AC848F3D954B8F3D99128F3DB8D98E3DBA
:10AF1C00F0A08E3D43688E3DB02F8E3D37F78D3DB2
:10AF2C00D8BE8D3D93868D3D684E8D3D57168D3D1B
:10AF3C0060DE8C3D82A68C3DBF6E8C3D15378C3D02
:10AF4C0084FF8B3D0DC88B3DB0908B3D6C598B3D78
:10AF5C0042228B3D31EB8A3D39B48A3D5B7D8A3D83
:10AF6C0096468A3DEA0F8A3D57D9893DDEA2893D36
:10AF7C007D6C893D3536893D0700893DF1C9883D99
:10AF8C00F493883D0F5E883D4428883D91F2873DBF
:10AF9C00F7BC873D7687873D0D52873DBC1C873DAE
:10AFAC0084E7863D64B2863D5D7D863D6E48863D78
:10AFBC009813863DD9DE853D33AA853DA575853D23
:10AFCC002E41853DD00C853D8AD8843D5CA4843DC2
:10AFDC004670843D473C843D6008843D92D4833D5B
:10AFEC00DAA0833D3B6D833DB339833D4206833DFF
:10AFFC00E9D2823DA89F823D7E6C823D6B39823DB9
:10B00C007006823D8BD3813DBFA0813D096E813D91
:10B01C006A3B813DE308813D72D6803D19A4803D99
:10B02C00D771803DAB3F803D960D803D31B77F3D64
:10B03C0063537F3DC3EF7E3D4F8C7E3D09297E3DA2
:10B04C00F1C57D3D05637D3D46007D3DB59D7C3D57
:10B05C00503B7C3D18D97B3D0D777B3D2E157B3DC0
:10B06C007BB37A3DF6517A3D9CF0793D6F8F793DFB
:10B07C006E2E793D98CD783DEF6C783D720C783D15
:10B08C0021AC773DFB4B773D01EC763D328C763D28
:10B09C008F2C763D18CD753DCB6D753DAA0E753D4B
:10B0AC00B4AF743DE950743D49F2733DD493733D94
:10B0BC008935733D69D7723D7479723DAA1B723D17
:10B0CC000ABE713D9460713D4803713D27A6703DE9
:10B0DC003049703D63EC6F3DC08F6F3D47336F3D22
:10B0EC00F7D66E3DD17A6E3DD51E6E3D03C36D3DD8
:10B0FC0059676D3DDA0B6D3D83B06C3D56556C3D1B
:10B10C0052FA6B3D779F6B3DC5446B3D3CEA6A3D03
:10B11C00DC8F6A3DA4356A3D95DB693DAF81693DA5
:10B12C00F127693D5CCE683DEF74683DAA1B683D14
:10B13C008DC2673D9969673DCC10673D28B8663D67
:10B14C00AB5F663D5607663D29AF653D2457653DAF
:10B15C0046FF643D90A7643D0150643D99F8633D02
:10B16C00444E4D532056657273696F6E20362E30E7
:10B17C002E7820000000A04139B418400000C841CE
:10B18C009C3316400000FC41CC7F44400000204220
:10B19C00151DC93E00004842F6970D3F00007C4249
:10B1AC00B072583F0000A042C8982B3F0000C84224
:10B1BC009FABAD3B0000FA4248E19ABE0000204331
:10B1CC0011C7BA3C000048436154923E00007A43D8
:10B1DC00CEAA4F3D00809D43F775E03C0000C8436C
:10B1EC00250601BD0000FA43A4703DBE00801D443D
:10B1FC006DE7BB3E00004844CF66153F00007A4423
:10B20C008AB0C13E00409C4465AA803E0000C84400
:10B21C004BEAE43E0000FA449FABAD3D00401C45B8
:10B22C006076CF3E00E04445B5A6793F00007A45F4
:10B23C005839CCBF00409C45EA95AEC000E0C445EF
:10B24C00371AE8C00000FA453D9BCDC000401C46B3
:10B25C00363CF3C00050434683511BC100007A4674
:10B26C008FE407C100409C46CFF77AC16100E01A19
:10B27C00E000E017F800E0070001013032010106A0
:10B28C00390101104A01012E7901010682010104E4
:10B29C00A0010106B3010104CD010110DE01011270
:10B2AC00F8010128220201124602010AAD03DB0358
:10B2BC00B103E011C303E009D80301183004E02006
:10B2CC005004B010600401228A040136C104010E3E
:10B2DC00D00401446105D026001E0196A01E015A1F
:10B2EC00001F0808101F0806201F0808301F080838
:10B2FC00401F0806601F0808701F4A02721F560480
:10B30C00761F64027A1F70027C1F7E02801F080861
:10B31C00901F0808A01F0808B01F0802D01F0802C1
:10B32C00E01F08027021F010D024E61A302CD02F28
:10B33C00672C0106802C0164002D002641FFE01AC9
:10B34C004361726420697320746F6F20736D616C3C
:10B35C006C2E0D0A00000000466F726D6174204463
:10B36C006F6E650D0A000000466F726D61742046A9
:10B37C0061696C65640D0A0042616420636C7573CD
:10B38C0074657220636F756E740D0A00446576697E
:10B39C00636520697320746F6F20736D616C6C0D25
:10B3AC000A00000057726974696E67204641542088
:10B3BC00000000002E00000057726974696E67204F
:10B3CC00757063617365207461626C650D0A0000B1
:10B3DC0057726974696E6720726F6F740D0A000082
:10B3EC00466F726D617420646F6E650D0A0000000B
:10B3FC00466F726D6174206661696C65640D0A003C
:10B40C00455846415400000011CD000015CD0000F8
:10B41C0019CD00001DCD00006CC00F40C000000015
:10B42C00504F0000313000000C00000013000000F1
:10B43C000000000024851F400B00000013000000DA
:10B44C000000000028851F400D00000013000000C4
:10B45C000000000020851F400A00000013000000BF
:10B46C00010000001C851F400000000000000000CF
:10B47C00D52B0000C12B000059260000412B0000E9
:10B48C005D2C0000F52A00009D2A00000000000041
:10B49C000000000055D90000000000000000000072
:10B4AC0091BB000025BC0000592600005D26000061
:10B4BC0089BB0000B1BB0000CDBB00000000000048
:10B4CC000000000045850000518500004985000002
:10B4DC0051860000C18D0000F18C00004D8D0000E4
:10B4EC00ED8B0000CD87000001920000618500000B
:10B4FC00D5840000918E0000C1840000C58400003A
:10B50C00CD840000D1840000E5870000219000006C
:10B51C00A98F0000018B0000B9840000C9840000D1
:10B52C0001910000298E0000C5850000000000007C
:10B53C000000000035B90000000000000000000011
:10B54C0021C700002DC7000045C70000F9BF00004F
:10B55C0075BF000059C00000CDBE0000B5BE000094
:10B56C00C1BE00000000000000000000C5C40000C7
:10B57C002DBF0000A5BE0000B1BE0000C9C3000075
:10B58C0005C400000000000000000000DDAD00005C
:10B59C000000000000000000F1B0000000000000FE
:10B5AC00000000009DAA0000000000000000000048
:10B5BC00F52C0000A52800005926000049290000A0
:10B5CC00E9280000552B000071290000612E0000B5
:10B5DC00092F00000000000000000000D52B000027
:10B5EC00C12B000059260000412B00005D2C0000EF
:10B5FC00F52A00009D2A0000000000000000000059
:10B60C00492D0000892D0000DD2A0000AD2B000023
:10B61C00A92C0000852A00002D2B0000ED2600002F
:10B62C00D12D00009D290000B929000075260000CD
:10B63C00612600009D260000B52A0000D5290000D7
:10B64C007D27000035280000C5270000092C0000CC
:10B65C0029270000000000000000000055D9000060
:10B66C00FDCE0000592600005D26000055D90000D3
:10B67C0055D9000055D90000000000000000000062
:10B68C009533000099330000A9330000B935000050
:10B69C007D350000C53400002935000071340000F0
:10B6AC00F1350000E13600001D370000F9370000CD
:10B6BC00913300000000000000000000E193000046
:10B6CC00E593000051920000D59700001DA40000E6
:10B6DC009D9D0000017B000011940000EDA3000073
:10B6EC002DA50000259E000059730000459B00000D
:10B6FC00719300007D930000459200004992000078
:10B70C004D92000089930000AD930000D19300008E
:10B71C0051980000F5930000299600009D980000B8
:10B72C0071990000CDCA0000D1CA0000D9CA00002E
:10B73C00E1CA0000D8399D270054EA2A00A4781FDA
:10B74C00007B9A17A2000000F9A2000083F9A20066
:10B75C006E83F9A24E6E83F9444E6E8315444E6E81
:10B76C002915444EFC29154427FC29155727FC297B
:10B77C00D15727FCF5D1572734F5D157DD34F5D106
:10B78C00C0DD34F5DBC0DD3462DBC0DD9562DBC0CF
:10B79C00999562DB3C999562433C999590433C9911
:10B7AC004190433C080000101000002018000030AD
:10B7BC002000000228000012300000223800003265
:10B7CC0040000004480000145000002458000034CD
:10B7DC006000000668000016700000267800003635
:10B7EC00800000088800001890000028980000389D
:10B7FC00A000000AA800001AB000002AB800003A05
:10B80C00C000000CC800001CD000002CD800003C6C
:10B81C00E000000EE800001EF000002EF800003ED4
:10B82C0000010004080140101001402018014030B4
:10B83C0020014002280140123001402238014032E0
:10B84C004001400448014014500140245801403448
:10B85C0060014006680140167001402678014036B0
:10B86C008001400888014018900140289801403818
:10B87C00A001400AA801401AB001402AB801403A80
:10B88C00C001400CC801401CD001402CD801403CE8
:10B89C00E001400EE801401EF001402EF801403E50
:10B8AC00000200080802801010028020180280306C
:10B8BC00200280022802801230028022380280325C
:10B8CC0040028004480280145002802458028034C4
:10B8DC00600280066802801670028026780280362C
:10B8EC008002800888028018900280289802803894
:10B8FC00A002800AA802801AB002802AB802803AFC
:10B90C00C002800CC802801CD002802CD802803C63
:10B91C00E002800EE802801EF002802EF802803ECB
:10B92C000003000C0803C0101003C0201803C03023
:10B93C002003800C2803C0123003C0223803C0320D
:10B94C004003C0044803C0145003C0245803C0343F
:10B95C006003C0066803C0167003C0267803C036A7
:10B96C008003C0088803C0189003C0289803C0380F
:10B97C00A003C00AA803C01AB003C02AB803C03A77
:10B98C00C003C00CC803C01CD003C02CD803C03CDF
:10B99C00E003C00EE803C01EF003C02EF803C03E47
:10B9AC000804001110040021180400312004000CBC
:10B9BC00280400133004002338040033400400052D
:10B9CC004804001550040025580400356004000795
:10B9DC0068040017700400277804003780040009FD
:10B9EC00880400199004002998040039A004000B65
:10B9FC00A804001BB004002BB804003BC004000DCD
:10BA0C00C804001DD004002DD804003DE004000F34
:10BA1C00E804001FF004002FF804003F0805401153
:10BA2C0010054021180540312005000D2805401354
:10BA3C003005402338054033480540155005402556
:10BA4C0058054035600540076805401770054027CC
:10BA5C007805403780054009880540199005402934
:10BA6C0098054039A005400BA805401BB005402B9C
:10BA7C00B805403BC005400DC805401DD005402D04
:10BA8C00D805403DE005400FE805401FF005402F6C
:10BA9C00F805403F0006400808068011100680217A
:10BAAC00180680312006C008280680133006802333
:10BABC00380680334006400948068015500680251C
:10BACC005806803560068007680680177006802748
:10BADC0078068037800680098806801990068029B0
:10BAEC0098068039A006800BA806801BB006802B18
:10BAFC00B806803BC006800DC806801DD006802D80
:10BB0C00D806803DE006800FE806801FF006802FE7
:10BB1C00F806803F0007400C0807C0111007C02131
:10BB2C001807C0312007C00C2807C0133007C023EA
:10BB3C003807C0334007400D4807C0155007C025D3
:10BB4C005807C0356007C0076807C0177007C027C3
:10BB5C007807C0378007C0098807C0199007C0292B
:10BB6C009807C039A007C00BA807C01BB007C02B93
:10BB7C00B807C03BC007C00DC807C01DD007C02DFB
:10BB8C00D807C03DE007C00FE807C01FF007C02F63
:10BB9C00F807C03F0008001008080810100808201B
:10BBAC0018080830200880102808081230080822CD
:10BBBC0038080832400800114808081450080824B6
:10BBCC0058080834600880116808081670080826A0
:10BBDC007808083680080810880808189008082883
:10BBEC0098080838A008080AA808081AB008082AF3
:10BBFC00B808083AC008080CC808081CD008082C5B
:10BC0C00D808083CE008080EE808081EF008082EC2
:10BC1C00F808083E000900140809481010094820CB
:10BC2C001809483020098014280948123009482284
:10BC3C00380948324009001548094814500948246D
:10BC4C005809483460098015680948167009482657
:10BC5C00780948368009081488094818900948283A
:10BC6C0098094838A009480AA809481AB009482A6E
:10BC7C00B809483AC009480CC809481CD009482CD6
:10BC8C00D809483CE009480EE809481EF009482E3E
:10BC9C00F809483E000A0018080A8810100A882083
:10BCAC00180A8830200A8018280A8812300A88223C
:10BCBC00380A8832400A0019480A8814500A882425
:10BCCC00580A8834600A8019680A8816700A88260F
:10BCDC00780A8836800A0818880A8818900A8828F2
:10BCEC00980A8838A00A8818A80A881AB00A882ADC
:10BCFC00B80A883AC00A880CC80A881CD00A882C52
:10BD0C00D80A883CE00A880EE80A881EF00A882EB9
:10BD1C00F80A883E000B001C080BC810100BC8203A
:10BD2C00180BC830200B801C280BC812300BC822F3
:10BD3C00380BC832400B001D480BC814500BC824DC
:10BD4C00580BC834600B801D680BC816700BC826C6
:10BD5C00780BC836800B081C880BC818900BC828A9
:10BD6C00980BC838A00B881CA80BC81AB00BC82A93
:10BD7C00B80BC83AC00BC80CC80BC81CD00BC82CCD
:10BD8C00D80BC83CE00BC80EE80BC81EF00BC82E35
:10BD9C00F80BC83E000C4010080C0811100C0821C0
:10BDAC00180C0831200CC010280C0813300C082378
:10BDBC00380C0833400C4011480C0815500C082561
:10BDCC00580C0835600CC011680C0817700C08274B
:10BDDC00780C0837800C4810880C0819900C08292E
:10BDEC00980C0839A00CC810A80C081BB00C082B18
:10BDFC00B80C083BC00C080DC80C081DD00C082D45
:10BE0C00D80C083DE00C080FE80C081FF00C082FAC
:10BE1C00F80C083F000D4014080D4811100D482176
:10BE2C00180D4831200DC014280D4813300D48232F
:10BE3C00380D4833400D4015480D4815500D482518
:10BE4C00580D4835600DC015680D4817700D482702
:10BE5C00780D4837800D4814880D4819900D4829E5
:10BE6C00980D4839A00DC814A80D481BB00D482BCF
:10BE7C00B80D483BC00D4815C80D481DD00D482DB8
:10BE8C00D80D483DE00D480FE80D481FF00D482F28
:10BE9C00F80D483F000E4018080E8811100E88212E
:10BEAC00180E8831200EC018280E8813300E8823E7
:10BEBC00380E8833400E4019480E8815500E8825D0
:10BECC00580E8835600EC019680E8817700E8827BA
:10BEDC00780E8837800E4818880E8819900E88299D
:10BEEC00980E8839A00EC818A80E881BB00E882B87
:10BEFC00B80E883BC00E4819C80E881DD00E882D70
:10BF0C00D80E883DE00E880FE80E881FF00E882FA3
:10BF1C00F80E883F000F401C080FC811100FC821E5
:10BF2C00180FC831200FC01C280FC813300FC8239E
:10BF3C00380FC833400F401D480FC815500FC82587
:10BF4C00580FC835600FC01D680FC817700FC82771
:10BF5C00780FC837800F481C880FC819900FC82954
:10BF6C00980FC839A00FC81CA80FC81BB00FC82B3E
:10BF7C00B80FC83BC00F481DC80FC81DD00FC82D27
:10BF8C00D80FC83DE00FC81DE80FC81FF00FC82F11
:10BF9C00F80FC83F001000200810101010101020CF
:10BFAC001810103020108020281010123010102281
:10BFBC00381010324010002148101014501010246A
:10BFCC005810103460108021681010167010102654
:10BFDC007810103680100820881010189010102837
:10BFEC0098101038A0108820A810101AB010102A21
:10BFFC00B810103AC0100821C810101CD010102C0A
:10C00C00D810103CE0108821E810101EF010102EF3
:10C01C00F810103E001100240811102410115020AB
:10C02C001811503020118024281150123011502238
:10C03C003811503240110025481150145011502421
:10C04C00581150346011802568115016701150260B
:10C05C0078115036801108248811501890115028EE
:10C06C0098115038A0118824A811501AB011502AD8
:10C07C00B811503AC0110825C811501CD011502CC1
:10C08C00D811503CE0118825E811501EF011502EAB
:10C09C00F811503E0012002808121028101290209F
:10C0AC0018129030201280282812901230129022F0
:10C0BC0038129032401200294812901450129024D9
:10C0CC0058129034601280296812901670129026C3
:10C0DC0078129036801208288812901890129028A6
:10C0EC0098129038A0128828A812901AB012902A90
:10C0FC00B812903AC0120829C812901CD012902C79
:10C10C00D812903CE0128829E812901EF012902E62
:10C11C00F812903E0013002C0813102C1013D02092
:10C12C001813D0302013802C2813902C3013D022CD
:10C13C003813D0324013002D4813D0145013D02490
:10C14C005813D0346013802D6813D0167013D0267A
:10C15C007813D0368013082C8813D0189013D0285D
:10C16C009813D038A013882CA813D01AB013D02A47
:10C17C00B813D03AC013082DC813D01CD013D02C30
:10C18C00D813D03CE013882DE813D01EF013D02E1A
:10C19C00F813D03E00144020081450201014102125
:10C1AC00181410312014C0202814D020301410235F
:10C1BC003814103340144021481410155014102515
:10C1CC00581410356014C0216814101770141027FF
:10C1DC0078141037801448208814101990141029E2
:10C1EC0098141039A014C820A814101BB014102BCC
:10C1FC00B814103BC0144821C814101DD014102DB5
:10C20C00D814103DE014C821E814101FF014102F9E
:10C21C00F814103F00154024081550241015502117
:10C22C00181550312015C0242815D0243015502352
:10C23C0038155033401540254815501550155025CC
:10C24C00581550356015C0256815501770155027B6
:10C25C007815503780154824881550199015502999
:10C26C0098155039A015C824A815501BB015502B83
:10C27C00B815503BC0154825C815501DD015502D6C
:10C28C00D815503DE015C825E815501FF015502F56
:10C29C00F815503F0016402808165028101690210B
:10C2AC00181690312016C0282816D0283016902346
:10C2BC0038169033401640294816502950169025B0
:10C2CC00581690356016C02968169017701690276E
:10C2DC007816903780164828881690199016902951
:10C2EC0098169039A016C828A816901BB016902B3B
:10C2FC00B816903BC0164829C816901DD016902D24
:10C30C00D816903DE016C829E816901FF016902F0D
:10C31C00F816903F0017402C0817502C1017D021FE
:10C32C001817D0312017C02C2817D02C3017D02339
:10C33C003817D0334017402D4817502D5017D025A3
:10C34C005817D0356017C02D6817D0177017D02725
:10C35C007817D0378017482C8817D0199017D02908
:10C36C009817D039A017C82CA817D01BB017D02BF2
:10C37C00B817D03BC017482DC817D01DD017D02DDB
:10C38C00D817D03DE017C82DE817D01FF017D02FC5
:10C39C00F817D03F0018003008181030101818206B
:10C3AC00181818302018803028189030301818229F
:10C3BC003818183240180031481810315018182409
:10C3CC005818183460188031681890317018182675
:10C3DC0078181836801808308818183090181828D3
:10C3EC0098181838A0188830A818181AB018182AD5
:10C3FC00B818183AC0180831C818181CD018182CBE
:10C40C00D818183CE0188831E818181EF018182EA7
:10C41C00F818183E00190034081910341019582057
:10C42C001819583020198034281990343019582292
:10C43C0038195832401900354819103550195824FC
:10C44C005819583460198035681990357019582668
:10C45C0078195836801908348819183490195828C6
:10C46C0098195838A0198834A819581AB019582A8C
:10C47C00B819583AC0190835C819581CD019582C75
:10C48C00D819583CE0198835E819581EF019582E5F
:10C49C00F819583E001A0038081A1038101A98204B
:10C4AC00181A9830201A8038281A9038301A982286
:10C4BC00381A9832401A0039481A1039501A9824F0
:10C4CC00581A9834601A8039681A9039701A98265C
:10C4DC00781A9836801A0838881A1838901A9828BA
:10C4EC00981A9838A01A8838A81A9838B01A982A26
:10C4FC00B81A983AC01A0839C81A981CD01A982C2D
:10C50C00D81A983CE01A8839E81A981EF01A982E16
:10C51C00F81A983E001B003C081B103C101BD8203E
:10C52C00181BD830201B803C281B903C301BD82279
:10C53C00381BD832401B003D481B103D501BD824E3
:10C54C00581BD834601B803D681B903D701BD8264F
:10C55C00781BD836801B083C881B183C901BD828AD
:10C56C00981BD838A01B883CA81B983CB01BD82A19
:10C57C00B81BD83AC01B083DC81BD81CD01BD82CE4
:10C58C00D81BD83CE01B883DE81BD81EF01BD82ECE
:10C59C00F81BD83E001C4030081C5030101C1821D1
:10C5AC00181C1831201CC030281CD030301C18230B
:10C5BC00381C1833401C4031481C5031501C182575
:10C5CC00581C1835601CC031681CD031701C1827E1
:10C5DC00781C1837801C4830881C5830901C18293F
:10C5EC00981C1839A01CC830A81CD830B01C182BAB
:10C5FC00B81C183BC01C4831C81C181DD01C182D69
:10C60C00D81C183DE01CC831E81C181FF01C182F52
:10C61C00F81C183F001D4034081D5034101D5821C3
:10C62C00181D5831201DC034281DD034301D5823FE
:10C63C00381D5833401D4035481D5035501D582568
:10C64C00581D5835601DC035681DD035701D5827D4
:10C65C00781D5837801D4834881D5834901D582932
:10C66C00981D5839A01DC834A81DD834B01D582B9E
:10C67C00B81D583BC01D4835C81D5835D01D582D08
:10C68C00D81D583DE01DC835E81D581FF01D582F0A
:10C69C00F81D583F001E4038081E5038101E9821B7
:10C6AC00181E9831201EC038281ED038301E9823F2
:10C6BC00381E9833401E4039481E5039501E98255C
:10C6CC00581E9835601EC039681ED039701E9827C8
:10C6DC00781E9837801E4838881E5838901E982926
:10C6EC00981E9839A01EC838A81ED838B01E982B92
:10C6FC00B81E983BC01E4839C81E5839D01E982DFC
:10C70C00D81E983DE01EC839E81E981FF01E982FC1
:10C71C00F81E983F001F403C081F503C101FD821AA
:10C72C00181FD831201FC03C281FD03C301FD823E5
:10C73C00381FD833401F403D481F503D501FD8254F
:10C74C00581FD835601FC03D681FD03D701FD827BB
:10C75C00781FD837801F483C881F583C901FD82919
:10C76C00981FD839A01FC83CA81FD83CB01FD82B85
:10C77C00B81FD83BC01F483DC81F583DD01FD82DEF
:10C78C00D81FD83DE01FC83DE81FD83DF01FD82F5B
:10C79C00F81FD83F0820802010202020182020309F
:10C7AC0028208028302020223820203240200021D0
:10C7BC004820C020502020245820203460201024F1
:10C7CC006820C028702020267820203688208030D1
:10C7DC009020202898202038A0200830A8208038CD
:10C7EC00B020202AB820203AC0200821C820C03010
:10C7FC00D020202CD820203CE0200831E820C03864
:10C80C00F020202EF820203E002100240821802139
:10C81C001021102418216030202120242821802967
:10C82C003021602238216032402100254821C0216E
:10C83C005021602458216034602150246821C02983
:10C84C00702160267821603680210824882180316F
:10C85C009021602898216038A0210834A8218039C3
:10C86C00B021602AB821603AC0210825C821C03106
:10C87C00D021602CD821603CE0210835E821C0395A
:10C88C00F021602EF821603E00220030082280301A
:10C89C00102208301822A03020221030282288289C
:10C8AC003022A0223822A032402240304822C03010
:10C8BC005022A0245822A034602250306822C8286C
:10C8CC007022A0267822A036802220308822883040
:10C8DC009022A0289822A038A0221830A8228838AC
:10C8EC00B022A02AB822A03AC0226030C822C83098
:10C8FC00D022A02CD822A03CE0221831E822C83843
:10C90C00F022A02EF822A03E002300310823803113
:10C91C00102308311823E0302023103128238829D4
:10C92C00302318313823E032402340314823C031C2
:10C93C005023E0245823E034602350316823C82965
:10C94C007023E0267823E03680231824882388314E
:10C95C009023E0289823E038A0231834A8238839A2
:10C96C00B023E02AB823E03AC0231825C823C831E5
:10C97C00D023E02CD823E03CE0231835E823C83939
:10C98C00F023E02EF823E03E0824802410242024F9
:10C99C00182420312824802C3024103138242033C2
:10C9AC00402400254824C024502420255824203518
:10C9BC00602410256824C02C70242027782420376C
:10C9CC00882480349024202998242039A0244830AD
:10C9DC00A824803CB024202BB824203BC02408255C
:10C9EC00C824C034D024202DD824203DE024483144
:10C9FC00E824C03CF024202FF824203F0825802573
:10CA0C0010252025182560312825802D3025503102
:10CA1C00382560334825C0255025602558256035BC
:10CA2C006825C02D702560277825603788258035CE
:10CA3C009025602998256039A0254834A825803D8B
:10CA4C00B025602BB825603BC825C035D025602D9E
:10CA5C00D825603DE0254835E825C03DF025602F00
:10CA6C00F825603F00260034082680341026083450
:10CA7C001826A031202610342826882C302618346D
:10CA8C003826A033402640344826C034502648343B
:10CA9C005826A035602650346826C82C7026A0274E
:10CAAC007826A03780262034882688349026A02922
:10CABC009826A039A0265830A826883CB026A02B52
:10CACC00B826A03BC0266034C826C834D026A02D7A
:10CADC00D826A03DE0265831E826C83CF026A02FE9
:10CAEC00F826A03F00270035082780351027083589
:10CAFC001827E031202710352827882D30271835A6
:10CB0C003827E033402740354827C0355027483573
:10CB1C005827E035602750356827C82D7027E02747
:10CB2C007827E03780272035882788359027E0291B
:10CB3C009827E039A0275834A827883DB027E02B48
:10CB4C00B827E03BC0276035C827C835D027E02D73
:10CB5C00D827E03DE0275835E827C83DF027E02FDF
:10CB6C00F827E03F0828202810288028182828308B
:10CB7C002828902830288828382828324028002C4B
:10CB8C004828202C5028802C582828346028082C21
:10CB9C006828D0287028882C782828368828903047
:10CBAC0098282838A0282830A8289038B028282A77
:10CBBC00B828283AC028102CC828D030D028282CC7
:10CBCC00D828283CE028182CE828D038F028282E23
:10CBDC00F828283E0029002C0829082C1029102C94
:10CBEC00182968302029202C282990293029D03068
:10CBFC00382968324029402C4829602C5029C02CF7
:10CC0C00582968346029482C6829D0297029C82CE7
:10CC1C00782968368029802C882990319029282CF5
:10CC2C0098296838A0292834A8299039B029682A6D
:10CC3C00B829683AC029502CC829D031D029682C81
:10CC4C00D829683CE029582CE829D039F029682EDD
:10CC5C00F829683E002A0038082A2038102A803823
:10CC6C00182AA830202A0838282A2838302A883848
:10CC7C00382AA832402A003C482A203C502A803CC2
:10CC8C00582AA834602A083C682A283C702A883C18
:10CC9C00782AA836802A1038882A9830902A90381A
:10CCAC00982AA838A02A1838A82A9838B02A983870
:10CCBC00B82AA83AC02A103CC82AD830D02AA82CA6
:10CCCC00D82AA83CE02A183CE82AD838F02AA82E02
:10CCDC00F82AA83E002B4038082B6038102BC0389F
:10CCEC00182BE830202B4838282B6838302BC838C4
:10CCFC00382BE832402B403C482B603C502BC03C3E
:10CD0C00582BE834602B483C682B683C702BC83C93
:10CD1C00782BE836802B5038882B9831902BD038D4
:10CD2C00982BE838A02B5838A82B9839B02BD8382A
:10CD3C00B82BE83AC02B503CC82BD831D02BE82C60
:10CD4C00D82BE83CE02B583CE82BD839F02BE82EBC
:10CD5C00F82BE83E082C202C102C802C182C283179
:10CD6C00282C902C302C9031382C2833402C002D32
:10CD7C00482C202D502C802D582C2835602C082D1B
:10CD8C00682CD02C702C882D782C2837882C90343B
:10CD9C00982C2839A02C6830A82C903CB02C6838E2
:10CDAC00B82C283BC02C102DC82CD034D02C282DBE
:10CDBC00D82C283DE02C182DE82CD03CF02C282F1A
:10CDCC00F82C283F082D202D102D802D182D683182
:10CDDC00282D902D302DD031382D6833482D602DD5
:10CDEC00502DC02D582D6835682DD02D702DC82D87
:10CDFC00782D6837882D9035982D6839A02D68349A
:10CE0C00A82D903DB02D683CB82D683BC82DD03571
:10CE1C00D82D683DE02D6835E82DD03DF02D682FDC
:10CE2C00F82D683F002E0039082E2039102E80393D
:10CE3C00182EA831202E0839282E2839302E883962
:10CE4C00382EA833402E003D482E203D502E803DDC
:10CE5C00582EA835602E083D682E283D702E883D32
:10CE6C00782EA837802E1039882E9834902E903931
:10CE7C00982EA839A02E1839A82E983CB02E983987
:10CE8C00B82EA83BC02E103DC82ED834D02E903DC5
:10CE9C00D82EA83DE02E183DE82ED83CF02EA82F19
:10CEAC00F82EA83F002F4039082F6039102FC039B9
:10CEBC00182FE831202F4839282F6839302FC839DE
:10CECC00382FE833402F403D482F603D502FC03D58
:10CEDC00582FE835602F483D682F683D702FC83DAE
:10CEEC00782FE837802F5039882F9835902FD039EC
:10CEFC00982FE839A02F5839A82F983DB02FD83942
:10CF0C00B82FE83BC02F503DC82FD835D02FD03D7F
:10CF1C00D82FE83DE02F583DE82FD83DF02FD83DD5
:10CF2C00F82FE83F18303030383030324030003194
:10CF3C0048300831503010315830303460302031A6
:10CF4C006830283170301834783030368830A03062
:10CF5C0098303038A830A038B0308838B830303AF3
:10CF6C00C0308031C830E030D0309031D830303CD7
:10CF7C00E0308831E830E038F0308839F830303E35
:10CF8C0000310034083108341031103418311834A1
:10CF9C00203120342831283430313034383170325B
:10CFAC004031003548310835503110355831703426
:10CFBC00603120356831283570315834783170360D
:10CFCC00803180348831A031903190349831703870
:10CFDC00A0318834A831A039B031883CB831703ACE
:10CFEC00C0318035C831E031D0319035D831703C0A
:10CFFC00E0318835E831E039F031883DF831703E68
:10D00C00003200380832803810320838183288382C
:10D01C002032103828329038303218383832B0324A
:10D02C00403240384832C038503248385832B03428
:10D03C00603250386832D038703258387832B03666
:10D04C00803220388832A038903228389832B03864
:10D05C00A0323038A832A838B0329838B832B03A4A
:10D06C00C0326038C832E038D0326838D832B03C80
:10D07C00E0327038E832E838F0329839F832B03EA5
:10D08C0000330039083380391033083918338839A4
:10D09C0020331039283390393033183938339839D4
:10D0AC00403340394833C039503348395833F03461
:10D0BC00603350396833D039703358397833F0369F
:10D0CC00803320398833A039903328399833F0389D
:10D0DC00A0339834A833A839B033983CB833F03A1D
:10D0EC00C0336039C833E039D0336839D833F03CB9
:10D0FC00E0339835E833E839F033983DF833F03EB7
:10D10C001834303438341839403400354834083544
:10D11C005034103558343035603420356834283567
:10D12C0070341835783430378834A034983430392A
:10D13C00A834A03CB034C838B834303BC034803547
:10D14C00C834E034D0349035D834303DE0348835B0
:10D15C00E834E03CF034C839F834303F1835303519
:10D16C003835583958357035783570378835A0359D
:10D17C0098357039A835A03DB035C83CB835703BF2
:10D18C00C835E035D835703DE835E03DF035C83D63
:10D19C00F835703F0036003C0836803C1036083CB1
:10D1AC001836883C2036103C2836903C3036183CDB
:10D1BC003836983C4036403C4836C03C5036483CAB
:10D1CC005836C83C6036503C6836D03C7036583CBB
:10D1DC007836B0378036203C8836A03C9036283CD8
:10D1EC009836B039A036303CA836A83CB036D83882
:10D1FC00B836B03BC036603CC836E03CD036683CF4
:10D20C00D836B03DE036703CE836E83CF036D839DC
:10D21C00F836B03F0037003D0837803D1037083DE9
:10D22C001837883D2037103D2837903D3037183D52
:10D23C003837983D4037403D4837C03D5037483D22
:10D24C005837C83D6037503D6837D03D7037583D32
:10D25C007837F0378037203D8837A03D9037283D10
:10D26C009837F039A037303DA837A83DB037D83CB7
:10D27C00B837F03BC037603DC837E03DD037683D2C
:10D28C00D837F03DE037703DE837E83DF037D83D12
:10D29C00F837F03F38389838403800394838083972
:10D2AC0050381039583818396038203968382839CE
:10D2BC00703830397838983CA838B038B838383AA3
:10D2CC00C0388039C8388839D0389039D838383C8B
:10D2DC00E038A039E838F038F838383EF038A8395A
:10D2EC000039003C0839083C1039103C1839183CFE
:10D2FC002039203C2839283C3039303C3839383CEE
:10D30C004039003D4839083D5039103D5839183DD9
:10D31C006039203D6839283D7039303D7839D83C2A
:10D32C008039803C8839883C9039903C9839983CBD
:10D33C00A039A03CA839B039B839783AB039A83CF2
:10D34C00C039803DC839883DD039903DD839783CBA
:10D35C00E039A03DE839F039F839783EF039A83D8C
:10D36C00083A103A103A203A183A303A203A803AB1
:10D37C00283A903A303AA03A383AB03A403A003B20
:10D38C00483A103B503A203B583A303B603A803B8D
:10D39C00683A903B703AA03B783AB03B883AA03A56
:10D3AC00983AB03AA83AB03AC03A083BC83A183B57
:10D3BC00D03A283BD83AB83CE03A883BE83A983B1C
:10D3CC00F03AA83BF83AB83E003B003E083B103E12
:10D3DC00103B203E183B303E203B803E283B903E8D
:10D3EC00303BA03E383BB03E403B003F483B103FFB
:10D3FC00503B203F583B303F603B803F683B903F69
:10D40C00703BA03F783BB03F803B083E883B183ECA
:10D41C00903B283E983B383EA03B883EA83B983E2C
:10D42C00B03BA83EB83BB83EC03B083FC83B183F9A
:10D43C00D03B283FD83BF83CE03B883FE83B983F4B
:10D44C00F03BA83FF83BF83E383C983C403C003D54
:10D45C00483C083D503C103D583C183D603C203D3C
:10D46C00683C283D703C303D783C983DA83CB03C35
:10D47C00B83CB03EC03C803DC83C883DD03C903D63
:10D48C00D83C383DE03CA03DE83CF03CF03CA83DAD
:10D49C00F83C383F383D983D783DD83DA83DB03DEF
:10D4AC00B83DB03FE83DF03D083E803EF83D783F4A
:10D4BC00103E803E183E883E203E803E283E903EE8
:10D4CC00303E883E383E983E403E003F483E203F2E
:10D4DC00503E803F583EA03F603E083F683E283F8C
:10D4EC00703E883F783EA83F883EA03E983EA83EBE
:10D4FC00C03E103FA83EB03EC83E303FD03E903FAD
:10D50C00D83EB03FE03E183FE83E383FF03E983FF3
:10D51C00083F803FF83EB83F103F803F183F883FA0
:10D52C00203F803F283F903F303F883F383F983F17
:10D53C00483F503F503F603F583F703F603FC03FB7
:10D54C00683FD03F703FE03F783FF03F883FA03FBF
:10D55C00983FA83FA83FB03FD83FF03FC83FE03FBF
:10D56C00E83FF03F0800000210000004180000061D
:10D57C00200000082800000A3000000C3800000EC3
:10D58C00480040025000400458004006600040082B
:10D59C006800400A7000400C7800400E8800800241
:10D5AC009000800498008006A0008008A800800AE3
:10D5BC00B000800CB800800EC800C002D000C004BF
:10D5CC00D800C006E000C008E800C00AF000C00C9B
:10D5DC00F800C00E08010003100100051801000737
:10D5EC00200100092801000B3001000D3801000F4B
:10D5FC0048014003500140055801400760014009B3
:10D60C006801400B7001400D7801400F88018003C8
:10D61C009001800598018007A0018009A801800B6A
:10D62C00B001800DB801800FC801C003D001C00546
:10D63C00D801C007E001C009E801C00BF001C00D22
:10D64C00F801C00F1002080418020806200208088E
:10D65C002802080A3002080C3802080E500248044E
:10D66C0058024806600248086802480A7002480CD2
:10D67C007802480E9002880498028806A002880856
:10D68C00A802880AB002880CB802880ED002C8041E
:10D69C00D802C806E002C808E802C80AF002C80CA2
:10D6AC00F802C80E10030805180308072003080920
:10D6BC002803080B3003080D3803080F50034805E6
:10D6CC0058034807600348096803480B7003480D6A
:10D6DC007803480F9003880598038807A0038809EE
:10D6EC00A803880BB003880DB803880FD003C805B6
:10D6FC00D803C807E003C809E803C80BF003C80D3A
:10D70C00F803C80F18041006200410082804100A87
:10D71C003004100C3804100E5804500660045008E5
:10D72C006804500A7004500C7804500E980490064B
:10D73C00A0049008A804900AB004900CB804900EB1
:10D74C00D804D006E004D008E804D00AF004D00CC9
:10D75C00F804D00E18051007200510092805100B29
:10D76C003005100D3805100F58055007600550098D
:10D77C006805500B7005500D7805500F98059007F3
:10D78C00A0059009A805900BB005900DB805900F59
:10D79C00D805D007E005D009E805D00BF005D00D71
:10D7AC00F805D00F200618082806180A3006180CA1
:10D7BC003806180E600658086806580A7006580C89
:10D7CC007806580EA0069808A806980AB006980C79
:10D7DC00B806980EE006D808E806D80AF006D80C69
:10D7EC00F806D80E200718092807180B3007180D53
:10D7FC003807180F600758096807580B7007580D41
:10D80C007807580FA0079809A807980BB007980D30
:10D81C00B807980FE007D809E807D80BF007D80D20
:10D82C00F807D80F2808200A3008200C3808200EDA
:10D83C006808600A7008600C7808600EA808A00AD6
:10D84C00B008A00CB808A00EE808E00AF008E00C3C
:10D85C00F808E00E2809200B3009200D3809200F9C
:10D86C006809600B7009600D7809600FA809A00B9E
:10D87C00B009A00DB809A00FE809E00BF009E00D04
:10D88C00F809E00F300A280C380A280E700A680CC8
:10D89C00780A680EB00AA80CB80AA80EF00AE80CB0
:10D8AC00F80AE80E300B280D380B280F700B680D9A
:10D8BC00780B680FB00BA80DB80BA80FF00BE80D88
:10D8CC00F80BE80F380C300E780C700EB80CB00E4C
:10D8DC00F80CF00E380D300F780D700FB80DB00F2E
:10D8EC00F80DF00F00080000D4A30020F47F0020F6
:10D8FC00E00E000000020000D4E30020B49D0020E4
:10D90C00C001000000000042C8801F40B8821F40C8
:10D91C000800000000000042C4801F40B4821F4079
:10D92C000400000000C0004224801F4014821F40ED
:10D93C001000000000C0004228801F4018821F40C9
:10D94C002000000000C000422C801F401C821F40A1
:10D95C004000000000C0004234801F4024821F4061
:10D96C00000100000040004264811F4054831F40AE
:10D97C00000400000040004280811F4070831F4063
:10D98C0000000200004000427C811F406C831F405D
:10D99C00000001000040004268811F4058831F4076
:10D9AC0000080000004000423C811F402C831F40B7
:10D9BC00010000000040004244811F4034831F409E
:10D9CC00040000000040004240811F4030831F4093
:10D9DC00020000000040004248811F4038831F4075
:10D9EC00080000000000004204811F40F4821F4028
:10D9FC00000004000000004208811F40F8821F4014
:10DA0C00000008000000004218811F4008831F40DE
:10DA1C00000080000000004214811F4004831F405E
:10DA2C00000040000000004200811F40F0821F40B7
:10DA3C000000020000000042FC801F40EC821F40EE
:10DA4C00000001000000004224811F4014831F408D
:10DA5C00000000040000004228811F4018831F4072
:10DA6C0000000008000000421C811F400C831F4076
:10DA7C00000000010000004220811F4010831F4065
:10DA8C000000000200000042EC801F40DC821F40BE
:10DA9C000010000000000042F0801F40E0821F4098
:10DAAC00002000000000004234811F4024831F40EE
:10DABC00000000400000004238811F4028831F40B6
:10DACC00000000800080004294801F4084821F4030
:10DADC000000040000C0004290801F4080821F4064
:10DAEC000000008000800042A8801F4098821F40E8
:10DAFC000000800000800042A4801F4094821F40E0
:10DB0C0000004000004000426C811F405C831F40BD
:10DB1C000010000000C0004230801F4020821F40D7
:10DB2C008000000000800042C8811F40B8831F4065
:10DB3C000080000000800042C4811F40B4831F405D
:10DB4C000040000000800042C0811F40B0831F4095
:10DB5C000020000000800042BC811F40AC831F40AD
:10DB6C000010000000800042D0811F40C0831F4085
:10DB7C000000020000800042CC811F40BC831F408B
:10DB8C00000001000000803F00000000B1FF7F3F5B
:10DB9C00C70F493BC4FE7F3F890FC93B39FD7F3F0F
:10DBAC0059CB163C11FB7F3F900E493C4AF87F3F06
:10DBBC004B517B3CE6F47F3FB6C9963CE3F07F3F8C
:10DBCC0069EAAF3C43EC7F3FB00AC93C05E77F3FB5
:10DBDC007B2AE23C29E17F3FB949FB3CAFDA7F3F2E
:10DBEC002F340A3D98D37F3F2CC3163DE2CB7F3FA9
:10DBFC00CC51233D8FC37F3F07E02F3D9EBA7F3F23
:10DC0C00D56D3C3D0FB17F3F2FFB483DE3A67F3FD9
:10DC1C000E88553D189C7F3F6814623DB1907F3F44
:10DC2C0038A06E3DAB847F3F742B7B3D08787F3FE3
:10DC3C000ADB833DC76A7F3F0A208A3DE95C7F3F50
:10DC4C00B464903D6D4E7F3F05A9963D543F7F3F98
:10DC5C00F9EC9C3D9D2F7F3F8C30A33D491F7F3FAE
:10DC6C00BA73A93D580E7F3F80B6AF3DC9FC7E3FCD
:10DC7C00DAF8B53D9DEA7E3FC33ABC3DD4D77E3F32
:10DC8C00397CC23D6DC47E3F36BDC83D69B07E3F18
:10DC9C00B7FDCE3DC99B7E3FB93DD53D8B867E3FC2
:10DCAC00377DDB3DB0707E3F2EBCE13D385A7E3F68
:10DCBC009AFAE73D23437E3F7638EE3D722B7E3F4A
:10DCCC00C075F43D24137E3F73B2FA3D38FA7D3FA4
:10DCDC004577003EB1E07D3F0295033E8CC67D3F0B
:10DCEC006EB2063ECCAB7D3F86CF093E6E907D3F3B
:10DCFC004AEC0C3E74747D3FB708103EDE577D3FF6
:10DD0C00CA24133EAC3A7D3F8340163EDD1C7D3F5A
:10DD1C00E05B193E73FE7C3FDE761C3E6CDF7C3F85
:10DD2C007B911F3EC9BF7C3FB6AB223E8A9F7C3F96
:10DD3C008CC5253EB07E7C3FFCDE283E3A5D7C3FA8
:10DD4C0004F82B3E283B7C3FA2102F3E7A187C3FD8
:10DD5C00D428323E31F57B3F9840353E4DD17B3F48
:10DD6C00EC57383ECDAC7B3FCF6E3B3EB2877B3F12
:10DD7C003E853E3EFC617B3F379B413EAB3B7B3F50
:10DD8C00B9B0443EBE147B3FC2C5473E37ED7A3F27
:10DD9C004FDA4A3E16C57A3F60EE4D3E599C7A3FAB
:10DDAC00F101513E02737A3F0115543E10497A3FFE
:10DDBC008F27573E841E7A3F97395A3E5EF3793F40
:10DDCC001A4B5D3E9DC7793F135C603E439B793F88
:10DDDC00836C633E4E6E793F667C663EC040793FF5
:10DDEC00BA8B693E9812793F7F9A6C3ED6E3783FA6
:10DDFC00B2A86F3E7BB4783F51B6723E8684783FB2
:10DE0C005AC3753EF853783FCCCF783ED122783F39
:10DE1C00A4DB7B3E10F1773FE1E67E3EB7BE773F59
:10DE2C00C0F8803EC58B773FC07D823E3A58773F25
:10DE3C007002843E1724773FCE86853E5BEF763F9B
:10DE4C00DA0A873E07BA763F938E883E1B84763F6C
:10DE5C00F8118A3E974D763F07958B3E7A16763FA2
:10DE6C00C0178D3EC6DE753F229A8E3E7BA6753F4F
:10DE7C002C1C903E976D753FDD9D913E1D34753F7A
:10DE8C00351F933E0BFA743F31A0943E62BF743F32
:10DE9C00D220963E2284743F17A1973E4B48743F84
:10DEAC00FE20993EDD0B743F86A09A3ED9CE733F7F
:10DEBC00AF1F9C3E3F91733F789E9D3E0E53733F28
:10DECC00DF1C9F3E4714733FE59AA03EEBD4723F94
:10DEDC008718A23EF894723FC595A33E7054723FCA
:10DEEC009F12A53E5213723F128FA63E9FD1713FD7
:10DEFC001F0BA83E578F713FC486A93E7A4C713FC9
:10DF0C000102AB3E0809713FD47CAC3E02C5703FA8
:10DF1C003CF7AD3E6680703F3A71AF3E373B703F89
:10DF2C00CBEAB03E73F56F3FEF63B23E1BAF6F3F72
:10DF3C00A5DCB33E30686F3FEC54B53EB0206F3F6C
:10DF4C00C3CCB63E9ED86E3F2A44B83EF88F6E3F87
:10DF5C001EBBB93EBE466E3FA031BB3EF2FC6D3FD0
:10DF6C00AFA7BC3E93B26D3F4A1DBE3EA1676D3F4D
:10DF7C006F92BF3E1D1C6D3F1E07C13E07D06C3F0C
:10DF8C00557BC23E5E836C3F15EFC33E24366C3F1F
:10DF9C005C62C53E58E86B3F29D5C63EFB996B3F8A
:10DFAC007C47C83E0C4B6B3F53B9C93E8CFB6A3F58
:10DFBC00AE2ACB3E7BAB6A3F8B9BCC3ED95A6A3F99
:10DFCC00EA0BCE3EA7096A3FCA7BCF3EE4B7693F56
:10DFDC002AEBD03E9165693F095AD23EAE12693F99
:10DFEC0067C8D33E3CBF683F4136D53E396B683F6E
:10DFFC0099A3D63EA816683F6B10D83E87C1673FE1
:10E00C00B97CD93ED86B673F80E8DA3E9915673FFB
:10E01C00C153DC3ECCBE663F79BEDD3E7167663FC8
:10E02C00A928DF3E880F663F4F92E03E10B7653F50
:10E03C006AFBE13E0B5E653FFA63E33E7904653FA4
:10E04C00FECBE43E59AA643F7533E63EAC4F643FC9
:10E05C005D9AE73E73F4633FB700E93EAC98633FCB
:10E06C008166EA3E5A3C633FBBCBEB3E7BDF623FB3
:10E07C006330ED3E1082623F7994EE3E1A24623F8B
:10E08C00FBF7EF3E98C5613FEA5AF13E8A66613F65
:10E09C0043BDF23EF206613F071FF43ECFA6603F40
:10E0AC003580F53E2146603FCBE0F63EE9E45F3F2C
:10E0BC00C840F83E27835F3F2DA0F93EDB205F3F31
:10E0CC00F7FEFA3E05BE5E3F275DFC3EA65A5E3F5C
:10E0DC00BBBAFD3EBEF65D3FB217FF3E4D925D3FB3
:10E0EC00063A003F532D5D3FE4E7003FD1C75C3F4C
:10E0FC007395013FC7615C3FB142023F34FB5B3F0C
:10E10C009FEF023F1A945B3F3D9C033F792C5B3F92
:10E11C008948043F50C45A3F84F4043FA05B5A3FE3
:10E12C002CA0053F6AF2593F824B063FAD88593F00
:10E13C0086F6063F6A1E593F36A1073FA1B3583FEA
:10E14C00924B083F5348583F9BF5083F7FDC573FA5
:10E15C004E9F093F2670573FAD480A3F4803573F33
:10E16C00B7F10A3FE595563F6B9A0B3FFE27563F9A
:10E17C00C9420C3F93B9553FD0EA0C3FA44A553FD6
:10E18C0081920D3F31DB543FDA390E3F3B6B543FEC
:10E19C00DBE00E3FC3FA533F84870F3FC789533FE1
:10E1AC00D52D103F4918533FCDD3103F49A6523FB0
:10E1BC006B79113FC633523FB01E123FC2C0513F64
:10E1CC009AC3123F3D4D513F2A68133F37D9503FF8
:10E1DC005F0C143FAF64503F39B0143FA8EF4F3F72
:10E1EC00B753153F1F7A4F3FD9F6153F17044F3FD2
:10E1FC009F99163F908D4E3F073C173F89164E3F17
:10E20C0012DE173F029F4D3FC07F183FFD264D3F4A
:10E21C000F21193F79AE4C3F00C2193F78354C3F66
:10E22C0093621A3FF8BB4B3FC6021B3FFA414B3F70
:10E23C0099A21B3F7FC74A3F0C421C3F874C4A3F69
:10E24C001FE11C3F12D1493FD17F1D3F2155493F52
:10E25C00221E1E3FB3D8483F12BC1E3FCA5B483F2C
:10E26C009F591F3F65DE473FCBF61F3F8560473FF9
:10E27C009393203F2AE2463FF92F213F5463463FB8
:10E28C00FBCB213F03E4453F9967223F3964453F6F
:10E29C00D302233FF5E3443FA99D233F3763443F1B
:10E2AC001A38243F00E2433F25D2243F5160433FBC
:10E2BC00CB6B253F29DE423F0A05263F895B423F57
:10E2CC00E39D263F70D8413F5636273FE154413FEE
:10E2DC0061CE273FDAD0403F0566283F5C4C403F7B
:10E2EC0041FD283F67C73F3F1594293FFC413F3F05
:10E2FC00802A2A3F1BBC3E3F82C02A3FC5353E3F89
:10E30C001B562B3FF9AE3D3F4AEB2B3FB8273D3F09
:10E31C000F802C3F03A03C3F69142D3FD9173C3F85
:10E32C0059A82D3F3B8F3B3FDE3B2E3F29063B3F01
:10E33C00F7CE2E3FA47C3A3FA5612F3FACF2393F7C
:10E34C00E6F32F3F4268393FBB85303F65DD383FF0
:10E35C002217313F1652383F1DA8313F55C6373F63
:10E36C00AA38323F233A373FC9C8323F7FAD363FD8
:10E37C007A58333F6C20363FBCE7333FE792353F4A
:10E38C008F76343FF304353FF304353F8F76343FBB
:10E39C00E792353FBCE7333F6C20363F7A58333F2A
:10E3AC007FAD363FC9C8323F233A373FAA38323F98
:10E3BC0055C6373F1DA8313F1652383F2217313F03
:10E3CC0065DD383FBB85303F4268393FE6F32F3F70
:10E3DC00ACF2393FA5612F3FA47C3A3FF7CE2E3FDC
:10E3EC0029063B3FDE3B2E3F3B8F3B3F59A82D3F41
:10E3FC00D9173C3F69142D3F03A03C3F0F802C3FA5
:10E40C00B8273D3F4AEB2B3FF9AE3D3F1B562B3F08
:10E41C00C5353E3F82C02A3F1BBC3E3F802A2A3F67
:10E42C00FC413F3F1594293F67C73F3F41FD283FC3
:10E43C005C4C403F0566283FDAD0403F61CE273F19
:10E44C00E154413F5636273F70D8413FE39D263F6C
:10E45C00895B423F0A05263F29DE423FCB6B253FB5
:10E46C005160433F25D2243F00E2433F1A38243FFA
:10E47C003763443FA99D233FF5E3443FD302233F39
:10E48C003964453F9967223F03E4453FFBCB213F6D
:10E49C005463463FF92F213F2AE2463F9393203F96
:10E4AC008560473FCBF61F3F65DE473F9F591F3FB7
:10E4BC00CA5B483F12BC1E3FB3D8483F221E1E3FCA
:10E4CC002155493FD17F1D3F12D1493F1FE11C3FD0
:10E4DC00874C4A3F0C421C3F7FC74A3F99A21B3FC7
:10E4EC00FA414B3FC6021B3FF8BB4B3F93621A3FAE
:10E4FC0078354C3F00C2193F79AE4C3F0F21193F84
:10E50C00FD264D3FC07F183F029F4D3F12DE173F47
:10E51C0089164E3F073C173F908D4E3F9F99163FF3
:10E52C0017044F3FD9F6153F1F7A4F3FB753153F8E
:10E53C00A8EF4F3F39B0143FAF64503F5F0C143F0E
:10E54C0037D9503F2A68133F3D4D513F9AC3123F74
:10E55C00C2C0513FB01E123FC633523F6B79113FC0
:10E56C0049A6523FCDD3103F4918533FD52D103FEC
:10E57C00C789533F84870F3FC3FA533FDBE00E3FFD
:10E58C003B6B543FDA390E3F31DB543F81920D3FE8
:10E59C00A44A553FD0EA0C3F93B9553FC9420C3FB2
:10E5AC00FE27563F6B9A0B3FE595563FB7F10A3F56
:10E5BC004803573FAD480A3F2670573F4E9F093FCF
:10E5CC007FDC573F9BF5083F5348583F924B083F21
:10E5DC00A1B3583F36A1073F6A1E593F86F6063F46
:10E5EC00AD88593F824B063F6AF2593F2CA0053F3C
:10E5FC00A05B5A3F84F4043F50C45A3F8948043FFF
:10E60C00792C5B3F3D9C033F1A945B3F9FEF023F8D
:10E61C0034FB5B3FB142023FC7615C3F7395013FE6
:10E62C00D1C75C3FE4E7003F532D5D3F063A003F06
:10E63C004D925D3FB217FF3EBEF65D3FBBBAFD3E4D
:10E64C00A65A5E3F275DFC3E05BE5E3FF7FEFA3ED6
:10E65C00DB205F3F2DA0F93E27835F3FC840F83E8B
:10E66C00E9E45F3FCBE0F63E2146603F3580F53E66
:10E67C00CFA6603F071FF43EF206613F43BDF23E5A
:10E68C008A66613FEA5AF13E98C5613FFBF7EF3E5F
:10E69C001A24623F7994EE3E1082623F6330ED3E65
:10E6AC007BDF623FBBCBEB3E5A3C633F8166EA3E6D
:10E6BC00AC98633FB700E93E73F4633F5D9AE73E65
:10E6CC00AC4F643F7533E63E59AA643FFECBE43E43
:10E6DC007904653FFA63E33E0B5E653F6AFBE13EFE
:10E6EC0010B7653F4F92E03E880F663FA928DF3E8A
:10E6FC007167663F79BEDD3ECCBE663FC153DC3EE2
:10E70C009915673F80E8DA3ED86B673FB97CD93EF4
:10E71C0087C1673F6B10D83EA816683F99A3D63EB9
:10E72C00396B683F4136D53E3CBF683F67C8D33E26
:10E73C00AE12693F095AD23E9165693F2AEBD03E31
:10E74C00E4B7693FCA7BCF3EA7096A3FEA0BCE3ECE
:10E75C00D95A6A3F8B9BCC3E7BAB6A3FAE2ACB3EF1
:10E76C008CFB6A3F53B9C93E0C4B6B3F7C47C83E90
:10E77C00FB996B3F29D5C63E58E86B3F5C62C53EA2
:10E78C0024366C3F15EFC33E5E836C3F557BC23E17
:10E79C0007D06C3F1E07C13E1D1C6D3F6F92BF3EE4
:10E7AC00A1676D3F4A1DBE3E93B26D3FAFA7BC3E05
:10E7BC00F2FC6D3FA031BB3EBE466E3F1EBBB93E68
:10E7CC00F88F6E3F2A44B83E9ED86E3FC3CCB63EFF
:10E7DC00B0206F3FEC54B53E30686F3FA5DCB33EC4
:10E7EC001BAF6F3FEF63B23E73F56F3FCBEAB03EAA
:10E7FC00373B703F3A71AF3E6680703F3CF7AD3EA1
:10E80C0002C5703FD47CAC3E0809713F0102AB3E9F
:10E81C007A4C713FC486A93E578F713F1F0BA83E9F
:10E82C009FD1713F128FA63E5213723F9F12A53E8D
:10E83C007054723FC595A33EF894723F8718A23E60
:10E84C00EBD4723FE59AA03E4714733FDF1C9F3E0A
:10E85C000E53733F789E9D3E3F91733FAF1F9C3E7E
:10E86C00D9CE733F86A09A3EDD0B743FFE20993EB5
:10E87C004B48743F17A1973E2284743FD220963E9A
:10E88C0062BF743F31A0943E0BFA743F351F933E28
:10E89C001D34753FDD9D913E976D753F2C1C903E50
:10E8AC007BA6753F229A8E3EC6DE753FC0178D3E05
:10E8BC007A16763F07958B3E974D763FF8118A3E38
:10E8CC001B84763F938E883E07BA763FDA0A873EE2
:10E8DC005BEF763FCE86853E1724773F7002843EF1
:10E8EC003A58773FC07D823EC58B773FC0F8803E5B
:10E8FC00B7BE773FE1E67E3E10F1773FA4DB7B3E6F
:10E90C00D122783FCCCF783EF853783F5AC3753E2E
:10E91C008684783F51B6723E7BB4783FB2A86F3E86
:10E92C00D6E3783F7F9A6C3E9812793FBA8B693E5A
:10E93C00C040793F667C663E4E6E793F836C633E89
:10E94C00439B793F135C603E9DC7793F1A4B5D3EFC
:10E95C005EF3793F97395A3E841E7A3F8F27573E94
:10E96C0010497A3F0115543E02737A3FF101513E32
:10E97C00599C7A3F60EE4D3E16C57A3F4FDA4A3EBF
:10E98C0037ED7A3FC2C5473EBE147B3FB9B0443E1B
:10E99C00AB3B7B3F379B413EFC617B3F3E853E3E24
:10E9AC00B2877B3FCF6E3B3ECDAC7B3FEC57383EC6
:10E9BC004DD17B3F9840353E31F57B3FD428323EDC
:10E9CC007A187C3FA2102F3E283B7C3F04F82B3E4C
:10E9DC003A5D7C3FFCDE283EB07E7C3F8CC5253EFC
:10E9EC008A9F7C3FB6AB223EC9BF7C3F7B911F3ECA
:10E9FC006CDF7C3FDE761C3E73FE7C3FE05B193E99
:10EA0C00DD1C7D3F8340163EAC3A7D3FCA24133E4D
:10EA1C00DE577D3FB708103E74747D3F4AEC0C3EC8
:10EA2C006E907D3F86CF093ECCAB7D3F6EB2063EED
:10EA3C008CC67D3F0295033EB1E07D3F4577003E9D
:10EA4C0038FA7D3F73B2FA3D24137E3FC075F43D16
:10EA5C00722B7E3F7638EE3D23437E3F9AFAE73D9C
:10EA6C00385A7E3F2EBCE13DB0707E3F377DDB3D9A
:10EA7C008B867E3FB93DD53DC99B7E3FB7FDCE3DD4
:10EA8C0069B07E3F36BDC83D6DC47E3F397CC23D0A
:10EA9C00D4D77E3FC33ABC3D9DEA7E3FDAF8B53D04
:10EAAC00C9FC7E3F80B6AF3D580E7F3FBA73A93D7F
:10EABC00491F7F3F8C30A33D9D2F7F3FF9EC9C3D40
:10EACC00543F7F3F05A9963D6D4E7F3FB464903D0A
:10EADC00E95C7F3F0A208A3DC76A7F3F0ADB833DA2
:10EAEC0008787F3F742B7B3DAB847F3F38A06E3D15
:10EAFC00B1907F3F6814623D189C7F3F0E88553D56
:10EB0C00E3A67F3F2FFB483D0FB17F3FD56D3C3DCA
:10EB1C009EBA7F3F07E02F3D8FC37F3FCC51233DF3
:10EB2C00E2CB7F3F2CC3163D98D37F3F2F340A3D59
:10EB3C00AFDA7F3FB949FB3C29E17F3F7B2AE23CBE
:10EB4C0005E77F3FB00AC93C43EC7F3F69EAAF3C25
:10EB5C00E3F07F3FB6C9963CE6F47F3F4B517B3CDC
:10EB6C004AF87F3F900E493C11FB7F3F59CB163C36
:10EB7C0039FD7F3F890FC93BC4FE7F3FC70F493B1F
:10EB8C00B1FF7F3F000000000000803FC70F49BB72
:10EB9C00B1FF7F3F890FC9BBC4FE7F3F59CB16BC69
:10EBAC0039FD7F3F900E49BC11FB7F3F4B517BBC25
:10EBBC004AF87F3FB6C996BCE6F47F3F69EAAFBC22
:10EBCC00E3F07F3FB00AC9BC43EC7F3F7B2AE2BC39
:10EBDC0005E77F3FB949FBBC29E17F3F2F340ABDD4
:10EBEC00AFDA7F3F2CC316BD98D37F3FCC5123BDEA
:10EBFC00E2CB7F3F07E02FBD8FC37F3FD56D3CBD80
:10EC0C009EBA7F3F2FFB48BD0FB17F3F0E8855BD8D
:10EC1C00E3A67F3F681462BD189C7F3F38A06EBD91
:10EC2C00B1907F3F742B7BBDAB847F3F0ADB83BDF0
:10EC3C0008787F3F0A208ABDC76A7F3FB46490BDC5
:10EC4C00E95C7F3F05A996BD6D4E7F3FF9EC9CBDFD
:10EC5C00543F7F3F8C30A3BD9D2F7F3FBA73A9BD1E
:10EC6C00491F7F3F80B6AFBD580E7F3FDAF8B5BD68
:10EC7C00C9FC7E3FC33ABCBD9DEA7E3F397CC2BD18
:10EC8C00D4D77E3F36BDC8BD6DC47E3FB7FDCEBD6B
:10EC9C0069B07E3FB93DD5BDC99B7E3F377DDBBD9D
:10ECAC008B867E3F2EBCE1BDB0707E3F9AFAE7BDED
:10ECBC00385A7E3F7638EEBD23437E3FC075F4BD97
:10ECCC00722B7E3F73B2FABD24137E3F457700BE94
:10ECDC0038FA7D3F029503BEB1E07D3F6EB206BEB1
:10ECEC008CC67D3F86CF09BECCAB7D3F4AEC0CBEBB
:10ECFC006E907D3FB70810BE74747D3FCA2413BE5E
:10ED0C00DE577D3F834016BEAC3A7D3FE05B19BEBB
:10ED1C00DD1C7D3FDE761CBE73FE7C3F7B911FBEEF
:10ED2C006CDF7C3FB6AB22BEC9BF7C3F8CC525BE19
:10ED3C008A9F7C3FFCDE28BEB07E7C3F04F82BBE55
:10ED4C003A5D7C3FA2102FBE283B7C3FD42832BEBC
:10ED5C007A187C3F984035BE31F57B3FEC5738BE76
:10ED6C004DD17B3FCF6E3BBECDAC7B3F3E853EBE97
:10ED7C00B2877B3F379B41BEFC617B3FB9B044BE41
:10ED8C00AB3B7B3FC2C547BEBE147B3F4FDA4ABE8E
:10ED9C0037ED7A3F60EE4DBE16C57A3FF10151BE9C
:10EDAC00599C7A3F011554BE02737A3F8F2757BE88
:10EDBC0010497A3F97395ABE841E7A3F1A4B5DBE72
:10EDCC005EF3793F135C60BE9DC7793F836C63BE75
:10EDDC00439B793F667C66BE4E6E793FBA8B69BEAB
:10EDEC00C040793F7F9A6CBE9812793FB2A86FBE33
:10EDFC00D6E3783F51B672BE7BB4783F5AC375BE2A
:10EE0C008684783FCCCF78BEF853783FA4DB7BBEAA
:10EE1C00D122783FE1E67EBE10F1773FC0F880BE8C
:10EE2C00B7BE773FC07D82BEC58B773F700284BE74
:10EE3C003A58773FCE8685BE1724773FDA0A87BECD
:10EE4C005BEF763F938E88BE07BA763FF8118ABE89
:10EE5C001B84763F07958BBE974D763FC0178DBEB2
:10EE6C007A16763F229A8EBEC6DE753F2C1C90BE5B
:10EE7C007BA6753FDD9D91BE976D753F351F93BE8B
:10EE8C001D34753F31A094BE0BFA743FD22096BE50
:10EE9C0062BF743F17A197BE2284743FFE2099BEB7
:10EEAC004B48743F86A09ABEDD0B743FAF1F9CBECF
:10EEBC00D9CE733F789E9DBE3F91733FDF1C9FBEA2
:10EECC000E53733FE59AA0BE4714733F8718A2BE3A
:10EEDC00EBD4723FC595A3BEF894723F9F12A5BEAA
:10EEEC007054723F128FA6BE5213723F1F0BA8BEF6
:10EEFC009FD1713FC486A9BE578F713F0102ABBE33
:10EF0C007A4C713FD47CACBE0809713F3CF7ADBE66
:10EF1C0002C5703F3A71AFBE6680703FCBEAB0BE9F
:10EF2C00373B703FEF63B2BE73F56F3FA5DCB3BEEA
:10EF3C001BAF6F3FEC54B5BE30686F3FC3CCB6BE51
:10EF4C00B0206F3F2A44B8BE9ED86E3F1EBBB9BEE0
:10EF5C00F88F6E3FA031BBBEBE466E3FAFA7BCBEA6
:10EF6C00F2FC6D3F4A1DBEBE93B26D3F6F92BFBEA9
:10EF7C00A1676D3F1E07C1BE1D1C6D3F557BC2BEF8
:10EF8C0007D06C3F15EFC3BE5E836C3F5C62C5BEA1
:10EF9C0024366C3F29D5C6BE58E86B3F7C47C8BEAB
:10EFAC00FB996B3F53B9C9BE0C4B6B3FAE2ACBBE22
:10EFBC008CFB6A3F8B9BCCBE7BAB6A3FEA0BCEBE15
:10EFCC00D95A6A3FCA7BCFBEA7096A3F2AEBD0BE8B
:10EFDC00E4B7693F095AD2BE9165693F67C8D3BE91
:10EFEC00AE12693F4136D5BE3CBF683F99A3D6BE31
:10EFFC00396B683F6B10D8BEA816683FB97CD9BE78
:10F00C0087C1673F80E8DABED86B673FC153DCBE6F
:10F01C009915673F79BEDDBECCBE663FA928DFBE21
:10F02C007167663F4F92E0BE880F663F6AFBE1BE98
:10F03C0010B7653FFA63E3BE0B5E653FFECBE4BEE3
:10F04C007904653F7533E6BE59AA643F5D9AE7BE05
:10F05C00AC4F643FB700E9BE73F4633F8166EABE10
:10F06C00AC98633FBBCBEBBE5A3C633F6330EDBE09
:10F07C007BDF623F7994EEBE1082623FFBF7EFBEFE
:10F08C001A24623FEA5AF1BE98C5613F43BDF2BEF5
:10F09C008A66613F071FF4BEF206613F3580F5BEFC
:10F0AC00CFA6603FCBE0F6BE2146603FC840F8BE1D
:10F0BC00E9E45F3F2DA0F9BE27835F3FF7FEFABE60
:10F0CC00DB205F3F275DFCBE05BE5E3FBBBAFDBECD
:10F0DC00A65A5E3FB217FFBEBEF65D3F063A00BFB2
:10F0EC004D925D3FE4E700BF532D5D3F739501BF2B
:10F0FC00D1C75C3FB14202BFC7615C3F9FEF02BF0B
:10F10C0034FB5B3F3D9C03BF1A945B3F894804BFB3
:10F11C00792C5B3F84F404BF50C45A3F2CA005BF2C
:10F12C00A05B5A3F824B06BF6AF2593F86F606BF78
:10F13C00AD88593F36A107BF6A1E593F924B08BF95
:10F14C00A1B3583F9BF508BF5348583F4E9F09BF8A
:10F15C007FDC573FAD480ABF2670573FB7F10ABF57
:10F16C004803573F6B9A0BBFE595563FC9420CBFFE
:10F17C00FE27563FD0EA0CBF93B9553F81920DBF85
:10F18C00A44A553FDA390EBF31DB543FDBE00EBFEA
:10F19C003B6B543F84870FBFC3FA533FD52D10BF31
:10F1AC00C789533FCDD310BF4918533F6B7911BF5B
:10F1BC0049A6523FB01E12BFC633523F9AC312BF6C
:10F1CC00C2C0513F2A6813BF3D4D513F5F0C14BF65
:10F1DC0037D9503F39B014BFAF64503FB75315BF48
:10F1EC00A8EF4F3FD9F615BF1F7A4F3F9F9916BF17
:10F1FC0017044F3F073C17BF908D4E3F12DE17BFD1
:10F20C0089164E3FC07F18BF029F4D3F0F2119BF7B
:10F21C00FD264D3F00C219BF79AE4C3F93621ABF19
:10F22C0078354C3FC6021BBFF8BB4B3F99A21BBFA6
:10F23C00FA414B3F0C421CBF7FC74A3F1FE11CBF2A
:10F24C00874C4A3FD17F1DBF12D1493F221E1EBFA2
:10F25C002155493F12BC1EBFB3D8483F9F591FBF11
:10F26C00CA5B483FCBF61FBF65DE473F939320BF79
:10F27C008560473FF92F21BF2AE2463FFBCB21BFD8
:10F28C005463463F996722BF03E4453FD30223BF33
:10F29C003964453FA99D23BFF5E3443F1A3824BF89
:10F2AC003763443F25D224BF00E2433FCB6B25BFDD
:10F2BC005160433F0A0526BF29DE423FE39D26BF2E
:10F2CC00895B423F563627BF70D8413F61CE27BF7E
:10F2DC00E154413F056628BFDAD0403F41FD28BFCD
:10F2EC005C4C403F159429BF67C73F3F802A2ABF1B
:10F2FC00FC413F3F82C02ABF1BBC3E3F1B562BBF6D
:10F30C00C5353E3F4AEB2BBFF9AE3D3F0F802CBFBE
:10F31C00B8273D3F69142DBF03A03C3F59A82DBF12
:10F32C00D9173C3FDE3B2EBF3B8F3B3FF7CE2EBF6A
:10F33C0029063B3FA5612FBFA47C3A3FE6F32FBFC4
:10F34C00ACF2393FBB8530BF4268393F221731BF21
:10F35C0065DD383F1DA831BF1652383FAA3832BF81
:10F36C0055C6373FC9C832BF233A373F7A5833BFE7
:10F37C007FAD363FBCE733BF6C20363F8F7634BF52
:10F38C00E792353FF30435BFF304353FE79235BFC1
:10F39C008F76343F6C2036BFBCE7333F7FAD36BF32
:10F3AC007A58333F233A37BFC9C8323F55C637BFA7
:10F3BC00AA38323F165238BF1DA8313F65DD38BF21
:10F3CC002217313F426839BFBB85303FACF239BFA1
:10F3DC00E6F32F3FA47C3ABFA5612F3F29063BBF24
:10F3EC00F7CE2E3F3B8F3BBFDE3B2E3FD9173CBFAA
:10F3FC0059A82D3F03A03CBF69142D3FB8273DBF32
:10F40C000F802C3FF9AE3DBF4AEB2B3FC5353EBFBD
:10F41C001B562B3F1BBC3EBF82C02A3FFC413FBF4B
:10F42C00802A2A3F67C73FBF1594293F5C4C40BFD9
:10F43C0041FD283FDAD040BF0566283FE15441BF6B
:10F44C0061CE273F70D841BF5636273F895B42BFFC
:10F45C00E39D263F29DE42BF0A05263F516043BF8C
:10F46C00CB6B253F00E243BF25D2243F376344BF1B
:10F47C001A38243FF5E344BFA99D233F396445BFA7
:10F48C00D302233F03E445BF9967223F546346BF31
:10F49C00FBCB213F2AE246BFF92F213F856047BFB6
:10F4AC009393203F65DE47BFCBF61F3FCA5B48BF37
:10F4BC009F591F3FB3D848BF12BC1E3F215549BFAF
:10F4CC00221E1E3F12D149BFD17F1D3F874C4ABF20
:10F4DC001FE11C3F7FC74ABF0C421C3FFA414BBF88
:10F4EC0099A21B3FF8BB4BBFC6021B3F78354CBFE4
:10F4FC0093621A3F79AE4CBF00C2193FFD264DBF37
:10F50C000F21193F029F4DBFC07F183F89164EBF78
:10F51C0012DE173F908D4EBF073C173F17044FBFAD
:10F52C009F99163F1F7A4FBFD9F6153FA8EF4FBFD3
:10F53C00B753153FAF6450BF39B0143F37D950BFE4
:10F54C005F0C143F3D4D51BF2A68133FC2C051BFE1
:10F55C009AC3123FC63352BFB01E123F49A652BFC8
:10F56C006B79113F491853BFCDD3103FC78953BF97
:10F57C00D52D103FC3FA53BF84870F3F3B6B54BF4D
:10F58C00DBE00E3F31DB54BFDA390E3FA44A55BFE6
:10F59C0081920D3F93B955BFD0EA0C3FFE2756BF61
:10F5AC00C9420C3FE59556BF6B9A0B3F480357BFBA
:10F5BC00B7F10A3F267057BFAD480A3F7FDC57BFF3
:10F5CC004E9F093F534858BF9BF5083FA1B358BF06
:10F5DC00924B083F6A1E59BF36A1073FAD8859BFF1
:10F5EC0086F6063F6AF259BF824B063FA05B5ABFB4
:10F5FC002CA0053F50C45ABF84F4043F792C5BBF48
:10F60C008948043F1A945BBF3D9C033F34FB5BBFAE
:10F61C009FEF023FC7615CBFB142023FD1C75CBFE5
:10F62C007395013F532D5DBFE4E7003F4D925DBFE5
:10F63C00063A003FBEF65DBFB217FF3EA65A5EBF4C
:10F64C00BBBAFD3E05BE5EBF275DFC3EDB205FBF47
:10F65C00F7FEFA3E27835FBF2DA0F93EE9E45FBFBA
:10F66C00C840F83E214660BFCBE0F63ECFA660BF57
:10F67C003580F53EF20661BF071FF43E8A6661BF16
:10F68C0043BDF23E98C561BFEA5AF13E1A2462BFEF
:10F69C00FBF7EF3E108262BF7994EE3E7BDF62BFD8
:10F6AC006330ED3E5A3C63BFBBCBEB3EAC9863BFC3
:10F6BC008166EA3E73F463BFB700E93EAC4F64BFAA
:10F6CC005D9AE73E59AA64BF7533E63E790465BF7F
:10F6DC00FECBE43E0B5E65BFFA63E33E10B765BF3D
:10F6EC006AFBE13E880F66BF4F92E03E716766BFD2
:10F6FC00A928DF3ECCBE66BF79BEDD3E991567BF3B
:10F70C00C153DC3ED86B67BF80E8DA3E87C167BF68
:10F71C00B97CD93EA81668BF6B10D83E396B68BF50
:10F72C0099A3D63E3CBF68BF4136D53EAE1269BFE9
:10F73C0067C8D33E916569BF095AD23EE4B769BF29
:10F74C002AEBD03EA7096ABFCA7BCF3ED95A6ABF03
:10F75C00EA0BCE3E7BAB6ABF8B9BCC3E8CFB6ABF6D
:10F76C00AE2ACB3E0C4B6BBF53B9C93EFB996BBF5A
:10F77C007C47C83E58E86BBF29D5C63E24366CBFC3
:10F78C005C62C53E5E836CBF15EFC33E07D06CBF99
:10F79C00557BC23E1D1C6DBF1E07C13EA1676DBFD0
:10F7AC006F92BF3E93B26DBF4A1DBE3EF2FC6DBF61
:10F7BC00AFA7BC3EBE466EBFA031BB3EF88F6EBF3E
:10F7CC001EBBB93E9ED86EBF2A44B83EB0206FBF58
:10F7DC00C3CCB63E30686FBFEC54B53E1BAF6FBFA9
:10F7EC00A5DCB33E73F56FBFEF63B23E373B70BF22
:10F7FC00CBEAB03E668070BF3A71AF3E02C570BFB7
:10F80C003CF7AD3E080971BFD47CAC3E7A4C71BF5D
:10F81C000102AB3E578F71BFC486A93E9FD171BF09
:10F82C001F0BA83E521372BF128FA63E705472BFAC
:10F83C009F12A53EF89472BFC595A33EEBD472BF40
:10F84C008718A23E471473BFE59AA03E0E5373BFB0
:10F85C00DF1C9F3E3F9173BF789E9D3ED9CE73BFF8
:10F86C00AF1F9C3EDD0B74BF86A09A3E4B4874BF05
:10F87C00FE20993E228474BF17A1973E62BF74BFCD
:10F88C00D220963E0BFA74BF31A0943E1D3475BF46
:10F89C00351F933E976D75BFDD9D913E7BA675BF61
:10F8AC002C1C903EC6DE75BF229A8E3E7A1676BF11
:10F8BC00C0178D3E974D76BF07958B3E1B8476BF48
:10F8CC00F8118A3E07BA76BF938E883E5BEF76BFFF
:10F8DC00DA0A873E172477BFCE86853E3A5877BF23
:10F8EC007002843EC58B77BFC07D823EB7BE77BFAA
:10F8FC00C0F8803E10F177BFE1E67E3ED12278BFA2
:10F90C00A4DB7B3EF85378BFCCCF783E868478BF9F
:10F91C005AC3753E7BB478BF51B6723ED6E378BFFE
:10F92C00B2A86F3E981279BF7F9A6C3EC04079BFE7
:10F93C00BA8B693E4E6E79BF667C663E439B79BF3F
:10F94C00836C633E9DC779BF135C603E5EF379BFE9
:10F95C001A4B5D3E841E7ABF97395A3E10497ABFC6
:10F96C008F27573E02737ABF0115543E599C7ABFBC
:10F97C00F101513E16C57ABF60EE4D3E37ED7ABFB0
:10F98C004FDA4A3EBE147BBFC2C5473EAB3B7BBF82
:10F99C00B9B0443EFC617BBF379B413EB2877BBF15
:10F9AC003E853E3ECDAC7BBFCF6E3B3E4DD17BBF4B
:10F9BC00EC57383E31F57BBF9840353E7A187CBF0A
:10F9CC00D428323E283B7CBFA2102F3E3A5D7CBF30
:10F9DC0004F82B3EB07E7CBFFCDE283E8A9F7CBFA9
:10F9EC008CC5253EC9BF7CBFB6AB223E6CDF7CBF4D
:10F9FC007B911F3E73FE7CBFDE761C3EDD1C7DBF03
:10FA0C00E05B193EAC3A7DBF8340163EDE577DBFAE
:10FA1C00CA24133E74747DBFB708103E6E907DBF30
:10FA2C004AEC0C3ECCAB7DBF86CF093E8CC67DBF6D
:10FA3C006EB2063EB1E07DBF0295033E38FA7DBF43
:10FA4C004577003E24137EBF73B2FA3D722B7EBF06
:10FA5C00C075F43D23437EBF7638EE3D385A7EBFE9
:10FA6C009AFAE73DB0707EBF2EBCE13D8B867EBF1F
:10FA7C00377DDB3DC99B7EBFB93DD53D69B07EBFAF
:10FA8C00B7FDCE3D6DC47EBF36BDC83DD4D77EBF5D
:10FA9C00397CC23D9DEA7EBFC33ABC3DC9FC7EBFEA
:10FAAC00DAF8B53D580E7FBF80B6AF3D491F7FBF1A
:10FABC00BA73A93D9D2F7FBF8C30A33D543F7FBFB0
:10FACC00F9EC9C3D6D4E7FBF05A9963DE95C7FBF6F
:10FADC00B464903DC76A7FBF0A208A3D08787FBF17
:10FAEC000ADB833DAB847FBF742B7B3DB1907FBF22
:10FAFC0038A06E3D189C7FBF6814623DE3A67FBFA3
:10FB0C000E88553D0FB17FBF2FFB483D9EBA7FBF7E
:10FB1C00D56D3C3D8FC37FBF07E02F3DE2CB7FBF50
:10FB2C00CC51233D98D37FBF2CC3163DAFDA7FBF9A
:10FB3C002F340A3D29E17FBFB949FB3C05E77FBF64
:10FB4C007B2AE23C43EC7FBFB00AC93CE3F07FBFA9
:10FB5C0069EAAF3CE6F47FBFB6C9963C4AF87FBF72
:10FB6C004B517B3C11FB7FBF900E493C39FD7FBF55
:10FB7C0059CB163CC4FE7FBF890FC93BB1FF7FBF79
:10FB8C00C70F493B000080BF00000000B1FF7FBFE2
:10FB9C00C70F49BBC4FE7FBF890FC9BB39FD7FBFEF
:10FBAC0059CB16BC11FB7FBF900E49BC4AF87FBFE6
:10FBBC004B517BBCE6F47FBFB6C996BCE3F07FBF6C
:10FBCC0069EAAFBC43EC7FBFB00AC9BC05E77FBF95
:10FBDC007B2AE2BC29E17FBFB949FBBCAFDA7FBF0E
:10FBEC002F340ABD98D37FBF2CC316BDE2CB7FBF89
:10FBFC00CC5123BD8FC37FBF07E02FBD9EBA7FBF03
:10FC0C00D56D3CBD0FB17FBF2FFB48BDE3A67FBFB9
:10FC1C000E8855BD189C7FBF681462BDB1907FBF24
:10FC2C0038A06EBDAB847FBF742B7BBD08787FBFC3
:10FC3C000ADB83BDC76A7FBF0A208ABDE95C7FBF30
:10FC4C00B46490BD6D4E7FBF05A996BD543F7FBF78
:10FC5C00F9EC9CBD9D2F7FBF8C30A3BD491F7FBF8E
:10FC6C00BA73A9BD580E7FBF80B6AFBDC9FC7EBFAD
:10FC7C00DAF8B5BD9DEA7EBFC33ABCBDD4D77EBF12
:10FC8C00397CC2BD6DC47EBF36BDC8BD69B07EBFF8
:10FC9C00B7FDCEBDC99B7EBFB93DD5BD8B867EBFA2
:10FCAC00377DDBBDB0707EBF2EBCE1BD385A7EBF48
:10FCBC009AFAE7BD23437EBF7638EEBD722B7EBF2A
:10FCCC00C075F4BD24137EBF73B2FABD38FA7DBF84
:10FCDC00457700BEB1E07DBF029503BE8CC67DBFEB
:10FCEC006EB206BECCAB7DBF86CF09BE6E907DBF1B
:10FCFC004AEC0CBE74747DBFB70810BEDE577DBFD6
:10FD0C00CA2413BEAC3A7DBF834016BEDD1C7DBF3A
:10FD1C00E05B19BE73FE7CBFDE761CBE6CDF7CBF65
:10FD2C007B911FBEC9BF7CBFB6AB22BE8A9F7CBF76
:10FD3C008CC525BEB07E7CBFFCDE28BE3A5D7CBF88
:10FD4C0004F82BBE283B7CBFA2102FBE7A187CBFB8
:10FD5C00D42832BE31F57BBF984035BE4DD17BBF28
:10FD6C00EC5738BECDAC7BBFCF6E3BBEB2877BBFF2
:10FD7C003E853EBEFC617BBF379B41BEAB3B7BBF30
:10FD8C00B9B044BEBE147BBFC2C547BE37ED7ABF07
:10FD9C004FDA4ABE16C57ABF60EE4DBE599C7ABF8B
:10FDAC00F10151BE02737ABF011554BE10497ABFDE
:10FDBC008F2757BE841E7ABF97395ABE5EF379BF20
:10FDCC001A4B5DBE9DC779BF135C60BE439B79BF68
:10FDDC00836C63BE4E6E79BF667C66BEC04079BFD5
:10FDEC00BA8B69BE981279BF7F9A6CBED6E378BF86
:10FDFC00B2A86FBE7BB478BF51B672BE868478BF92
:10FE0C005AC375BEF85378BFCCCF78BED12278BF19
:10FE1C00A4DB7BBE10F177BFE1E67EBEB7BE77BF39
:10FE2C00C0F880BEC58B77BFC07D82BE3A5877BF05
:10FE3C00700284BE172477BFCE8685BE5BEF76BF7B
:10FE4C00DA0A87BE07BA76BF938E88BE1B8476BF4C
:10FE5C00F8118ABE974D76BF07958BBE7A1676BF82
:10FE6C00C0178DBEC6DE75BF229A8EBE7BA675BF2F
:10FE7C002C1C90BE976D75BFDD9D91BE1D3475BF5A
:10FE8C00351F93BE0BFA74BF31A094BE62BF74BF12
:10FE9C00D22096BE228474BF17A197BE4B4874BF64
:10FEAC00FE2099BEDD0B74BF86A09ABED9CE73BF5F
:10FEBC00AF1F9CBE3F9173BF789E9DBE0E5373BF08
:10FECC00DF1C9FBE471473BFE59AA0BEEBD472BF74
:10FEDC008718A2BEF89472BFC595A3BE705472BFAA
:10FEEC009F12A5BE521372BF128FA6BE9FD171BFB7
:10FEFC001F0BA8BE578F71BFC486A9BE7A4C71BFA9
:10FF0C000102ABBE080971BFD47CACBE02C570BF88
:10FF1C003CF7ADBE668070BF3A71AFBE373B70BF69
:10FF2C00CBEAB0BE73F56FBFEF63B2BE1BAF6FBF52
:10FF3C00A5DCB3BE30686FBFEC54B5BEB0206FBF4C
:10FF4C00C3CCB6BE9ED86EBF2A44B8BEF88F6EBF67
:10FF5C001EBBB9BEBE466EBFA031BBBEF2FC6DBFB0
:10FF6C00AFA7BCBE93B26DBF4A1DBEBEA1676DBF2D
:10FF7C006F92BFBE1D1C6DBF1E07C1BE07D06CBFEC
:10FF8C00557BC2BE5E836CBF15EFC3BE24366CBFFF
:10FF9C005C62C5BE58E86BBF29D5C6BEFB996BBF6A
:10FFAC007C47C8BE0C4B6BBF53B9C9BE8CFB6ABF38
:10FFBC00AE2ACBBE7BAB6ABF8B9BCCBED95A6ABF79
:10FFCC00EA0BCEBEA7096ABFCA7BCFBEE4B769BF36
:10FFDC002AEBD0BE916569BF095AD2BEAE1269BF79
:10FFEC0067C8D3BE3CBF68BF4136D5BE396B68BF4E
:04FFFC0099A3D6BE31
:02000004600298
:10000000A81668BF6B10D8BE87C167BFB97CD9BEC0
:10001000D86B67BF80E8DABE991567BFC153DCBEF5
:10002000CCBE66BF79BEDDBE716766BFA928DFBEE4
:10003000880F66BF4F92E0BE10B765BF6AFBE1BE96
:100040000B5E65BFFA63E3BE790465BFFECBE4BE19
:1000500059AA64BF7533E6BEAC4F64BF5D9AE7BE74
:1000600073F463BFB700E9BEAC9863BF8166EABEB4
:100070005A3C63BFBBCBEBBE7BDF62BF6330EDBEE0
:10008000108262BF7994EEBE1A2462BFFBF7EFBE06
:1000900098C561BFEA5AF1BE8A6661BF43BDF2BE30
:1000A000F20661BF071FF4BECFA660BF3580F5BE64
:1000B000214660BFCBE0F6BEE9E45FBFC840F8BEB2
:1000C00027835FBF2DA0F9BEDB205FBFF7FEFABE1E
:1000D00005BE5EBF275DFCBEA65A5EBFBBBAFDBEB5
:1000E000BEF65DBFB217FFBE4D925DBF063A00BFC0
:1000F000532D5DBFE4E700BFD1C75CBF739501BF5F
:10010000C7615CBFB14202BF34FB5BBF9FEF02BF60
:100110001A945BBF3D9C03BF792C5BBF894804BF29
:1001200050C45ABF84F404BFA05B5ABF2CA005BFC3
:100130006AF259BF824B06BFAD8859BF86F606BF2B
:100140006A1E59BF36A107BFA1B358BF924B08BF63
:10015000534858BF9BF508BF7FDC57BF4E9F09BF70
:10016000267057BFAD480ABF480357BFB7F10ABF53
:10017000E59556BF6B9A0BBFFE2756BFC9420CBF11
:1001800093B955BFD0EA0CBFA44A55BF81920DBFA9
:1001900031DB54BFDA390EBF3B6B54BFDBE00EBF1F
:1001A000C3FA53BF84870FBFC78953BFD52D10BF74
:1001B000491853BFCDD310BF49A652BF6B7911BFA9
:1001C000C63352BFB01E12BFC2C051BF9AC312BFC6
:1001D0003D4D51BF2A6813BF37D950BF5F0C14BFC4
:1001E000AF6450BF39B014BFA8EF4FBFB75315BFAE
:1001F0001F7A4FBFD9F615BF17044FBF9F9916BF7F
:10020000908D4EBF073C17BF89164EBF12DE17BF39
:10021000029F4DBFC07F18BFFD264DBF0F2119BFE4
:1002200079AE4CBF00C219BF78354CBF93621ABF7C
:10023000F8BB4BBFC6021BBFFA414BBF99A21BBF05
:100240007FC74ABF0C421CBF874C4ABF1FE11CBF7F
:1002500012D149BFD17F1DBF215549BF221E1EBFEC
:10026000B3D848BF12BC1EBFCA5B48BF9F591FBF4F
:1002700065DE47BFCBF61FBF856047BF939320BFA6
:100280002AE246BFF92F21BF546346BFFBCB21BFF3
:1002900003E445BF996722BF396445BFD30223BF3A
:1002A000F5E344BFA99D23BF376344BF1A3824BF79
:1002B00000E243BF25D224BF516043BFCB6B25BFB3
:1002C00029DE42BF0A0526BF895B42BFE39D26BFE8
:1002D00070D841BF563627BFE15441BF61CE27BF1A
:1002E000DAD040BF056628BF5C4C40BF41FD28BF47
:1002F00067C73FBF159429BFFC413FBF802A2ABF73
:100300001BBC3EBF82C02ABFC5353EBF1B562BBF9C
:10031000F9AE3DBF4AEB2BBFB8273DBF0F802CBFC6
:1003200003A03CBF69142DBFD9173CBF59A82DBFEE
:100330003B8F3BBFDE3B2EBF29063BBFF7CE2EBF18
:10034000A47C3ABFA5612FBFACF239BFE6F32FBF43
:10035000426839BFBB8530BF65DD38BF221731BF6A
:10036000165238BF1DA831BF55C637BFAA3832BF95
:10037000233A37BFC9C832BF7FAD36BF7A5833BFC3
:100380006C2036BFBCE733BFE79235BF8F7634BFF2
:10039000F30435BFF30435BF8F7634BFE79235BF22
:1003A000BCE733BF6C2036BF7A5833BF7FAD36BF52
:1003B000C9C832BF233A37BFAA3832BF55C637BF84
:1003C0001DA831BF165238BF221731BF65DD38BFB7
:1003D000BB8530BF426839BFE6F32FBFACF239BFEF
:1003E000A5612FBFA47C3ABFF7CE2EBF29063BBF25
:1003F000DE3B2EBF3B8F3BBF59A82DBFD9173CBF5B
:1004000069142DBF03A03CBF0F802CBFB8273DBF90
:100410004AEB2BBFF9AE3DBF1B562BBFC5353EBFC8
:1004200082C02ABF1BBC3EBF802A2ABFFC413FBFFF
:10043000159429BF67C73FBF41FD28BF5C4C40BF33
:10044000056628BFDAD040BF61CE27BFE15441BF67
:10045000563627BF70D841BFE39D26BF895B42BF98
:100460000A0526BF29DE42BFCB6B25BF516043BFC3
:1004700025D224BF00E243BF1A3824BF376344BFEC
:10048000A99D23BFF5E344BFD30223BF396445BF11
:10049000996722BF03E445BFFBCB21BF546346BF2E
:1004A000F92F21BF2AE246BF939320BF856047BF43
:1004B000CBF61FBF65DE47BF9F591FBFCA5B48BF52
:1004C00012BC1EBFB3D848BF221E1EBF215549BF54
:1004D000D17F1DBF12D149BF1FE11CBF874C4ABF4E
:1004E0000C421CBF7FC74ABF99A21BBFFA414BBF3A
:1004F000C6021BBFF8BB4BBF93621ABF78354CBF17
:1005000000C219BF79AE4CBF0F2119BFFD264DBFE8
:10051000C07F18BF029F4DBF12DE17BF89164EBFA6
:10052000073C17BF908D4EBF9F9916BF17044FBF52
:10053000D9F615BF1F7A4FBFB75315BFA8EF4FBFEE
:1005400039B014BFAF6450BF5F0C14BF37D950BF70
:100550002A6813BF3D4D51BF9AC312BFC2C051BFDD
:10056000B01E12BFC63352BF6B7911BF49A652BF2E
:10057000CDD310BF491853BFD52D10BFC78953BF66
:1005800084870FBFC3FA53BFDBE00EBF3B6B54BF82
:10059000DA390EBF31DB54BF81920DBFA44A55BF7B
:1005A000D0EA0CBF93B955BFC9420CBFFE2756BF56
:1005B0006B9A0BBFE59556BFB7F10ABF480357BF0B
:1005C000AD480ABF267057BF4E9F09BF7FDC57BF9B
:1005D0009BF508BF534858BF924B08BFA1B358BF03
:1005E00036A107BF6A1E59BF86F606BFAD8859BF40
:1005F000824B06BF6AF259BF2CA005BFA05B5ABF51
:1006000084F404BF50C45ABF894804BF792C5BBF2F
:100610003D9C03BF1A945BBF9FEF02BF34FB5BBFDF
:10062000B14202BFC7615CBF739501BFD1C75CBF58
:10063000E4E700BF532D5DBF063A00BF4D925DBF9A
:10064000B217FFBEBEF65DBFBBBAFDBEA65A5EBF07
:10065000275DFCBE05BE5EBFF7FEFABEDB205FBFB6
:100660002DA0F9BE27835FBFC840F8BEE9E45FBF95
:10067000CBE0F6BE214660BF3580F5BECFA660BF99
:10068000071FF4BEF20661BF43BDF2BE8A6661BFBA
:10069000EA5AF1BE98C561BFFBF7EFBE1A2462BFEC
:1006A0007994EEBE108262BF6330EDBE7BDF62BF25
:1006B000BBCBEBBE5A3C63BF8166EABEAC9863BF5E
:1006C000B700E9BE73F463BF5D9AE7BEAC4F64BF89
:1006D0007533E6BE59AA64BFFECBE4BE790465BF9C
:1006E000FA63E3BE0B5E65BF6AFBE1BE10B765BF90
:1006F0004F92E0BE880F66BFA928DFBE716766BF54
:1007000079BEDDBECCBE66BFC153DCBE991567BFE6
:1007100080E8DABED86B67BFB97CD9BE87C167BF36
:100720006B10D8BEA81668BF99A3D6BE396B68BF38
:100730004136D5BE3CBF68BF67C8D3BEAE1269BFE5
:10074000095AD2BE916569BF2AEBD0BEE4B769BF32
:10075000CA7BCFBEA7096ABFEA0BCEBED95A6ABF11
:100760008B9BCCBE7BAB6ABFAE2ACBBE8CFB6ABF79
:1007700053B9C9BE0C4B6BBF7C47C8BEFB996BBF5E
:1007800029D5C6BE58E86BBF5C62C5BE24366CBFB7
:1007900015EFC3BE5E836CBF557BC2BE07D06CBF76
:1007A0001E07C1BE1D1C6DBF6F92BFBEA1676DBF8E
:1007B0004A1DBEBE93B26DBFAFA7BCBEF2FC6DBFFB
:1007C000A031BBBEBE466EBF1EBBB9BEF88F6EBFAA
:1007D0002A44B8BE9ED86EBFC3CCB6BEB0206FBF91
:1007E000EC54B5BE30686FBFA5DCB3BE1BAF6FBFA6
:1007F000EF63B2BE73F56FBFCBEAB0BE373B70BFDD
:100800003A71AFBE668070BF3CF7ADBE02C570BF27
:10081000D47CACBE080971BF0102ABBE7A4C71BF7B
:10082000C486A9BE578F71BF1F0BA8BE9FD171BFD1
:10083000128FA6BE521372BF9F12A5BE705472BF14
:10084000C595A3BEF89472BF8718A2BEEBD472BF41
:10085000E59AA0BE471473BFDF1C9FBE0E5373BF43
:10086000789E9DBE3F9173BFAF1F9CBED9CE73BF14
:1008700086A09ABEDD0B74BFFE2099BE4B4874BFA4
:1008800017A197BE228474BFD22096BE62BF74BFE8
:1008900031A094BE0BFA74BF351F93BE1D3475BFD3
:1008A000DD9D91BE976D75BF2C1C90BE7BA675BF5C
:1008B000229A8EBEC6DE75BFC0178DBE7A1676BF71
:1008C00007958BBE974D76BFF8118ABE1B8476BF05
:1008D000938E88BE07BA76BFDA0A87BE5BEF76BF13
:1008E000CE8685BE172477BF700284BE3A5877BF84
:1008F000C07D82BEC58B77BFC0F880BEB7BE77BF54
:10090000E1E67EBE10F177BFA4DB7BBED12278BFCB
:10091000CCCF78BEF85378BF5AC375BE868478BFF3
:1009200051B672BE7BB478BFB2A86FBED6E378BFB3
:100930007F9A6CBE981279BFBA8B69BEC04079BFEE
:10094000667C66BE4E6E79BF836C63BE439B79BF87
:10095000135C60BE9DC779BF1A4B5DBE5EF379BF65
:1009600097395ABE841E7ABF8F2757BE10497ABF67
:10097000011554BE02737ABFF10151BE599C7ABF72
:1009800060EE4DBE16C57ABF4FDA4ABE37ED7ABF6C
:10099000C2C547BEBE147BBFB9B044BEAB3B7BBF34
:1009A000379B41BEFC617BBF3E853EBEB2877BBFAD
:1009B000CF6E3BBECDAC7BBFEC5738BE4DD17BBFBD
:1009C000984035BE31F57BBFD42832BE7A187CBF43
:1009D000A2102FBE283B7CBF04F82BBE3A5D7CBF23
:1009E000FCDE28BEB07E7CBF8CC525BE8A9F7CBF46
:1009F000B6AB22BEC9BF7CBF7B911FBE6CDF7CBF84
:100A0000DE761CBE73FE7CBFE05B19BEDD1C7DBFC5
:100A1000834016BEAC3A7DBFCA2413BEDE577DBFED
:100A2000B70810BE74747DBF4AEC0CBE6E907DBFDB
:100A300086CF09BECCAB7DBF6EB206BE8CC67DBF75
:100A4000029503BEB1E07DBF457700BE38FA7DBF99
:100A500073B2FABD24137EBFC075F4BD722B7EBF86
:100A60007638EEBD23437EBF9AFAE7BD385A7EBF83
:100A70002EBCE1BDB0707EBF377DDBBD8B867EBFF7
:100A8000B93DD5BDC99B7EBFB7FDCEBD69B07EBFA8
:100A900036BDC8BD6DC47EBF397CC2BDD4D77EBF54
:100AA000C33ABCBD9DEA7EBFDAF8B5BDC9FC7EBFC6
:100AB00080B6AFBD580E7FBFBA73A9BD491F7FBFB7
:100AC0008C30A3BD9D2F7FBFF9EC9CBD543F7FBFF1
:100AD00005A996BD6D4E7FBFB46490BDE95C7FBF34
:100AE0000A208ABDC76A7FBF0ADB83BD08787FBF43
:100AF000742B7BBDAB847FBF38A06EBDB1907FBF30
:100B0000681462BD189C7FBF0E8855BDE3A67FBFE9
:100B10002FFB48BD0FB17FBFD56D3CBD9EBA7FBFD7
:100B200007E02FBD8FC37FBFCC5123BDE2CB7FBF7A
:100B30002CC316BD98D37FBF2F340ABDAFDA7FBF59
:100B4000B949FBBC29E17FBF7B2AE2BC05E77FBF37
:100B5000B00AC9BC43EC7FBF69EAAFBCE3F07FBF1A
:100B6000B6C996BCE6F47FBF4B517BBC4AF87FBF49
:100B7000900E49BC11FB7FBF59CB16BC39FD7FBF1E
:100B8000890FC9BBC4FE7FBFC70F49BBB1FF7FBF81
:100B900000000080000080BFC70F493BB1FF7FBF4E
:100BA000890FC93BC4FE7FBF59CB163C39FD7FBFBF
:100BB000900E493C11FB7FBF4B517B3C4AF87FBFF5
:100BC000B6C9963CE6F47FBF69EAAF3CE3F07FBF6D
:100BD000B00AC93C43EC7FBF7B2AE23C05E77FBFFC
:100BE000B949FB3C29E17FBF2F340A3DAFDA7FBF13
:100BF0002CC3163D98D37FBFCC51233DE2CB7FBFA2
:100C000007E02F3D8FC37FBFD56D3C3D9EBA7FBFB0
:100C10002FFB483D0FB17FBF0E88553DE3A67FBF38
:100C20006814623D189C7FBF38A06E3DB1907FBFB5
:100C3000742B7B3DAB847FBF0ADB833D08787FBF8D
:100C40000A208A3DC76A7FBFB464903DE95C7FBFDC
:100C500005A9963D6D4E7FBFF9EC9C3D543F7FBF8B
:100C60008C30A33D9D2F7FBFBA73A93D491F7FBF25
:100C700080B6AF3D580E7FBFDAF8B53DC9FC7EBFE8
:100C8000C33ABC3D9DEA7EBF397CC23DD4D77EBF0E
:100C900036BDC83D6DC47EBFB7FDCE3D69B07EBFD9
:100CA000B93DD53DC99B7EBF377DDB3D8B867EBF81
:100CB0002EBCE13DB0707EBF9AFAE73D385A7EBF48
:100CC0007638EE3D23437EBFC075F43D722B7EBF68
:100CD00073B2FA3D24137EBF4577003E38FA7DBFDC
:100CE0000295033EB1E07DBF6EB2063E8CC67DBF6D
:100CF00086CF093ECCAB7DBF4AEC0C3E6E907DBFEB
:100D0000B708103E74747DBFCA24133EDE577DBF02
:100D10008340163EAC3A7DBFE05B193EDD1C7DBFD3
:100D2000DE761C3E73FE7CBF7B911F3E6CDF7CBF7A
:100D3000B6AB223EC9BF7CBF8CC5253E8A9F7CBF17
:100D4000FCDE283EB07E7CBF04F82B3E3A5D7CBFC3
:100D5000A2102F3E283B7CBFD428323E7A187CBF9D
:100D60009840353E31F57BBFEC57383E4DD17BBFC7
:100D7000CF6E3B3ECDAC7BBF3E853E3EB2877BBF58
:100D8000379B413EFC617BBFB9B0443EAB3B7BBF70
:100D9000C2C5473EBE147BBF4FDA4A3E37ED7ABF2D
:100DA00060EE4D3E16C57ABFF101513E599C7ABFA7
:100DB0000115543E02737ABF8F27573E10497ABF00
:100DC00097395A3E841E7ABF1A4B5D3E5EF379BF57
:100DD000135C603E9DC779BF836C633E439B79BFC4
:100DE000667C663E4E6E79BFBA8B693EC04079BF65
:100DF0007F9A6C3E981279BFB2A86F3ED6E378BF57
:100E000051B6723E7BB478BF5AC3753E868478BFB4
:100E1000CCCF783EF85378BFA4DB7B3ED12278BF9D
:100E2000E1E67E3E10F177BFC0F8803EB7BE77BFE7
:100E3000C07D823EC58B77BF7002843E3A5877BF33
:100E4000CE86853E172477BFDA0A873E5BEF76BFF2
:100E5000938E883E07BA76BFF8118A3E1B8476BF10
:100E600007958B3E974D76BFC0178D3E7A1676BF9D
:100E7000229A8E3EC6DE75BF2C1C903E7BA675BFA7
:100E8000DD9D913E976D75BF351F933E1D3475BF37
:100E900031A0943E0BFA74BFD220963E62BF74BF5D
:100EA00017A1973E228474BFFE20993E4B4874BF21
:100EB00086A09A3EDD0B74BFAF1F9C3ED9CE73BF98
:100EC000789E9D3E3F9173BFDF1C9F3E0E5373BFC4
:100ED000E59AA03E471473BF8718A23EEBD472BFB9
:100EE000C595A33EF89472BF9F12A53E705472BF81
:100EF000128FA63E521372BF1F0BA83E9FD171BF27
:100F0000C486A93E578F71BF0102AB3E7A4C71BFB8
:100F1000D47CAC3E080971BF3CF7AD3E02C570BF42
:100F20003A71AF3E668070BFCBEAB03E373B70BFD0
:100F3000EF63B23E73F56FBFA5DCB33E1BAF6FBF6F
:100F4000EC54B53E30686FBFC3CCB63EB0206FBF27
:100F50002A44B83E9ED86EBF1EBBB93EF88F6EBF06
:100F6000A031BB3EBE466EBFAFA7BC3EF2FC6DBF1C
:100F70004A1DBE3E93B26DBF6F92BF3EA1676DBF6B
:100F80001E07C13E1D1C6DBF557BC23E07D06CBF06
:100F900015EFC33E5E836CBF5C62C53E24366CBFFA
:100FA00029D5C63E58E86BBF7C47C83EFB996BBF4E
:100FB00053B9C93E0C4B6BBFAE2ACB3E8CFB6ABF0C
:100FC0008B9BCC3E7BAB6ABFEA0BCE3ED95A6ABF45
:100FD000CA7BCF3EA7096ABF2AEBD03EE4B769BF00
:100FE000095AD23E916569BF67C8D33EAE1269BF48
:100FF0004136D53E3CBF68BF99A3D63E396B68BF2A
:101000006B10D83EA81668BFB97CD93E87C167BFB0
:1010100080E8DA3ED86B67BFC153DC3E991567BFE5
:1010200079BEDD3ECCBE66BFA928DF3E716766BFD4
:101030004F92E03E880F66BF6AFBE13E10B765BF86
:10104000FA63E33E0B5E65BFFECBE43E790465BF09
:101050007533E63E59AA64BF5D9AE73EAC4F64BF64
:10106000B700E93E73F463BF8166EA3EAC9863BFA4
:10107000BBCBEB3E5A3C63BF6330ED3E7BDF62BFD0
:101080007994EE3E108262BFFBF7EF3E1A2462BFF6
:10109000EA5AF13E98C561BF43BDF23E8A6661BF20
:1010A000071FF43EF20661BF3580F53ECFA660BF54
:1010B000CBE0F63E214660BFC840F83EE9E45FBFA2
:1010C0002DA0F93E27835FBFF7FEFA3EDB205FBF0E
:1010D000275DFC3E05BE5EBFBBBAFD3EA65A5EBFA5
:1010E000B217FF3EBEF65DBF063A003F4D925DBFB0
:1010F000E4E7003F532D5DBF7395013FD1C75CBF4F
:10110000B142023FC7615CBF9FEF023F34FB5BBF50
:101110003D9C033F1A945BBF8948043F792C5BBF19
:1011200084F4043F50C45ABF2CA0053FA05B5ABFB3
:10113000824B063F6AF259BF86F6063FAD8859BF1B
:1011400036A1073F6A1E59BF924B083FA1B358BF53
:101150009BF5083F534858BF4E9F093F7FDC57BF60
:10116000AD480A3F267057BFB7F10A3F480357BF43
:101170006B9A0B3FE59556BFC9420C3FFE2756BF01
:10118000D0EA0C3F93B955BF81920D3FA44A55BF99
:10119000DA390E3F31DB54BFDBE00E3F3B6B54BF0F
:1011A00084870F3FC3FA53BFD52D103FC78953BF64
:1011B000CDD3103F491853BF6B79113F49A652BF99
:1011C000B01E123FC63352BF9AC3123FC2C051BFB6
:1011D0002A68133F3D4D51BF5F0C143F37D950BFB4
:1011E00039B0143FAF6450BFB753153FA8EF4FBF9E
:1011F000D9F6153F1F7A4FBF9F99163F17044FBF6F
:10120000073C173F908D4EBF12DE173F89164EBF29
:10121000C07F183F029F4DBF0F21193FFD264DBFD4
:1012200000C2193F79AE4CBF93621A3F78354CBF6C
:10123000C6021B3FF8BB4BBF99A21B3FFA414BBFF5
:101240000C421C3F7FC74ABF1FE11C3F874C4ABF6F
:10125000D17F1D3F12D149BF221E1E3F215549BFDC
:1012600012BC1E3FB3D848BF9F591F3FCA5B48BF3F
:10127000CBF61F3F65DE47BF9393203F856047BF96
:10128000F92F213F2AE246BFFBCB213F546346BFE3
:101290009967223F03E445BFD302233F396445BF2A
:1012A000A99D233FF5E344BF1A38243F376344BF69
:1012B00025D2243F00E243BFCB6B253F516043BFA3
:1012C0000A05263F29DE42BFE39D263F895B42BFD8
:1012D0005636273F70D841BF61CE273FE15441BF0A
:1012E0000566283FDAD040BF41FD283F5C4C40BF37
:1012F0001594293F67C73FBF802A2A3FFC413FBF63
:1013000082C02A3F1BBC3EBF1B562B3FC5353EBF8C
:101310004AEB2B3FF9AE3DBF0F802C3FB8273DBFB6
:1013200069142D3F03A03CBF59A82D3FD9173CBFDE
:10133000DE3B2E3F3B8F3BBFF7CE2E3F29063BBF08
:10134000A5612F3FA47C3ABFE6F32F3FACF239BF33
:10135000BB85303F426839BF2217313F65DD38BF5A
:101360001DA8313F165238BFAA38323F55C637BF85
:10137000C9C8323F233A37BF7A58333F7FAD36BFB3
:10138000BCE7333F6C2036BF8F76343FE79235BFE2
:10139000F304353FF30435BFE792353F8F7634BF12
:1013A0006C20363FBCE733BF7FAD363F7A5833BF42
:1013B000233A373FC9C832BF55C6373FAA3832BF74
:1013C0001652383F1DA831BF65DD383F221731BFA7
:1013D0004268393FBB8530BFACF2393FE6F32FBFDF
:1013E000A47C3A3FA5612FBF29063B3FF7CE2EBF15
:1013F0003B8F3B3FDE3B2EBFD9173C3F59A82DBF4B
:1014000003A03C3F69142DBFB8273D3F0F802CBF80
:10141000F9AE3D3F4AEB2BBFC5353E3F1B562BBFB8
:101420001BBC3E3F82C02ABFFC413F3F802A2ABFEF
:1014300067C73F3F159429BF5C4C403F41FD28BF23
:10144000DAD0403F056628BFE154413F61CE27BF57
:1014500070D8413F563627BF895B423FE39D26BF88
:1014600029DE423F0A0526BF5160433FCB6B25BFB3
:1014700000E2433F25D224BF3763443F1A3824BFDC
:10148000F5E3443FA99D23BF3964453FD30223BF01
:1014900003E4453F996722BF5463463FFBCB21BF1E
:1014A0002AE2463FF92F21BF8560473F939320BF33
:1014B00065DE473FCBF61FBFCA5B483F9F591FBF42
:1014C000B3D8483F12BC1EBF2155493F221E1EBF44
:1014D00012D1493FD17F1DBF874C4A3F1FE11CBF3E
:1014E0007FC74A3F0C421CBFFA414B3F99A21BBF2A
:1014F000F8BB4B3FC6021BBF78354C3F93621ABF07
:1015000079AE4C3F00C219BFFD264D3F0F2119BFD8
:10151000029F4D3FC07F18BF89164E3F12DE17BF96
:10152000908D4E3F073C17BF17044F3F9F9916BF42
:101530001F7A4F3FD9F615BFA8EF4F3FB75315BFDE
:10154000AF64503F39B014BF37D9503F5F0C14BF60
:101550003D4D513F2A6813BFC2C0513F9AC312BFCD
:10156000C633523FB01E12BF49A6523F6B7911BF1E
:101570004918533FCDD310BFC789533FD52D10BF56
:10158000C3FA533F84870FBF3B6B543FDBE00EBF72
:1015900031DB543FDA390EBFA44A553F81920DBF6B
:1015A00093B9553FD0EA0CBFFE27563FC9420CBF46
:1015B000E595563F6B9A0BBF4803573FB7F10ABFFB
:1015C0002670573FAD480ABF7FDC573F4E9F09BF8B
:1015D0005348583F9BF508BFA1B3583F924B08BFF3
:1015E0006A1E593F36A107BFAD88593F86F606BF30
:1015F0006AF2593F824B06BFA05B5A3F2CA005BF41
:1016000050C45A3F84F404BF792C5B3F894804BF1F
:101610001A945B3F3D9C03BF34FB5B3F9FEF02BFCF
:10162000C7615C3FB14202BFD1C75C3F739501BF48
:10163000532D5D3FE4E700BF4D925D3F063A00BF8A
:10164000BEF65D3FB217FFBEA65A5E3FBBBAFDBEF7
:1016500005BE5E3F275DFCBEDB205F3FF7FEFABEA6
:1016600027835F3F2DA0F9BEE9E45F3FC840F8BE85
:101670002146603FCBE0F6BECFA6603F3580F5BE89
:10168000F206613F071FF4BE8A66613F43BDF2BEAA
:1016900098C5613FEA5AF1BE1A24623FFBF7EFBEDC
:1016A0001082623F7994EEBE7BDF623F6330EDBE15
:1016B0005A3C633FBBCBEBBEAC98633F8166EABE4E
:1016C00073F4633FB700E9BEAC4F643F5D9AE7BE79
:1016D00059AA643F7533E6BE7904653FFECBE4BE8C
:1016E0000B5E653FFA63E3BE10B7653F6AFBE1BE80
:1016F000880F663F4F92E0BE7167663FA928DFBE44
:10170000CCBE663F79BEDDBE9915673FC153DCBED6
:10171000D86B673F80E8DABE87C1673FB97CD9BE26
:10172000A816683F6B10D8BE396B683F99A3D6BE28
:101730003CBF683F4136D5BEAE12693F67C8D3BED5
:101740009165693F095AD2BEE4B7693F2AEBD0BE22
:10175000A7096A3FCA7BCFBED95A6A3FEA0BCEBE01
:101760007BAB6A3F8B9BCCBE8CFB6A3FAE2ACBBE69
:101770000C4B6B3F53B9C9BEFB996B3F7C47C8BE4E
:1017800058E86B3F29D5C6BE24366C3F5C62C5BEA7
:101790005E836C3F15EFC3BE07D06C3F557BC2BE66
:1017A0001D1C6D3F1E07C1BEA1676D3F6F92BFBE7E
:1017B00093B26D3F4A1DBEBEF2FC6D3FAFA7BCBEEB
:1017C000BE466E3FA031BBBEF88F6E3F1EBBB9BE9A
:1017D0009ED86E3F2A44B8BEB0206F3FC3CCB6BE81
:1017E00030686F3FEC54B5BE1BAF6F3FA5DCB3BE96
:1017F00073F56F3FEF63B2BE373B703FCBEAB0BECD
:101800006680703F3A71AFBE02C5703F3CF7ADBE17
:101810000809713FD47CACBE7A4C713F0102ABBE6B
:10182000578F713FC486A9BE9FD1713F1F0BA8BEC1
:101830005213723F128FA6BE7054723F9F12A5BE04
:10184000F894723FC595A3BEEBD4723F8718A2BE31
:101850004714733FE59AA0BE0E53733FDF1C9FBE33
:101860003F91733F789E9DBED9CE733FAF1F9CBE04
:10187000DD0B743F86A09ABE4B48743FFE2099BE94
:101880002284743F17A197BE62BF743FD22096BED8
:101890000BFA743F31A094BE1D34753F351F93BEC3
:1018A000976D753FDD9D91BE7BA6753F2C1C90BE4C
:1018B000C6DE753F229A8EBE7A16763FC0178DBE61
:1018C000974D763F07958BBE1B84763FF8118ABEF5
:1018D00007BA763F938E88BE5BEF763FDA0A87BE03
:1018E0001724773FCE8685BE3A58773F700284BE74
:1018F000C58B773FC07D82BEB7BE773FC0F880BE44
:1019000010F1773FE1E67EBED122783FA4DB7BBEBB
:10191000F853783FCCCF78BE8684783F5AC375BEE3
:101920007BB4783F51B672BED6E3783FB2A86FBEA3
:101930009812793F7F9A6CBEC040793FBA8B69BEDE
:101940004E6E793F667C66BE439B793F836C63BE77
:101950009DC7793F135C60BE5EF3793F1A4B5DBE55
:10196000841E7A3F97395ABE10497A3F8F2757BE57
:1019700002737A3F011554BE599C7A3FF10151BE62
:1019800016C57A3F60EE4DBE37ED7A3F4FDA4ABE5C
:10199000BE147B3FC2C547BEAB3B7B3FB9B044BE24
:1019A000FC617B3F379B41BEB2877B3F3E853EBE9D
:1019B000CDAC7B3FCF6E3BBE4DD17B3FEC5738BEAD
:1019C00031F57B3F984035BE7A187C3FD42832BE33
:1019D000283B7C3FA2102FBE3A5D7C3F04F82BBE13
:1019E000B07E7C3FFCDE28BE8A9F7C3F8CC525BE36
:1019F000C9BF7C3FB6AB22BE6CDF7C3F7B911FBE74
:101A000073FE7C3FDE761CBEDD1C7D3FE05B19BEB5
:101A1000AC3A7D3F834016BEDE577D3FCA2413BEDD
:101A200074747D3FB70810BE6E907D3F4AEC0CBECB
:101A3000CCAB7D3F86CF09BE8CC67D3F6EB206BE65
:101A4000B1E07D3F029503BE38FA7D3F457700BE89
:101A500024137E3F73B2FABD722B7E3FC075F4BD76
:101A600023437E3F7638EEBD385A7E3F9AFAE7BD73
:101A7000B0707E3F2EBCE1BD8B867E3F377DDBBDE7
:101A8000C99B7E3FB93DD5BD69B07E3FB7FDCEBD98
:101A90006DC47E3F36BDC8BDD4D77E3F397CC2BD44
:101AA0009DEA7E3FC33ABCBDC9FC7E3FDAF8B5BDB6
:101AB000580E7F3F80B6AFBD491F7F3FBA73A9BDA7
:101AC0009D2F7F3F8C30A3BD543F7F3FF9EC9CBDE1
:101AD0006D4E7F3F05A996BDE95C7F3FB46490BD24
:101AE000C76A7F3F0A208ABD08787F3F0ADB83BD33
:101AF000AB847F3F742B7BBDB1907F3F38A06EBD20
:101B0000189C7F3F681462BDE3A67F3F0E8855BDD9
:101B10000FB17F3F2FFB48BD9EBA7F3FD56D3CBDC7
:101B20008FC37F3F07E02FBDE2CB7F3FCC5123BD6A
:101B300098D37F3F2CC316BDAFDA7F3F2F340ABD49
:101B400029E17F3FB949FBBC05E77F3F7B2AE2BC27
:101B500043EC7F3FB00AC9BCE3F07F3F69EAAFBC0A
:101B6000E6F47F3FB6C996BC4AF87F3F4B517BBC39
:101B700011FB7F3F900E49BC39FD7F3F59CB16BC0E
:101B8000C4FE7F3F890FC9BBB1FF7F3FC70F49BB71
:101B90000000803F0000000011FB7F3F900E493C99
:101BA00043EC7F3FB00AC93C98D37F3F2CC3163D1E
:101BB0000FB17F3F2FFB483DAB847F3F742B7B3DB4
:101BC0006D4E7F3F05A9963D580E7F3F80B6AF3DD5
:101BD0006DC47E3F36BDC83DB0707E3F2EBCE13D3A
:101BE00024137E3F73B2FA3DCCAB7D3F86CF093ED6
:101BF000AC3A7D3F8340163EC9BF7C3FB6AB223E28
:101C0000283B7C3FA2102F3ECDAC7B3FCF6E3B3EAE
:101C1000BE147B3FC2C5473E02737A3F0115543E56
:101C20009DC7793F135C603E9812793F7F9A6C3E66
:101C3000F853783FCCCF783EC58B773FC07D823E4E
:101C400007BA763F938E883EC6DE753F229A8E3E57
:101C50000BFA743F31A0943EDD0B743F86A09A3E90
:101C60004714733FE59AA03E5213723F128FA63E6F
:101C70000809713FD47CAC3E73F56F3FEF63B23E11
:101C80009ED86E3F2A44B83E93B26D3F4A1DBE3E79
:101C90005E836C3F15EFC33E0C4B6B3F53B9C93E9F
:101CA000A7096A3FCA7BCF3E3CBF683F4136D53E5D
:101CB000D86B673F80E8DA3E880F663F4F92E03E80
:101CC00059AA643F7533E63E5A3C633FBBCBEB3EBB
:101CD00098C5613FEA5AF13E2146603FCBE0F63EAF
:101CE00005BE5E3F275DFC3E532D5D3FE4E7003FB0
:101CF0001A945B3F3D9C033F6AF2593F824B063F7B
:101D00005348583F9BF5083FE595563F6B9A0B3F6C
:101D100031DB543FDA390E3F4918533FCDD3103FE2
:101D20003D4D513F2A68133F1F7A4F3FD9F6153F6B
:101D3000029F4D3FC07F183FF8BB4B3FC6021B3F81
:101D400012D1493FD17F1D3F65DE473FCBF61F3F94
:101D500003E4453F9967223F00E2433F25D2243FF9
:101D600070D8413F5636273F67C73F3F1594293FFC
:101D7000F9AE3D3F4AEB2B3F3B8F3B3FDE3B2E3FD7
:101D80004268393FBB85303F233A373FC9C8323FAD
:101D9000F304353FF304353FC9C8323F233A373F98
:101DA000BB85303F4268393FDE3B2E3F3B8F3B3F98
:101DB0004AEB2B3FF9AE3D3F1594293F67C73F3FA4
:101DC0005636273F70D8413F25D2243F00E2433F9B
:101DD0009967223F03E4453FCBF61F3F65DE473F4F
:101DE000D17F1D3F12D1493FC6021B3FF8BB4B3F7D
:101DF000C07F183F029F4D3FD9F6153F1F7A4F3FD6
:101E00002A68133F3D4D513FCDD3103F4918533FF2
:101E1000DA390E3F31DB543F6B9A0B3FE595563F65
:101E20009BF5083F5348583F824B063F6AF2593FA3
:101E30003D9C033F1A945B3FE4E7003F532D5D3F19
:101E4000275DFC3E05BE5E3FCBE0F63E2146603F8F
:101E5000EA5AF13E98C5613FBBCBEB3E5A3C633F2B
:101E60007533E63E59AA643F4F92E03E880F663FC5
:101E700080E8DA3ED86B673F4136D53E3CBF683FCD
:101E8000CA7BCF3EA7096A3F53B9C93E0C4B6B3F93
:101E900015EFC33E5E836C3F4A1DBE3E93B26D3F5D
:101EA0002A44B83E9ED86E3FEF63B23E73F56F3F53
:101EB000D47CAC3E0809713F128FA63E5213723F8C
:101EC000E59AA03E4714733F86A09A3EDD0B743F0F
:101ED00031A0943E0BFA743F229A8E3EC6DE753FC7
:101EE000938E883E07BA763FC07D823EC58B773F92
:101EF000CCCF783EF853783F7F9A6C3E9812793F6A
:101F0000135C603E9DC7793F0115543E02737A3FD2
:101F1000C2C5473EBE147B3FCF6E3B3ECDAC7B3F40
:101F2000A2102F3E283B7C3FB6AB223EC9BF7C3F70
:101F30008340163EAC3A7D3F86CF093ECCAB7D3F19
:101F400073B2FA3D24137E3F2EBCE13DB0707E3F5C
:101F500036BDC83D6DC47E3F80B6AF3D580E7F3F55
:101F600005A9963D6D4E7F3F742B7B3DAB847F3F33
:101F70002FFB483D0FB17F3F2CC3163D98D37F3FC9
:101F8000B00AC93C43EC7F3F900E493C11FB7F3FB8
:101F9000000000000000803F900E49BC11FB7F3F15
:101FA000B00AC9BC43EC7F3F2CC316BD98D37F3F1A
:101FB0002FFB48BD0FB17F3F742B7BBDAB847F3FB0
:101FC00005A996BD6D4E7F3F80B6AFBD580E7F3FD1
:101FD00036BDC8BD6DC47E3F2EBCE1BDB0707E3F36
:101FE00073B2FABD24137E3F86CF09BECCAB7D3FD2
:101FF000834016BEAC3A7D3FB6AB22BEC9BF7C3F24
:10200000A2102FBE283B7C3FCF6E3BBECDAC7B3FAA
:10201000C2C547BEBE147B3F011554BE02737A3F52
:10202000135C60BE9DC7793F7F9A6CBE9812793F62
:10203000CCCF78BEF853783FC07D82BEC58B773F4A
:10204000938E88BE07BA763F229A8EBEC6DE753F53
:1020500031A094BE0BFA743F86A09ABEDD0B743F8C
:10206000E59AA0BE4714733F128FA6BE5213723F6B
:10207000D47CACBE0809713FEF63B2BE73F56F3F0D
:102080002A44B8BE9ED86E3F4A1DBEBE93B26D3F75
:1020900015EFC3BE5E836C3F53B9C9BE0C4B6B3F9B
:1020A000CA7BCFBEA7096A3F4136D5BE3CBF683F59
:1020B00080E8DABED86B673F4F92E0BE880F663F7C
:1020C0007533E6BE59AA643FBBCBEBBE5A3C633FB7
:1020D000EA5AF1BE98C5613FCBE0F6BE2146603FAB
:1020E000275DFCBE05BE5E3FE4E700BF532D5D3FAC
:1020F0003D9C03BF1A945B3F824B06BF6AF2593F77
:102100009BF508BF5348583F6B9A0BBFE595563F68
:10211000DA390EBF31DB543FCDD310BF4918533FDE
:102120002A6813BF3D4D513FD9F615BF1F7A4F3F67
:10213000C07F18BF029F4D3FC6021BBFF8BB4B3F7D
:10214000D17F1DBF12D1493FCBF61FBF65DE473F90
:10215000996722BF03E4453F25D224BF00E2433FF5
:10216000563627BF70D8413F159429BF67C73F3FF8
:102170004AEB2BBFF9AE3D3FDE3B2EBF3B8F3B3FD3
:10218000BB8530BF4268393FC9C832BF233A373FA9
:10219000F30435BFF304353F233A37BFC9C8323F94
:1021A000426839BFBB85303F3B8F3BBFDE3B2E3F94
:1021B000F9AE3DBF4AEB2B3F67C73FBF1594293FA0
:1021C00070D841BF5636273F00E243BF25D2243F97
:1021D00003E445BF9967223F65DE47BFCBF61F3F4B
:1021E00012D149BFD17F1D3FF8BB4BBFC6021B3F79
:1021F000029F4DBFC07F183F1F7A4FBFD9F6153FD2
:102200003D4D51BF2A68133F491853BFCDD3103FEE
:1022100031DB54BFDA390E3FE59556BF6B9A0B3F61
:10222000534858BF9BF5083F6AF259BF824B063F9F
:102230001A945BBF3D9C033F532D5DBFE4E7003F15
:1022400005BE5EBF275DFC3E214660BFCBE0F63E8B
:1022500098C561BFEA5AF13E5A3C63BFBBCBEB3E27
:1022600059AA64BF7533E63E880F66BF4F92E03EC1
:10227000D86B67BF80E8DA3E3CBF68BF4136D53EC9
:10228000A7096ABFCA7BCF3E0C4B6BBF53B9C93E8F
:102290005E836CBF15EFC33E93B26DBF4A1DBE3E59
:1022A0009ED86EBF2A44B83E73F56FBFEF63B23E4F
:1022B000080971BFD47CAC3E521372BF128FA63E88
:1022C000471473BFE59AA03EDD0B74BF86A09A3E0B
:1022D0000BFA74BF31A0943EC6DE75BF229A8E3EC3
:1022E00007BA76BF938E883EC58B77BFC07D823E8E
:1022F000F85378BFCCCF783E981279BF7F9A6C3E66
:102300009DC779BF135C603E02737ABF0115543ECE
:10231000BE147BBFC2C5473ECDAC7BBFCF6E3B3E3C
:10232000283B7CBFA2102F3EC9BF7CBFB6AB223E6C
:10233000AC3A7DBF8340163ECCAB7DBF86CF093E15
:1023400024137EBF73B2FA3DB0707EBF2EBCE13D58
:102350006DC47EBF36BDC83D580E7FBF80B6AF3D51
:102360006D4E7FBF05A9963DAB847FBF742B7B3D2F
:102370000FB17FBF2FFB483D98D37FBF2CC3163DC5
:1023800043EC7FBFB00AC93C11FB7FBF900E493CB4
:10239000000080BF0000000011FB7FBF900E49BC11
:1023A00043EC7FBFB00AC9BC98D37FBF2CC316BD16
:1023B0000FB17FBF2FFB48BDAB847FBF742B7BBDAC
:1023C0006D4E7FBF05A996BD580E7FBF80B6AFBDCD
:1023D0006DC47EBF36BDC8BDB0707EBF2EBCE1BD32
:1023E00024137EBF73B2FABDCCAB7DBF86CF09BECE
:1023F000AC3A7DBF834016BEC9BF7CBFB6AB22BE20
:10240000283B7CBFA2102FBECDAC7BBFCF6E3BBEA6
:10241000BE147BBFC2C547BE02737ABF011554BE4E
:102420009DC779BF135C60BE981279BF7F9A6CBE5E
:10243000F85378BFCCCF78BEC58B77BFC07D82BE46
:1024400007BA76BF938E88BEC6DE75BF229A8EBE4F
:102450000BFA74BF31A094BEDD0B74BF86A09ABE88
:10246000471473BFE59AA0BE521372BF128FA6BE67
:10247000080971BFD47CACBE73F56FBFEF63B2BE09
:102480009ED86EBF2A44B8BE93B26DBF4A1DBEBE71
:102490005E836CBF15EFC3BE0C4B6BBF53B9C9BE97
:1024A000A7096ABFCA7BCFBE3CBF68BF4136D5BE55
:1024B000D86B67BF80E8DABE880F66BF4F92E0BE78
:1024C00059AA64BF7533E6BE5A3C63BFBBCBEBBEB3
:1024D00098C561BFEA5AF1BE214660BFCBE0F6BEA7
:1024E00005BE5EBF275DFCBE532D5DBFE4E700BFA8
:1024F0001A945BBF3D9C03BF6AF259BF824B06BF73
:10250000534858BF9BF508BFE59556BF6B9A0BBF64
:1025100031DB54BFDA390EBF491853BFCDD310BFDA
:102520003D4D51BF2A6813BF1F7A4FBFD9F615BF63
:10253000029F4DBFC07F18BFF8BB4BBFC6021BBF79
:1025400012D149BFD17F1DBF65DE47BFCBF61FBF8C
:1025500003E445BF996722BF00E243BF25D224BFF1
:1025600070D841BF563627BF67C73FBF159429BFF4
:10257000F9AE3DBF4AEB2BBF3B8F3BBFDE3B2EBFCF
:10258000426839BFBB8530BF233A37BFC9C832BFA5
:10259000F30435BFF30435BFC9C832BF233A37BF90
:1025A000BB8530BF426839BFDE3B2EBF3B8F3BBF90
:1025B0004AEB2BBFF9AE3DBF159429BF67C73FBF9C
:1025C000563627BF70D841BF25D224BF00E243BF93
:1025D000996722BF03E445BFCBF61FBF65DE47BF47
:1025E000D17F1DBF12D149BFC6021BBFF8BB4BBF75
:1025F000C07F18BF029F4DBFD9F615BF1F7A4FBFCE
:102600002A6813BF3D4D51BFCDD310BF491853BFEA
:10261000DA390EBF31DB54BF6B9A0BBFE59556BF5D
:102620009BF508BF534858BF824B06BF6AF259BF9B
:102630003D9C03BF1A945BBFE4E700BF532D5DBF11
:10264000275DFCBE05BE5EBFCBE0F6BE214660BF87
:10265000EA5AF1BE98C561BFBBCBEBBE5A3C63BF23
:102660007533E6BE59AA64BF4F92E0BE880F66BFBD
:1026700080E8DABED86B67BF4136D5BE3CBF68BFC5
:10268000CA7BCFBEA7096ABF53B9C9BE0C4B6BBF8B
:1026900015EFC3BE5E836CBF4A1DBEBE93B26DBF55
:1026A0002A44B8BE9ED86EBFEF63B2BE73F56FBF4B
:1026B000D47CACBE080971BF128FA6BE521372BF84
:1026C000E59AA0BE471473BF86A09ABEDD0B74BF07
:1026D00031A094BE0BFA74BF229A8EBEC6DE75BFBF
:1026E000938E88BE07BA76BFC07D82BEC58B77BF8A
:1026F000CCCF78BEF85378BF7F9A6CBE981279BF62
:10270000135C60BE9DC779BF011554BE02737ABFCA
:10271000C2C547BEBE147BBFCF6E3BBECDAC7BBF38
:10272000A2102FBE283B7CBFB6AB22BEC9BF7CBF68
:10273000834016BEAC3A7DBF86CF09BECCAB7DBF11
:1027400073B2FABD24137EBF2EBCE1BDB0707EBF54
:1027500036BDC8BD6DC47EBF80B6AFBD580E7FBF4D
:1027600005A996BD6D4E7FBF742B7BBDAB847FBF2B
:102770002FFB48BD0FB17FBF2CC316BD98D37FBFC1
:10278000B00AC9BC43EC7FBF900E49BC11FB7FBFB0
:1027900000000080000080BF900E493C11FB7FBF0D
:1027A000B00AC93C43EC7FBF2CC3163D98D37FBF12
:1027B0002FFB483D0FB17FBF742B7B3DAB847FBFA8
:1027C00005A9963D6D4E7FBF80B6AF3D580E7FBFC9
:1027D00036BDC83D6DC47EBF2EBCE13DB0707EBF2E
:1027E00073B2FA3D24137EBF86CF093ECCAB7DBFCA
:1027F0008340163EAC3A7DBFB6AB223EC9BF7CBF1C
:10280000A2102F3E283B7CBFCF6E3B3ECDAC7BBFA2
:10281000C2C5473EBE147BBF0115543E02737ABF4A
:10282000135C603E9DC779BF7F9A6C3E981279BF5A
:10283000CCCF783EF85378BFC07D823EC58B77BF42
:10284000938E883E07BA76BF229A8E3EC6DE75BF4B
:1028500031A0943E0BFA74BF86A09A3EDD0B74BF84
:10286000E59AA03E471473BF128FA63E521372BF63
:10287000D47CAC3E080971BFEF63B23E73F56FBF05
:102880002A44B83E9ED86EBF4A1DBE3E93B26DBF6D
:1028900015EFC33E5E836CBF53B9C93E0C4B6BBF93
:1028A000CA7BCF3EA7096ABF4136D53E3CBF68BF51
:1028B00080E8DA3ED86B67BF4F92E03E880F66BF74
:1028C0007533E63E59AA64BFBBCBEB3E5A3C63BFAF
:1028D000EA5AF13E98C561BFCBE0F63E214660BFA3
:1028E000275DFC3E05BE5EBFE4E7003F532D5DBFA4
:1028F0003D9C033F1A945BBF824B063F6AF259BF6F
:102900009BF5083F534858BF6B9A0B3FE59556BF60
:10291000DA390E3F31DB54BFCDD3103F491853BFD6
:102920002A68133F3D4D51BFD9F6153F1F7A4FBF5F
:10293000C07F183F029F4DBFC6021B3FF8BB4BBF75
:10294000D17F1D3F12D149BFCBF61F3F65DE47BF88
:102950009967223F03E445BF25D2243F00E243BFED
:102960005636273F70D841BF1594293F67C73FBFF0
:102970004AEB2B3FF9AE3DBFDE3B2E3F3B8F3BBFCB
:10298000BB85303F426839BFC9C8323F233A37BFA1
:10299000F304353FF30435BF233A373FC9C832BF8C
:1029A0004268393FBB8530BF3B8F3B3FDE3B2EBF8C
:1029B000F9AE3D3F4AEB2BBF67C73F3F159429BF98
:1029C00070D8413F563627BF00E2433F25D224BF8F
:1029D00003E4453F996722BF65DE473FCBF61FBF43
:1029E00012D1493FD17F1DBFF8BB4B3FC6021BBF71
:1029F000029F4D3FC07F18BF1F7A4F3FD9F615BFCA
:102A00003D4D513F2A6813BF4918533FCDD310BFE6
:102A100031DB543FDA390EBFE595563F6B9A0BBF59
:102A20005348583F9BF508BF6AF2593F824B06BF97
:102A30001A945B3F3D9C03BF532D5D3FE4E700BF0D
:102A400005BE5E3F275DFCBE2146603FCBE0F6BE83
:102A500098C5613FEA5AF1BE5A3C633FBBCBEBBE1F
:102A600059AA643F7533E6BE880F663F4F92E0BEB9
:102A7000D86B673F80E8DABE3CBF683F4136D5BEC1
:102A8000A7096A3FCA7BCFBE0C4B6B3F53B9C9BE87
:102A90005E836C3F15EFC3BE93B26D3F4A1DBEBE51
:102AA0009ED86E3F2A44B8BE73F56F3FEF63B2BE47
:102AB0000809713FD47CACBE5213723F128FA6BE80
:102AC0004714733FE59AA0BEDD0B743F86A09ABE03
:102AD0000BFA743F31A094BEC6DE753F229A8EBEBB
:102AE00007BA763F938E88BEC58B773FC07D82BE86
:102AF000F853783FCCCF78BE9812793F7F9A6CBE5E
:102B00009DC7793F135C60BE02737A3F011554BEC6
:102B1000BE147B3FC2C547BECDAC7B3FCF6E3BBE34
:102B2000283B7C3FA2102FBEC9BF7C3FB6AB22BE64
:102B3000AC3A7D3F834016BECCAB7D3F86CF09BE0D
:102B400024137E3F73B2FABDB0707E3F2EBCE1BD50
:102B50006DC47E3F36BDC8BD580E7F3F80B6AFBD49
:102B60006D4E7F3F05A996BDAB847F3F742B7BBD27
:102B70000FB17F3F2FFB48BD98D37F3F2CC316BDBD
:102B800043EC7F3FB00AC9BC11FB7F3F900E49BCAC
:102B90000001000018FA00201200000000060000EA
:102BA000841D00600A00000000020000201D00607B
:102BB0006200000000070000BC1C00606200000012
:102BC000EE030000C802012012000000000004EE25
:102BD000A00201202800000000030000B81C0060D3
:102BE0000000000001030904A01C006000000000B8
:102BF00002030904881C00600000000003030904AC
:102C0000DC020120000000000000000000000000C5
:102C100000000000561426C1A8C05E40000000005D
:102C200064600220CC6002203461022000000000B9
:102C30000000000000000000000000000000000094
:102C40000000000000000000000000000000000084
:102C50000000000000000000000000000000000074
:102C60000000000000000000000000000000000064
:102C70000000000000000000000000000000000054
:102C80000000000000000000000000000000000044
:102C90000000000000000000000000000000000034
:102CA0000000000000000000000000000000000024
:102CB0000000000001000000000000000E33CDAB5A
:102CC00034126DE6ECDE05000B0000000000000091
:102CD00000000000000000000000000000000000F4
:102CE00000000000000000000000000000000000E4
:102CF00000000000000000000000000000000000D4
:102D000000000000000000000000000000000000C3
:102D100000000000000000000000000000000000B3
:102D200000000000000000000000000000000000A3
:102D30000000000000000000000000000029DE0785
:102D4000007B9A1700003A40687C002000000000D9
:102D50000000000000000000000000000000000073
:102D60000000000000000000000000000000000063
:102D70000000000000000000000000000000000053
:102D80000000000000000000000000000000000043
:102D900000000000F8AA0120640000009C48012007
:102DA000FFFFFFFF00442C478000000000442C4739
:102DB0008000000028600220C03E202000000000AB
:102DC000000000000000000004F6002004F60020CF
:102DD0000CF600200CF6002014F6002014F600205B
:102DE0001CF600201CF6002024F6002024F600200B
:102DF0002CF600202CF6002034F6002034F60020BB
:102E00003CF600203CF6002044F6002044F600206A
:102E10004CF600204CF6002054F6002054F600201A
:102E20005CF600205CF6002064F6002064F60020CA
:102E30006CF600206CF6002074F6002074F600207A
:102E40007CF600207CF6002084F6002084F600202A
:102E50008CF600208CF6002094F6002094F60020DA
:102E60009CF600209CF60020A4F60020A4F600208A
:102E7000ACF60020ACF60020B4F60020B4F600203A
:102E8000BCF60020BCF60020C4F60020C4F60020EA
:102E9000CCF60020CCF60020D4F60020D4F600209A
:102EA000DCF60020DCF60020E4F60020E4F600204A
:102EB000ECF60020ECF60020F4F60020F4F60020FA
:102EC000FCF60020FCF6002004F7002004F70020A8
:102ED0000CF700200CF7002014F7002014F7002056
:102EE0001CF700201CF7002024F7002024F7002006
:102EF0002CF700202CF7002034F7002034F70020B6
:102F00003CF700203CF7002044F7002044F7002065
:102F10004CF700204CF7002054F7002054F7002015
:102F20005CF700205CF7002064F7002064F70020C5
:102F30006CF700206CF7002074F7002074F7002075
:102F40007CF700207CF7002084F7002084F7002025
:102F50008CF700208CF7002094F7002094F70020D5
:102F60009CF700209CF70020A4F70020A4F7002085
:102F7000ACF70020ACF70020B4F70020B4F7002035
:102F8000BCF70020BCF70020C4F70020C4F70020E5
:102F9000CCF70020CCF70020D4F70020D4F7002095
:102FA000DCF70020DCF70020E4F70020E4F7002045
:102FB000ECF70020ECF70020F4F70020F4F70020F5
:102FC000FCF70020FCF7002004F8002004F80020A3
:102FD0000CF800200CF8002014F8002014F8002051
:102FE0001CF800201CF8002024F8002024F8002001
:102FF0002CF800202CF8002034F8002034F80020B1
:103000003CF800203CF8002044F8002044F8002060
:103010004CF800204CF8002054F8002054F8002010
:103020005CF800205CF8002064F8002064F80020C0
:103030006CF800206CF8002074F8002074F8002070
:103040007CF800207CF8002084F8002084F8002020
:103050008CF800208CF8002094F8002094F80020D0
:103060009CF800209CF80020A4F80020A4F8002080
:10307000ACF80020ACF80020B4F80020B4F8002030
:10308000BCF80020BCF80020C4F80020C4F80020E0
:10309000CCF80020CCF80020D4F80020D4F8002090
:1030A000DCF80020DCF80020E4F80020E4F8002040
:1030B000ECF80020ECF80020F4F80020F4F80020F0
:1030C000FCF80020FCF8002004F9002004F900209E
:1030D0000CF900200CF9002014F9002014F900204C
:1030E0001CF900201CF9002024F9002024F90020FC
:1030F0002CF900202CF9002034F9002034F90020AC
:103100003CF900203CF9002044F9002044F900205B
:103110004CF900204CF9002054F9002054F900200B
:103120005CF900205CF9002064F9002064F90020BB
:103130006CF900206CF9002074F9002074F900206B
:103140007CF900207CF9002084F9002084F900201B
:103150008CF900208CF9002094F9002094F90020CB
:103160009CF900209CF90020A4F90020A4F900207B
:10317000ACF90020ACF90020B4F90020B4F900202B
:10318000BCF90020BCF90020C4F90020C4F90020DB
:10319000CCF90020CCF90020D4F90020D4F900208B
:1031A000DCF90020DCF90020E4F90020E4F900203B
:1031B000ECF90020ECF90020F4F90020F4F90020EB
:1031C000FCF90020FCF90020FFFFFFFF00000200D7
:1031D00060F4002012010002EF020140C0168304D7
:1031E00079020102030100006EB6453869BF8837D5
:1031F000AC899F378530B8377EB2D237020BEF37B4
:10320000609706386C881638B14D27385FDB383840
:10321000E51F4B3863085E38407F713886B58238C9
:103220006FD88C384B1897383663A138E8A5AB387F
:10323000C6CBB538C0BEBF381B67C93825ABD2383E
:10324000376FDB383597E3380706EB38BB9CF1382E
:10325000B23AF738B9BEFB38AE07FF38EA79003921
:103260002BB000398A140039912BFD386846F838A4
:103270007756F1387F39E83867D0DC38E6FCCE384D
:10328000889EBE38469BAB3839DB9538A0837A38A8
:103290006C804338947F0638F8D38637401ABBB524
:1032A000B5ADAAB71B162BB8458B83B8F7A4B4B835
:1032B00083CFE8B80AFD0FB983082DB95F7D4BB9FC
:1032C000574B6BB92B3086B9875397B99B03A9B974
:1032D000FA32BBB9D2D2CDB9BDD2E0B90A21F4B924
:1032E00064D503BABFAD0DBABD8E17BAF16C21BA61
:1032F000523C2BBA4AF034BAD17B3EBA6AD147BAB3
:1033000027E350BAD6A259BAFC0162BAE8F169BA09
:10331000DC6371BA094978BA9A927EBAF31882BA14
:10332000498C84BA2D9C86BAB84188BA427689BA4B
:1033300054338ABAF2728ABA562F8ABA446389BA67
:10334000EB0988BA011F86BAF09E83BA588680BA04
:103350009CA679BAAC0671BA092C67BAA4155CBAF6
:1033600007C44FBA563A42BAC67C33BAFB9023BA66
:10337000D07E12BA3D5000BA5E21DAB98B9AB1B94B
:10338000622A87B90FE635B93468B4B8EEFC8D36D9
:10339000175CCB38012749392A3A9739AA94CA3998
:1033A000C969FE39C33E193AB948333A78324D3AC1
:1033B000CDDA663AE40F803A5C6F8C3A0A7A983A32
:1033C000CE1DA43A5C48AF3A6DE7B93A18E9C33A62
:1033D000D03BCD3A28CED53A998EDD3A8F6BE43A80
:1033E0005954EA3A1F3AEF3A530FF33A9DC4F53A6B
:1033F0006649F73AF398F73AE4A1F63AD95DF43A18
:1034000071C3F03AEBCBEB3AE271E53A80B1DD3AC9
:10341000A688D43AD4F6C93A67FDBD3A7F9FB03A40
:1034200028E2A13A64CC913A1367803A307A5B3A49
:103430009BB6333A14A1093A86B6BA39BD2A3C394B
:10344000D1AB93B6C6364CB9D4EECCB904301BBA66
:1034500098FF50BA7AD583BADD799FBA494CBBBA86
:10346000BA2AD7BAF1F1F2BAC83E07BB11D414BBDD
:10347000B32522BB36202FBBCDAF3BBB7BC047BBA8
:103480002B3E53BBBF145EBB103068BB347C71BB9A
:1034900074E579BB27AC80BBEFE083BBC08786BBFC
:1034A000AD9788BB10088ABBADD08ABBB3E98ABB95
:1034B000C64B8ABB15F088BB4DD086BBC4E683BB28
:1034C0005D2E80BB5C4577BBFB7F6CBB890660BB18
:1034D0007FD451BBE3E641BB4A3C30BBE5D41CBBC7
:1034E00098B207BBD1B1E1BA159AB0BAA85778BA69
:1034F00094F008BAEF4099B88DA3D13971C66A3AF1
:10350000593CB93A7AD2FF3A5680243B814F4A3B24
:103510004A41713B6E9F8C3B0B18A13BC8FDB53BEC
:103520005B43CB3BEFDAE03B32B6F63B2E63063C27
:10353000227E113C31A41C3C74CD273CEAF1323C84
:1035400076093E3CF30B493C30F1533CFFB05E3C06
:103550004143693CD09F733CD6BE7D3C20CC833C2C
:103560004A92883C1B2E8D3CE99B913C38D8953C77
:10357000A8DF993CF5AE9D3C0C43A13C0A99A43CC4
:103580003DAEA73C1F80AA3C610CAD3CEC50AF3C6B
:10359000E64BB13CAEFBB23CE05EB43C5574B53C8E
:1035A000283BB63CB3B2B63C97DAB63CB3B2B63CB5
:1035B000283BB63C5574B53CE05EB43CAEFBB23C37
:1035C000E64BB13CEC50AF3C610CAD3C1F80AA3CDB
:1035D0003DAEA73C0A99A43C0C43A13CF5AE9D3CF2
:1035E000A8DF993C38D8953CE99B913C1B2E8D3C3B
:1035F0004A92883C20CC833CD6BE7D3CD09F733C15
:103600004143693CFFB05E3C30F1533CF30B493C15
:1036100076093E3CEAF1323C74CD273C31A41C3C97
:10362000227E113C2E63063C32B6F63BEFDAE03BDD
:103630005B43CB3BC8FDB53B0B18A13B6E9F8C3B5E
:103640004A41713B814F4A3B5680243B7AD2FF3A34
:10365000593CB93A71C66A3A8DA3D139EF4099B84D
:1036600094F008BAA85778BA159AB0BAD1B1E1BAAD
:1036700098B207BBE5D41CBB4A3C30BBE3E641BB78
:103680007FD451BB890660BBFB7F6CBB5C4577BBBD
:103690005D2E80BBC4E683BB4DD086BB15F088BBD6
:1036A000C64B8ABBB3E98ABBADD08ABB10088ABBC4
:1036B000AD9788BBC08786BBEFE083BB27AC80BBE0
:1036C00074E579BB347C71BB103068BBBF145EBB42
:1036D0002B3E53BB7BC047BBCDAF3BBB36202FBB84
:1036E000B32522BB11D414BBC83E07BBF1F1F2BA1B
:1036F000BA2AD7BA494CBBBADD799FBA7AD583BA10
:1037000098FF50BA04301BBAD4EECCB9C6364CB9C7
:10371000D1AB93B6BD2A3C3986B6BA3914A1093A61
:103720009BB6333A307A5B3A1367803A64CC913A6D
:1037300028E2A13A7F9FB03A67FDBD3AD4F6C93A74
:10374000A688D43A80B1DD3AE271E53AEBCBEB3AA8
:1037500071C3F03AD95DF43AE4A1F63AF398F73A36
:103760006649F73A9DC4F53A530FF33A1F3AEF3AD8
:103770005954EA3A8F6BE43A998EDD3A28CED53A1D
:10378000D03BCD3A18E9C33A6DE7B93A5C48AF3A55
:10379000CE1DA43A0A7A983A5C6F8C3AE40F803ACC
:1037A000CDDA663A78324D3AB948333AC33E193ADF
:1037B000C969FE39AA94CA392A3A97390127493981
:1037C000175CCB38EEFC8D363468B4B80FE635B9EB
:1037D000622A87B98B9AB1B95E21DAB93D5000BA35
:1037E000D07E12BAFB9023BAC67C33BA563A42BA9C
:1037F00007C44FBAA4155CBA092C67BAAC0671BAF3
:103800009CA679BA588680BAF09E83BA011F86BA00
:10381000EB0988BA446389BA562F8ABAF2728ABA17
:1038200054338ABA427689BAB84188BA2D9C86BA8E
:10383000498C84BAF31882BA9A927EBA094978BA46
:10384000DC6371BAE8F169BAFC0162BAD6A259BA6E
:1038500027E350BA6AD147BAD17B3EBA4AF034BAAC
:10386000523C2BBAF16C21BABD8E17BABFAD0DBA5E
:1038700064D503BA0A21F4B9BDD2E0B9D2D2CDB928
:10388000FA32BBB99B03A9B9875397B92B3086B9D4
:10389000574B6BB95F7D4BB983082DB90AFD0FB942
:1038A00083CFE8B8F7A4B4B8458B83B81B162BB800
:1038B000B5ADAAB7401ABBB5F8D38637947F0638A2
:1038C0006C804338A0837A3839DB9538469BAB3817
:1038D000889EBE38E6FCCE3867D0DC387F39E838C1
:1038E0007756F1386846F838912BFD388A1400393C
:1038F0002BB00039EA790039AE07FF38B9BEFB3882
:10390000B23AF738BB9CF1380706EB383597E33805
:10391000376FDB3825ABD2381B67C938C0BEBF381C
:10392000C6CBB538E8A5AB383663A1384B18973805
:103930006FD88C3886B58238407F713863085E381E
:10394000E51F4B385FDB3838B14D27386C881638A7
:1039500060970638020BEF377EB2D2378530B83722
:10396000AC899F3769BF88376EB6453870C00F4045
:10397000C00000001200000013000000D0841F40AF
:10398000010000001300000013000000CC841F4061
:103990000100000000000000000000000000000026
:1039A0000000000000000000000000000000000017
:1039B00000000000000000001C00000070C00F406C
:1039C000000C00001100000011000000E0841F4006
:1039D000020000001000000011000000DC841F4005
:1039E000020000000100000024000000120000009E
:1039F000E0841F40010000002500000012000000CC
:103A0000DC841F40010000001E00000080C00F4049
:103A1000000000031900000010000000E8841F40AF
:103A2000010000001800000010000000E4841F40A6
:103A30000100000000000000000000000000000085
:103A40000000000000000000000000000000000076
:103A500000000000000000001F000000280000001F
:103A600000010400010000000000000002015749AD
:103A70004E5553420000000000000000000000000E
:103A80000000000012034D005300460054003100B6
:103A900030003000F80000000C03000000000000BF
:103AA00000000000000000000000000000002901EC
:103AB0000100000000000000000000000000000005
:103AC00000000000000000000000000000000000F6
:103AD00000000000000000000000000000000000E6
:103AE00000000000000000000000000000000000D6
:103AF00000000000000000000000000000000000C6
:103B000000000000000000000000000000000000B5
:103B100000000000000000000000000000000000A5
:103B20000000000000000000000000000000000095
:103B30000000000000000000000000000000000085
:103B40000000000000000000000000000000000075
:103B50000000000000000000000000000000000065
:103B60000000000000000000000000000000000055
:103B70000000000000000000000000000000000045
:103B80000000000000000000000000000000000035
:103B90000000000000000000000000000000000025
:103BA0000000000000000000000000000000000015
:103BB0000000000000000000000000000000000005
:103BC00000000000000000000000000000000000F5
:103BD00000000000000000000000000000000000E5
:103BE00000000000000000000000000000000000D5
:103BF00000000000000000000000000000000000C5
:103C000000000000000000000000000000000000B4
:103C100000000000000000000000000000000000A4
:103C20000000000000000000000000000000000094
:103C30000000000000000000000000000000000084
:103C40000000000000000000000000000000000074
:103C50000000000000000000000000000000000064
:103C60000000000000000000000000000000000054
:103C70000000000000000000000000000000000044
:103C80000000000000000000000000000000000034
:103C90000000000000000000000000000000000024
:103CA0000000000000000000000000000000000014
:103CB0000000000000000000000000000000000004
:103CC00000000000000000000000000000000000F4
:103CD00000000000000000000000000000000000E4
:103CE00000000000000000000000000000000000D4
:103CF00000000000000000000000000000000000C4
:103D000000000000000000000000000000000000B3
:103D100000000000000000000000000000000000A3
:103D20000000000000000000000000000000000093
:103D30000000000000000000000000000000000083
:103D40000000000000000000000000000000000073
:103D50000000000000000000000000000000000063
:103D60000000000000000000000000000000000053
:103D70000000000000000000000000000000000043
:103D80000000000000000000000000000000000033
:103D90000000000000000000000000000000000023
:103DA0000000000000000000000000000000000013
:103DB0000000000000000000000000000000000003
:103DC00000000000000000000000000000000000F3
:103DD00000000000000000000000000000000000E3
:103DE00000000000000000000000000000000000D3
:103DF00000000000000000000000000000000000C3
:103E000000000000000000000000000000000000B2
:103E100000000000000000000000000000000000A2
:103E20000000000000000000000000000000000092
:103E30000000000000000000000000000000000082
:103E40000000000000000000000000000000000072
:103E50000000000000000000000000000000000062
:103E60000000000000000000000000000000000052
:0C3E700000000000000000000000000046
:103E7C00FFFFFFFFFFFFFFFFFFFFFFFFFFFFFFFF46
:103E8C00FFFFFFFFFFFFFFFFFFFFFFFFFFFFFFFF36
:103E9C00FFFFFFFFFFFFFFFFFFFFFFFFFFFFFFFF26
:103EAC00FFFFFFFFFFFFFFFFFFFFFFFFFFFFFFFF16
:103EBC00FFFFFFFFFFFFFFFFFFFFFFFFFFFFFFFF06
:103ECC00FFFFFFFFFFFFFFFFFFFFFFFFFFFFFFFFF6
:103EDC00FFFFFFFFFFFFFFFFFFFFFFFFFFFFFFFFE6
:103EEC00FFFFFFFFFFFFFFFFFFFFFFFFFFFFFFFFD6
:103EFC00FFFFFFFFFFFFFFFFFFFFFFFFFFFFFFFFC6
:103F0C00FFFFFFFFFFFFFFFFFFFFFFFFFFFFFFFFB5
:103F1C00FFFFFFFFFFFFFFFFFFFFFFFFFFFFFFFFA5
:103F2C00FFFFFFFFFFFFFFFFFFFFFFFFFFFFFFFF95
:103F3C00FFFFFFFFFFFFFFFFFFFFFFFFFFFFFFFF85
:103F4C00FFFFFFFFFFFFFFFFFFFFFFFFFFFFFFFF75
:103F5C00FFFFFFFFFFFFFFFFFFFFFFFFFFFFFFFF65
:103F6C00FFFFFFFFFFFFFFFFFFFFFFFFFFFFFFFF55
:103F7C00FFFFFFFFFFFFFFFFFFFFFFFFFFFFFFFF45
:103F8C00FFFFFFFFFFFFFFFFFFFFFFFFFFFFFFFF35
:103F9C00FFFFFFFFFFFFFFFFFFFFFFFFFFFFFFFF25
:103FAC00FFFFFFFFFFFFFFFFFFFFFFFFFFFFFFFF15
:103FBC00FFFFFFFFFFFFFFFFFFFFFFFFFFFFFFFF05
:103FCC00FFFFFFFFFFFFFFFFFFFFFFFFFFFFFFFFF5
:103FDC00FFFFFFFFFFFFFFFFFFFFFFFFFFFFFFFFE5
:103FEC00FFFFFFFFFFFFFFFFFFFFFFFFFFFFFFFFD5
:103FFC00FFFFFFFF000000000000000000000000B9
:10400C0000000000000000000000000000000000A4
:10401C000000000000000000000000000000000094
:10402C000000000000000000000000000000000084
:10403C000000000000000000000000000000000074
:10404C000000000000000000000000000000000064
:10405C000000000000000000000000000000000054
:10406C000000000000000000000000000000000044
:10407C000000000000000000000000000000000034
:10408C000000000000000000000000000000000024
:10409C000000000000000000000000000000000014
:1040AC000000000000000000000000000000000004
:1040BC0000000000000000000000000000000000F4
:1040CC0000000000000000000000000000000000E4
:1040DC0000000000000000000000000000000000D4
:1040EC0000000000000000000000000000000000C4
:1040FC0000000000000000000000000000000000B4
:10410C0000000000000000000000000000000000A3
:10411C000000000000000000000000000000000093
:10412C000000000000000000000000000000000083
:10413C000000000000000000000000000000000073
:10414C000000000000000000000000000000000063
:10415C000000000000000000000000000000000053
:10416C000000000000000000000000000000000043
:10417C000000000000000000000000000000000033
:10418C000000000000000000000000000000000023
:10419C000000000000000000000000000000000013
:1041AC000000000000000000000000000000000003
:1041BC0000000000000000000000000000000000F3
:1041CC0000000000000000000000000000000000E3
:1041DC0000000000000000000000000000000000D3
:1041EC0000000000000000000000000000000000C3
:1041FC0000000000000000000000000000000000B3
:10420C0000000000000000000000000000000000A2
:10421C000000000000000000000000000000000092
:10422C000000000000000000000000000000000082
:10423C000000000000000000000000000000000072
:10424C000000000000000000000000000000000062
:10425C000000000000000000000000000000000052
:10426C000000000000000000000000000000000042
:10427C000000000000000000000000000000000032
:10428C000000000000000000000000000000000022
:10429C000000000000000000000000000000000012
:1042AC000000000000000000000000000000000002
:1042BC0000000000000000000000000000000000F2
:1042CC0000000000000000000000000000000000E2
:1042DC0000000000000000000000000000000000D2
:1042EC0000000000000000000000000000000000C2
:1042FC0000000000000000000000000000000000B2
:10430C0000000000000000000000000000000000A1
:10431C000000000000000000000000000000000091
:10432C000000000000000000000000000000000081
:10433C000000000000000000000000000000000071
:10434C000000000000000000000000000000000061
:10435C000000000000000000000000000000000051
:10436C000000000000000000000000000000000041
:10437C000000000000000000000000000000000031
:10438C000000000000000000000000000000000021
:10439C000000000000000000000000000000000011
:1043AC000000000000000000000000000000000001
:1043BC0000000000000000000000000000000000F1
:1043CC0000000000000000000000000000000000E1
:1043DC0000000000000000000000000000000000D1
:1043EC0000000000000000000000000000000000C1
:1043FC0000000000000000000000000000000000B1
:10440C0000000000000000000000000000000000A0
:10441C000000000000000000000000000000000090
:10442C000000000000000000000000000000000080
:10443C000000000000000000000000000000000070
:10444C000000000000000000000000000000000060
:10445C000000000000000000000000000000000050
:10446C000000000000000000000000000000000040
:10447C000000000000000000000000000000000030
:10448C000000000000000000000000000000000020
:10449C000000000000000000000000000000000010
:1044AC000000000000000000000000000000000000
:1044BC0000000000000000000000000000000000F0
:1044CC0000000000000000000000000000000000E0
:1044DC0000000000000000000000000000000000D0
:1044EC0000000000000000000000000000000000C0
:1044FC0000000000000000000000000000000000B0
:10450C00000000000000000000000000000000009F
:10451C00000000000000000000000000000000008F
:10452C00000000000000000000000000000000007F
:10453C00000000000000000000000000000000006F
:10454C00000000000000000000000000000000005F
:10455C00000000000000000000000000000000004F
:10456C00000000000000000000000000000000003F
:10457C00000000000000000000000000000000002F
:10458C00000000000000000000000000000000001F
:10459C00000000000000000000000000000000000F
:1045AC0000000000000000000000000000000000FF
:1045BC0000000000000000000000000000000000EF
:1045CC0000000000000000000000000000000000DF
:1045DC0000000000000000000000000000000000CF
:1045EC0000000000000000000000000000000000BF
:1045FC0000000000000000000000000000000000AF
:10460C00000000000000000000000000000000009E
:10461C00000000000000000000000000000000008E
:10462C00000000000000000000000000000000007E
:10463C00000000000000000000000000000000006E
:10464C00000000000000000000000000000000005E
:10465C00000000000000000000000000000000004E
:10466C00000000000000000000000000000000003E
:10467C00000000000000000000000000000000002E
:10468C00000000000000000000000000000000001E
:10469C00000000000000000000000000000000000E
:1046AC0000000000000000000000000000000000FE
:1046BC0000000000000000000000000000000000EE
:1046CC0000000000000000000000000000000000DE
:1046DC0000000000000000000000000000000000CE
:1046EC0000000000000000000000000000000000BE
:1046FC0000000000000000000000000000000000AE
:10470C00000000000000000000000000000000009D
:10471C00000000000000000000000000000000008D
:10472C00000000000000000000000000000000007D
:10473C00000000000000000000000000000000006D
:10474C00000000000000000000000000000000005D
:10475C00000000000000000000000000000000004D
:10476C00000000000000000000000000000000003D
:10477C00000000000000000000000000000000002D
:10478C00000000000000000000000000000000001D
:10479C00000000000000000000000000000000000D
:1047AC0000000000000000000000000000000000FD
:1047BC0000000000000000000000000000000000ED
:1047CC0000000000000000000000000000000000DD
:1047DC0000000000000000000000000000000000CD
:1047EC0000000000000000000000000000000000BD
:1047FC0000000000000000000000000000000000AD
:10480C00000000000000000000000000000000009C
:10481C00000000000000000000000000000000008C
:10482C00000000000000000000000000000000007C
:10483C00000000000000000000000000000000006C
:10484C00000000000000000000000000000000005C
:10485C00000000000000000000000000000000004C
:10486C00000000000000000000000000000000003C
:10487C00000000000000000000000000000000002C
:10488C00000000000000000000000000000000001C
:10489C00000000000000000000000000000000000C
:1048AC0000000000000000000000000000000000FC
:1048BC0000000000000000000000000000000000EC
:1048CC0000000000000000000000000000000000DC
:1048DC0000000000000000000000000000000000CC
:1048EC0000000000000000000000000000000000BC
:1048FC0000000000000000000000000000000000AC
:10490C00000000000000000000000000000000009B
:10491C00000000000000000000000000000000008B
:10492C00000000000000000000000000000000007B
:10493C00000000000000000000000000000000006B
:10494C00000000000000000000000000000000005B
:10495C00000000000000000000000000000000004B
:10496C00000000000000000000000000000000003B
:10497C00000000000000000000000000000000002B
:10498C00000000000000000000000000000000001B
:10499C00000000000000000000000000000000000B
:1049AC0000000000000000000000000000000000FB
:1049BC0000000000000000000000000000000000EB
:1049CC0000000000000000000000000000000000DB
:1049DC0000000000000000000000000000000000CB
:1049EC0000000000000000000000000000000000BB
:1049FC0000000000000000000000000000000000AB
:104A0C00000000000000000000000000000000009A
:104A1C00000000000000000000000000000000008A
:104A2C00000000000000000000000000000000007A
:104A3C00000000000000000000000000000000006A
:104A4C00000000000000000000000000000000005A
:104A5C00000000000000000000000000000000004A
:104A6C00000000000000000000000000000000003A
:104A7C00000000000000000000000000000000002A
:104A8C00000000000000000000000000000000001A
:104A9C00000000000000000000000000000000000A
:104AAC0000000000000000000000000000000000FA
:104ABC0000000000000000000000000000000000EA
:104ACC0000000000000000000000000000000000DA
:104ADC0000000000000000000000000000000000CA
:104AEC0000000000000000000000000000000000BA
:104AFC0000000000000000000000000000000000AA
:104B0C000000000000000000000000000000000099
:104B1C000000000000000000000000000000000089
:104B2C000000000000000000000000000000000079
:104B3C000000000000000000000000000000000069
:104B4C000000000000000000000000000000000059
:104B5C000000000000000000000000000000000049
:104B6C000000000000000000000000000000000039
:104B7C000000000000000000000000000000000029
:104B8C000000000000000000000000000000000019
:104B9C000000000000000000000000000000000009
:104BAC0000000000000000000000000000000000F9
:104BBC0000000000000000000000000000000000E9
:104BCC0000000000000000000000000000000000D9
:104BDC0000000000000000000000000000000000C9
:104BEC0000000000000000000000000000000000B9
:044BFC0000000000B5
:040000056000100087
:00000001FF
